Date,Time,Abs Pres (psi) c:1 2,Temp (°F) c:2,Coupler Detached,Coupler Attached,Host Connected,End Of File
03/29/16,14:30:00,14.5962,93.682,Logged,,,
03/29/16,14:45:00,14.5944,89.384,,,,
03/29/16,15:00:00,14.5864,89.200,,,,
03/29/16,15:15:00,14.6066,84.834,,,,
03/29/16,15:30:00,14.6111,83.935,,,,
03/29/16,15:45:00,14.6088,83.221,,,,
03/29/16,16:00:00,14.6089,82.508,,,,
03/29/16,16:15:00,14.6102,82.152,,,,
03/29/16,16:30:00,14.6115,81.797,,,,
03/29/16,16:45:00,14.6140,81.797,,,,
03/29/16,17:00:00,14.6159,81.621,,,,
03/29/16,17:15:00,14.6153,81.442,,,,
03/29/16,17:30:00,14.6197,81.266,,,,
03/29/16,17:45:00,14.6191,81.090,,,,
03/29/16,18:00:00,14.6210,80.911,,,,
03/29/16,18:15:00,14.6258,80.911,,,,
03/29/16,18:30:00,14.6252,80.735,,,,
03/29/16,18:45:00,14.6228,80.735,,,,
03/29/16,19:00:00,14.6246,80.559,,,,
03/29/16,19:15:00,14.6271,80.559,,,,
03/29/16,19:30:00,14.6295,80.559,,,,
03/29/16,19:45:00,14.6363,80.382,,,,
03/29/16,20:00:00,14.6388,80.382,,,,
03/29/16,20:15:00,14.6388,80.382,,,,
03/29/16,20:30:00,14.6411,80.382,,,,
03/29/16,20:45:00,14.6436,80.382,,,,
03/29/16,21:00:00,14.6455,80.206,,,,
03/29/16,21:15:00,14.6479,80.206,,,,
03/29/16,21:30:00,14.6797,80.206,,,,
03/29/16,21:45:00,14.7139,80.206,,,,
03/29/16,22:00:00,14.6968,80.206,,,,
03/29/16,22:15:00,14.7060,80.029,,,,
03/29/16,22:30:00,14.7049,79.678,,,,
03/29/16,22:45:00,14.8069,79.502,,,,
03/29/16,23:00:00,14.7862,79.151,,,,
03/29/16,23:15:00,14.7734,78.975,,,,
03/29/16,23:30:00,14.7728,78.800,,,,
03/29/16,23:45:00,14.8462,78.800,,,,
03/30/16,00:00:00,14.9915,78.449,,,,
03/30/16,00:15:00,14.9470,78.274,,,,
03/30/16,00:30:00,14.9221,78.098,,,,
03/30/16,00:45:00,14.9049,78.098,,,,
03/30/16,01:00:00,14.8806,78.098,,,,
03/30/16,01:15:00,14.8561,78.098,,,,
03/30/16,01:30:00,14.8390,78.098,,,,
03/30/16,01:45:00,14.8274,78.274,,,,
03/30/16,02:00:00,14.8201,78.274,,,,
03/30/16,02:15:00,14.8152,78.274,,,,
03/30/16,02:30:00,14.8030,78.274,,,,
03/30/16,02:45:00,14.7889,78.449,,,,
03/30/16,03:00:00,14.7865,78.449,,,,
03/30/16,03:15:00,14.7669,78.449,,,,
03/30/16,03:30:00,14.7693,78.449,,,,
03/30/16,03:45:00,14.7619,78.449,,,,
03/30/16,04:00:00,14.7619,78.449,,,,
03/30/16,04:15:00,14.7522,78.449,,,,
03/30/16,04:30:00,14.7791,78.449,,,,
03/30/16,04:45:00,14.7865,78.449,,,,
03/30/16,05:00:00,14.7912,78.449,,,,
03/30/16,05:15:00,14.7937,78.449,,,,
03/30/16,05:30:00,14.7912,78.449,,,,
03/30/16,05:45:00,14.7962,78.449,,,,
03/30/16,06:00:00,14.7918,78.624,,,,
03/30/16,06:15:00,14.7821,78.624,,,,
03/30/16,06:30:00,14.7846,78.624,,,,
03/30/16,06:45:00,14.7870,78.624,,,,
03/30/16,07:00:00,14.7796,78.624,,,,
03/30/16,07:15:00,14.7747,78.624,,,,
03/30/16,07:30:00,14.7821,78.624,,,,
03/30/16,07:45:00,14.7724,78.624,,,,
03/30/16,08:00:00,14.7631,78.800,,,,
03/30/16,08:15:00,14.7680,78.800,,,,
03/30/16,08:30:00,14.7705,78.800,,,,
03/30/16,08:45:00,14.7588,78.975,,,,
03/30/16,09:00:00,14.7515,78.975,,,,
03/30/16,09:15:00,14.7471,79.151,,,,
03/30/16,09:30:00,14.7453,79.326,,,,
03/30/16,09:45:00,14.7477,79.326,,,,
03/30/16,10:00:00,14.7483,79.502,,,,
03/30/16,10:15:00,14.7483,79.502,,,,
03/30/16,10:30:00,14.7434,79.502,,,,
03/30/16,10:45:00,14.7434,79.502,,,,
03/30/16,11:00:00,14.7384,79.502,,,,
03/30/16,11:15:00,14.7342,79.678,,,,
03/30/16,11:30:00,14.7293,79.678,,,,
03/30/16,11:45:00,14.7219,79.678,,,,
03/30/16,12:00:00,14.7171,79.678,,,,
03/30/16,12:15:00,14.7171,79.678,,,,
03/30/16,12:30:00,14.7073,79.678,,,,
03/30/16,12:45:00,14.6975,79.678,,,,
03/30/16,13:00:00,14.6944,80.206,,,,
03/30/16,13:15:00,14.6839,80.735,,,,
03/30/16,13:30:00,14.6826,81.090,,,,
03/30/16,13:45:00,14.6746,80.911,,,,
03/30/16,14:00:00,14.6735,80.559,,,,
03/30/16,14:15:00,14.6700,80.206,,,,
03/30/16,14:30:00,14.6694,80.029,,,,
03/30/16,14:45:00,14.6645,80.029,,,,
03/30/16,15:00:00,14.6719,80.029,,,,
03/30/16,15:15:00,14.6742,80.029,,,,
03/30/16,15:30:00,14.6688,79.853,,,,
03/30/16,15:45:00,14.6614,79.853,,,,
03/30/16,16:00:00,14.6608,79.678,,,,
03/30/16,16:15:00,14.6633,79.678,,,,
03/30/16,16:30:00,14.6633,79.678,,,,
03/30/16,16:45:00,14.6633,79.678,,,,
03/30/16,17:00:00,14.6658,79.678,,,,
03/30/16,17:15:00,14.6682,79.678,,,,
03/30/16,17:30:00,14.6682,79.678,,,,
03/30/16,17:45:00,14.6633,79.678,,,,
03/30/16,18:00:00,14.6658,79.678,,,,
03/30/16,18:15:00,14.6652,79.502,,,,
03/30/16,18:30:00,14.6701,79.502,,,,
03/30/16,18:45:00,14.6677,79.502,,,,
03/30/16,19:00:00,14.6677,79.502,,,,
03/30/16,19:15:00,14.6598,79.326,,,,
03/30/16,19:30:00,14.6623,79.326,,,,
03/30/16,19:45:00,14.6696,79.326,,,,
03/30/16,20:00:00,14.6696,79.326,,,,
03/30/16,20:15:00,14.6745,79.326,,,,
03/30/16,20:30:00,14.6769,79.326,,,,
03/30/16,20:45:00,14.6769,79.326,,,,
03/30/16,21:00:00,14.6836,79.151,,,,
03/30/16,21:15:00,14.6836,79.151,,,,
03/30/16,21:30:00,14.6861,79.151,,,,
03/30/16,21:45:00,14.6861,79.151,,,,
03/30/16,22:00:00,14.6886,79.151,,,,
03/30/16,22:15:00,14.6935,79.151,,,,
03/30/16,22:30:00,14.6886,79.151,,,,
03/30/16,22:45:00,14.6861,79.151,,,,
03/30/16,23:00:00,14.6855,78.975,,,,
03/30/16,23:15:00,14.6830,78.975,,,,
03/30/16,23:30:00,14.6758,78.975,,,,
03/30/16,23:45:00,14.6758,78.975,,,,
03/31/16,00:00:00,14.6758,78.975,,,,
03/31/16,00:15:00,14.6709,78.975,,,,
03/31/16,00:30:00,14.6709,78.975,,,,
03/31/16,00:45:00,14.6709,78.975,,,,
03/31/16,01:00:00,14.6611,78.975,,,,
03/31/16,01:15:00,14.6611,78.975,,,,
03/31/16,01:30:00,14.6562,78.975,,,,
03/31/16,01:45:00,14.6490,78.975,,,,
03/31/16,02:00:00,14.6490,78.975,,,,
03/31/16,02:15:00,14.6440,78.975,,,,
03/31/16,02:30:00,14.6416,78.975,,,,
03/31/16,02:45:00,14.6391,78.975,,,,
03/31/16,03:00:00,14.6391,78.975,,,,
03/31/16,03:15:00,14.6366,78.975,,,,
03/31/16,03:30:00,14.6391,78.975,,,,
03/31/16,03:45:00,14.6391,78.975,,,,
03/31/16,04:00:00,14.6366,78.975,,,,
03/31/16,04:15:00,14.6385,78.800,,,,
03/31/16,04:30:00,14.6385,78.800,,,,
03/31/16,04:45:00,14.6385,78.800,,,,
03/31/16,05:00:00,14.6362,78.800,,,,
03/31/16,05:15:00,14.6484,78.800,,,,
03/31/16,05:30:00,14.6410,78.800,,,,
03/31/16,05:45:00,14.6508,78.800,,,,
03/31/16,06:00:00,14.6508,78.800,,,,
03/31/16,06:15:00,14.6532,78.800,,,,
03/31/16,06:30:00,14.6556,78.800,,,,
03/31/16,06:45:00,14.6606,78.800,,,,
03/31/16,07:00:00,14.6630,78.800,,,,
03/31/16,07:15:00,14.6606,78.800,,,,
03/31/16,07:30:00,14.6636,78.975,,,,
03/31/16,07:45:00,14.6640,79.151,,,,
03/31/16,08:00:00,14.6646,79.326,,,,
03/31/16,08:15:00,14.6671,79.326,,,,
03/31/16,08:30:00,14.6726,79.502,,,,
03/31/16,08:45:00,14.6732,79.678,,,,
03/31/16,09:00:00,14.6707,79.678,,,,
03/31/16,09:15:00,14.6742,80.029,,,,
03/31/16,09:30:00,14.6723,80.206,,,,
03/31/16,09:45:00,14.6681,80.382,,,,
03/31/16,10:00:00,14.6687,80.559,,,,
03/31/16,10:15:00,14.6697,80.911,,,,
03/31/16,10:30:00,14.6649,80.911,,,,
03/31/16,10:45:00,14.6649,80.911,,,,
03/31/16,11:00:00,14.6606,81.090,,,,
03/31/16,11:15:00,14.6587,81.266,,,,
03/31/16,11:30:00,14.6568,81.442,,,,
03/31/16,11:45:00,14.6574,81.621,,,,
03/31/16,12:00:00,14.6530,81.797,,,,
03/31/16,12:15:00,14.6488,81.975,,,,
03/31/16,12:30:00,14.6432,82.508,,,,
03/31/16,12:45:00,14.6418,82.864,,,,
03/31/16,13:00:00,14.6418,82.864,,,,
03/31/16,13:15:00,14.6401,82.330,,,,
03/31/16,13:30:00,14.6395,82.152,,,,
03/31/16,13:45:00,14.6433,81.797,,,,
03/31/16,14:00:00,14.6421,81.442,,,,
03/31/16,14:15:00,14.6372,81.442,,,,
03/31/16,14:30:00,14.6349,81.442,,,,
03/31/16,14:45:00,14.6324,81.442,,,,
03/31/16,15:00:00,14.6294,81.266,,,,
03/31/16,15:15:00,14.6263,81.090,,,,
03/31/16,15:30:00,14.6282,80.911,,,,
03/31/16,15:45:00,14.6307,80.911,,,,
03/31/16,16:00:00,14.6258,80.911,,,,
03/31/16,16:15:00,14.6239,81.090,,,,
03/31/16,16:30:00,14.6288,81.090,,,,
03/31/16,16:45:00,14.6300,81.442,,,,
03/31/16,17:00:00,14.6300,81.442,,,,
03/31/16,17:15:00,14.6244,81.266,,,,
03/31/16,17:30:00,14.6288,81.090,,,,
03/31/16,17:45:00,14.6331,80.911,,,,
03/31/16,18:00:00,14.6375,80.735,,,,
03/31/16,18:15:00,14.6417,80.559,,,,
03/31/16,18:30:00,14.6411,80.382,,,,
03/31/16,18:45:00,14.6430,80.206,,,,
03/31/16,19:00:00,14.6430,80.206,,,,
03/31/16,19:15:00,14.6449,80.029,,,,
03/31/16,19:30:00,14.6498,80.029,,,,
03/31/16,19:45:00,14.6517,79.853,,,,
03/31/16,20:00:00,14.6468,79.853,,,,
03/31/16,20:15:00,14.6439,79.678,,,,
03/31/16,20:30:00,14.6462,79.678,,,,
03/31/16,20:45:00,14.6536,79.678,,,,
03/31/16,21:00:00,14.6633,79.678,,,,
03/31/16,21:15:00,14.6627,79.502,,,,
03/31/16,21:30:00,14.6652,79.502,,,,
03/31/16,21:45:00,14.6652,79.502,,,,
03/31/16,22:00:00,14.6652,79.502,,,,
03/31/16,22:15:00,14.6627,79.502,,,,
03/31/16,22:30:00,14.6627,79.502,,,,
03/31/16,22:45:00,14.6652,79.502,,,,
03/31/16,23:00:00,14.6677,79.502,,,,
03/31/16,23:15:00,14.6671,79.326,,,,
03/31/16,23:30:00,14.6598,79.326,,,,
03/31/16,23:45:00,14.6574,79.326,,,,
04/01/16,00:00:00,14.6549,79.326,,,,
04/01/16,00:15:00,14.6524,79.326,,,,
04/01/16,00:30:00,14.6524,79.326,,,,
04/01/16,00:45:00,14.6524,79.326,,,,
04/01/16,01:00:00,14.6475,79.326,,,,
04/01/16,01:15:00,14.6475,79.326,,,,
04/01/16,01:30:00,14.6427,79.326,,,,
04/01/16,01:45:00,14.6403,79.326,,,,
04/01/16,02:00:00,14.6378,79.326,,,,
04/01/16,02:15:00,14.6378,79.326,,,,
04/01/16,02:30:00,14.6353,79.326,,,,
04/01/16,02:45:00,14.6329,79.326,,,,
04/01/16,03:00:00,14.6353,79.326,,,,
04/01/16,03:15:00,14.6378,79.326,,,,
04/01/16,03:30:00,14.6353,79.326,,,,
04/01/16,03:45:00,14.6353,79.326,,,,
04/01/16,04:00:00,14.6305,79.326,,,,
04/01/16,04:15:00,14.6305,79.326,,,,
04/01/16,04:30:00,14.6347,79.151,,,,
04/01/16,04:45:00,14.6324,79.151,,,,
04/01/16,05:00:00,14.6324,79.151,,,,
04/01/16,05:15:00,14.6324,79.151,,,,
04/01/16,05:30:00,14.6372,79.151,,,,
04/01/16,05:45:00,14.6421,79.151,,,,
04/01/16,06:00:00,14.6471,79.151,,,,
04/01/16,06:15:00,14.6524,79.326,,,,
04/01/16,06:30:00,14.6598,79.326,,,,
04/01/16,06:45:00,14.6574,79.326,,,,
04/01/16,07:00:00,14.6646,79.326,,,,
04/01/16,07:15:00,14.6793,79.326,,,,
04/01/16,07:30:00,14.6939,79.326,,,,
04/01/16,07:45:00,14.6867,79.326,,,,
04/01/16,08:00:00,14.6916,79.326,,,,
04/01/16,08:15:00,14.6939,79.326,,,,
04/01/16,08:30:00,14.6867,79.326,,,,
04/01/16,08:45:00,14.6945,79.502,,,,
04/01/16,09:00:00,14.6884,79.853,,,,
04/01/16,09:15:00,14.6894,80.206,,,,
04/01/16,09:30:00,14.6881,80.559,,,,
04/01/16,09:45:00,14.6862,80.735,,,,
04/01/16,10:00:00,14.6862,80.735,,,,
04/01/16,10:15:00,14.6912,80.735,,,,
04/01/16,10:30:00,14.6881,80.559,,,,
04/01/16,10:45:00,14.6839,80.735,,,,
04/01/16,11:00:00,14.6813,81.442,,,,
04/01/16,11:15:00,14.6804,81.975,,,,
04/01/16,11:30:00,14.6781,81.975,,,,
04/01/16,11:45:00,14.6726,81.797,,,,
04/01/16,12:00:00,14.6781,81.975,,,,
04/01/16,12:15:00,14.6694,82.330,,,,
04/01/16,12:30:00,14.6688,82.152,,,,
04/01/16,12:45:00,14.6635,81.975,,,,
04/01/16,13:00:00,14.6627,82.508,,,,
04/01/16,13:15:00,14.6614,82.864,,,,
04/01/16,13:30:00,14.6565,82.864,,,,
04/01/16,13:45:00,14.6584,82.686,,,,
04/01/16,14:00:00,14.6559,82.686,,,,
04/01/16,14:15:00,14.6540,82.864,,,,
04/01/16,14:30:00,14.6527,83.221,,,,
04/01/16,14:45:00,14.6503,83.221,,,,
04/01/16,15:00:00,14.6461,83.399,,,,
04/01/16,15:15:00,14.6436,83.399,,,,
04/01/16,15:30:00,14.6418,82.864,,,,
04/01/16,15:45:00,14.6388,82.686,,,,
04/01/16,16:00:00,14.6413,82.686,,,,
04/01/16,16:15:00,14.6376,82.330,,,,
04/01/16,16:30:00,14.6389,81.975,,,,
04/01/16,16:45:00,14.6477,81.621,,,,
04/01/16,17:00:00,14.6536,81.975,,,,
04/01/16,17:15:00,14.6519,81.442,,,,
04/01/16,17:30:00,14.6513,81.266,,,,
04/01/16,17:45:00,14.6532,81.090,,,,
04/01/16,18:00:00,14.6478,80.911,,,,
04/01/16,18:15:00,14.6497,80.735,,,,
04/01/16,18:30:00,14.6516,80.559,,,,
04/01/16,18:45:00,14.6564,80.559,,,,
04/01/16,19:00:00,14.6558,80.382,,,,
04/01/16,19:15:00,14.6558,80.382,,,,
04/01/16,19:30:00,14.6632,80.382,,,,
04/01/16,19:45:00,14.6700,80.206,,,,
04/01/16,20:00:00,14.6852,80.382,,,,
04/01/16,20:15:00,14.6930,80.559,,,,
04/01/16,20:30:00,14.6955,80.559,,,,
04/01/16,20:45:00,14.7364,80.382,,,,
04/01/16,21:00:00,14.7413,80.382,,,,
04/01/16,21:15:00,14.7482,80.206,,,,
04/01/16,21:30:00,14.7664,79.853,,,,
04/01/16,21:45:00,14.8178,79.853,,,,
04/01/16,22:00:00,14.8606,79.502,,,,
04/01/16,22:15:00,14.8185,79.326,,,,
04/01/16,22:30:00,14.8039,79.326,,,,
04/01/16,22:45:00,14.8503,79.326,,,,
04/01/16,23:00:00,14.9767,79.151,,,,
04/01/16,23:15:00,15.0079,78.975,,,,
04/01/16,23:30:00,15.0098,78.800,,,,
04/01/16,23:45:00,15.0899,78.624,,,,
04/02/16,00:00:00,15.0703,78.624,,,,
04/02/16,00:15:00,15.1631,78.624,,,,
04/02/16,00:30:00,15.2823,78.449,,,,
04/02/16,00:45:00,15.6385,78.274,,,,
04/02/16,01:00:00,15.9993,77.923,,,,
04/02/16,01:15:00,15.9302,77.749,,,,
04/02/16,01:30:00,15.7125,77.749,,,,
04/02/16,01:45:00,15.6081,77.923,,,,
04/02/16,02:00:00,15.4565,77.923,,,,
04/02/16,02:15:00,15.3856,77.923,,,,
04/02/16,02:30:00,15.3344,77.923,,,,
04/02/16,02:45:00,15.2538,77.923,,,,
04/02/16,03:00:00,15.2121,77.923,,,,
04/02/16,03:15:00,15.1731,77.923,,,,
04/02/16,03:30:00,15.1292,77.923,,,,
04/02/16,03:45:00,15.0997,77.923,,,,
04/02/16,04:00:00,15.0826,77.923,,,,
04/02/16,04:15:00,15.0533,77.923,,,,
04/02/16,04:30:00,15.0216,77.923,,,,
04/02/16,04:45:00,15.0075,78.098,,,,
04/02/16,05:00:00,14.9904,78.098,,,,
04/02/16,05:15:00,14.9709,78.098,,,,
04/02/16,05:30:00,14.9617,78.274,,,,
04/02/16,05:45:00,14.9422,78.274,,,,
04/02/16,06:00:00,14.9348,78.274,,,,
04/02/16,06:15:00,14.9354,78.449,,,,
04/02/16,06:30:00,14.9134,78.449,,,,
04/02/16,06:45:00,14.9036,78.449,,,,
04/02/16,07:00:00,14.9012,78.449,,,,
04/02/16,07:15:00,14.9061,78.449,,,,
04/02/16,07:30:00,14.9012,78.449,,,,
04/02/16,07:45:00,14.8962,78.449,,,,
04/02/16,08:00:00,14.8920,78.624,,,,
04/02/16,08:15:00,14.8822,78.624,,,,
04/02/16,08:30:00,14.8846,78.624,,,,
04/02/16,08:45:00,14.8803,78.800,,,,
04/02/16,09:00:00,14.8784,78.975,,,,
04/02/16,09:15:00,14.8767,79.151,,,,
04/02/16,09:30:00,14.8668,79.151,,,,
04/02/16,09:45:00,14.8577,79.326,,,,
04/02/16,10:00:00,14.8484,79.502,,,,
04/02/16,10:15:00,14.8539,79.678,,,,
04/02/16,10:30:00,14.8477,80.029,,,,
04/02/16,10:45:00,14.8452,80.029,,,,
04/02/16,11:00:00,14.8385,80.206,,,,
04/02/16,11:15:00,14.8287,80.206,,,,
04/02/16,11:30:00,14.8245,80.382,,,,
04/02/16,11:45:00,14.8152,80.559,,,,
04/02/16,12:00:00,14.8073,80.382,,,,
04/02/16,12:15:00,14.8011,80.735,,,,
04/02/16,12:30:00,14.7962,80.735,,,,
04/02/16,12:45:00,14.7876,81.090,,,,
04/02/16,13:00:00,14.7833,81.266,,,,
04/02/16,13:15:00,14.7814,81.442,,,,
04/02/16,13:30:00,14.7783,81.266,,,,
04/02/16,13:45:00,14.7730,81.090,,,,
04/02/16,14:00:00,14.7675,80.911,,,,
04/02/16,14:15:00,14.7602,80.911,,,,
04/02/16,14:30:00,14.7553,80.911,,,,
04/02/16,14:45:00,14.7498,80.735,,,,
04/02/16,15:00:00,14.7450,80.735,,,,
04/02/16,15:15:00,14.7444,80.559,,,,
04/02/16,15:30:00,14.7413,80.382,,,,
04/02/16,15:45:00,14.7364,80.382,,,,
04/02/16,16:00:00,14.7339,80.382,,,,
04/02/16,16:15:00,14.7358,80.206,,,,
04/02/16,16:30:00,14.7286,80.206,,,,
04/02/16,16:45:00,14.7286,80.206,,,,
04/02/16,17:00:00,14.7286,80.206,,,,
04/02/16,17:15:00,14.7329,80.029,,,,
04/02/16,17:30:00,14.7329,80.029,,,,
04/02/16,17:45:00,14.7324,79.853,,,,
04/02/16,18:00:00,14.7299,79.853,,,,
04/02/16,18:15:00,14.7324,79.853,,,,
04/02/16,18:30:00,14.7293,79.678,,,,
04/02/16,18:45:00,14.7342,79.678,,,,
04/02/16,19:00:00,14.7415,79.678,,,,
04/02/16,19:15:00,14.7440,79.678,,,,
04/02/16,19:30:00,14.7415,79.678,,,,
04/02/16,19:45:00,14.7384,79.502,,,,
04/02/16,20:00:00,14.7409,79.502,,,,
04/02/16,20:15:00,14.7409,79.502,,,,
04/02/16,20:30:00,14.7434,79.502,,,,
04/02/16,20:45:00,14.7483,79.502,,,,
04/02/16,21:00:00,14.7458,79.502,,,,
04/02/16,21:15:00,14.7453,79.326,,,,
04/02/16,21:30:00,14.7428,79.326,,,,
04/02/16,21:45:00,14.7453,79.326,,,,
04/02/16,22:00:00,14.7428,79.326,,,,
04/02/16,22:15:00,14.7403,79.326,,,,
04/02/16,22:30:00,14.7428,79.326,,,,
04/02/16,22:45:00,14.7428,79.326,,,,
04/02/16,23:00:00,14.7380,79.326,,,,
04/02/16,23:15:00,14.7403,79.326,,,,
04/02/16,23:30:00,14.7355,79.326,,,,
04/02/16,23:45:00,14.7306,79.326,,,,
04/03/16,00:00:00,14.7276,79.151,,,,
04/03/16,00:15:00,14.7276,79.151,,,,
04/03/16,00:30:00,14.7276,79.151,,,,
04/03/16,00:45:00,14.7203,79.151,,,,
04/03/16,01:00:00,14.7178,79.151,,,,
04/03/16,01:15:00,14.7154,79.151,,,,
04/03/16,01:30:00,14.7129,79.151,,,,
04/03/16,01:45:00,14.7081,79.151,,,,
04/03/16,02:00:00,14.7057,79.151,,,,
04/03/16,02:15:00,14.7007,79.151,,,,
04/03/16,02:30:00,14.6983,79.151,,,,
04/03/16,02:45:00,14.7002,78.975,,,,
04/03/16,03:00:00,14.6952,78.975,,,,
04/03/16,03:15:00,14.6952,78.975,,,,
04/03/16,03:30:00,14.6929,78.975,,,,
04/03/16,03:45:00,14.6904,78.975,,,,
04/03/16,04:00:00,14.6952,78.975,,,,
04/03/16,04:15:00,14.6855,78.975,,,,
04/03/16,04:30:00,14.6929,78.975,,,,
04/03/16,04:45:00,14.6929,78.975,,,,
04/03/16,05:00:00,14.6880,78.975,,,,
04/03/16,05:15:00,14.6801,78.800,,,,
04/03/16,05:30:00,14.6855,78.975,,,,
04/03/16,05:45:00,14.6874,78.800,,,,
04/03/16,06:00:00,14.6923,78.800,,,,
04/03/16,06:15:00,14.6923,78.800,,,,
04/03/16,06:30:00,14.6899,78.800,,,,
04/03/16,06:45:00,14.6948,78.800,,,,
04/03/16,07:00:00,14.6971,78.800,,,,
04/03/16,07:15:00,14.6948,78.800,,,,
04/03/16,07:30:00,14.6977,78.975,,,,
04/03/16,07:45:00,14.6977,78.975,,,,
04/03/16,08:00:00,14.6983,79.151,,,,
04/03/16,08:15:00,14.6958,79.151,,,,
04/03/16,08:30:00,14.6983,79.151,,,,
04/03/16,08:45:00,14.7013,79.326,,,,
04/03/16,09:00:00,14.7019,79.502,,,,
04/03/16,09:15:00,14.7000,79.678,,,,
04/03/16,09:30:00,14.6957,79.853,,,,
04/03/16,09:45:00,14.6932,79.853,,,,
04/03/16,10:00:00,14.6913,80.029,,,,
04/03/16,10:15:00,14.6875,80.382,,,,
04/03/16,10:30:00,14.6906,80.559,,,,
04/03/16,10:45:00,14.6899,81.090,,,,
04/03/16,11:00:00,14.6867,81.621,,,,
04/03/16,11:15:00,14.6804,81.975,,,,
04/03/16,11:30:00,14.6749,82.508,,,,
04/03/16,11:45:00,14.6736,82.864,,,,
04/03/16,12:00:00,14.6674,83.221,,,,
04/03/16,12:15:00,14.6661,83.579,,,,
04/03/16,12:30:00,14.6624,83.935,,,,
04/03/16,12:45:00,14.6606,84.115,,,,
04/03/16,13:00:00,14.6537,84.295,,,,
04/03/16,13:15:00,14.6494,84.474,,,,
04/03/16,13:30:00,14.6446,84.474,,,,
04/03/16,13:45:00,14.6403,84.654,,,,
04/03/16,14:00:00,14.6281,84.654,,,,
04/03/16,14:15:00,14.6281,84.654,,,,
04/03/16,14:30:00,14.6305,84.654,,,,
04/03/16,14:45:00,14.6250,84.474,,,,
04/03/16,15:00:00,14.6244,84.295,,,,
04/03/16,15:15:00,14.6227,83.757,,,,
04/03/16,15:30:00,14.6197,83.579,,,,
04/03/16,15:45:00,14.6198,82.864,,,,
04/03/16,16:00:00,14.6181,82.330,,,,
04/03/16,16:15:00,14.6199,82.152,,,,
04/03/16,16:30:00,14.6213,81.797,,,,
04/03/16,16:45:00,14.6226,81.442,,,,
04/03/16,17:00:00,14.6269,81.266,,,,
04/03/16,17:15:00,14.6220,81.266,,,,
04/03/16,17:30:00,14.6269,81.266,,,,
04/03/16,17:45:00,14.6282,80.911,,,,
04/03/16,18:00:00,14.6301,80.735,,,,
04/03/16,18:15:00,14.6345,80.559,,,,
04/03/16,18:30:00,14.6345,80.559,,,,
04/03/16,18:45:00,14.6339,80.382,,,,
04/03/16,19:00:00,14.6411,80.382,,,,
04/03/16,19:15:00,14.6479,80.206,,,,
04/03/16,19:30:00,14.6479,80.206,,,,
04/03/16,19:45:00,14.6529,80.206,,,,
04/03/16,20:00:00,14.6601,80.206,,,,
04/03/16,20:15:00,14.6645,80.029,,,,
04/03/16,20:30:00,14.6719,80.029,,,,
04/03/16,20:45:00,14.6669,80.029,,,,
04/03/16,21:00:00,14.6713,79.853,,,,
04/03/16,21:15:00,14.6688,79.853,,,,
04/03/16,21:30:00,14.6755,79.678,,,,
04/03/16,21:45:00,14.6755,79.678,,,,
04/03/16,22:00:00,14.6755,79.678,,,,
04/03/16,22:15:00,14.6804,79.678,,,,
04/03/16,22:30:00,14.6707,79.678,,,,
04/03/16,22:45:00,14.6726,79.502,,,,
04/03/16,23:00:00,14.6701,79.502,,,,
04/03/16,23:15:00,14.6726,79.502,,,,
04/03/16,23:30:00,14.6627,79.502,,,,
04/03/16,23:45:00,14.6677,79.502,,,,
04/04/16,00:00:00,14.6701,79.502,,,,
04/04/16,00:15:00,14.6793,79.326,,,,
04/04/16,00:30:00,14.6745,79.326,,,,
04/04/16,00:45:00,14.6696,79.326,,,,
04/04/16,01:00:00,14.6598,79.326,,,,
04/04/16,01:15:00,14.6593,79.151,,,,
04/04/16,01:30:00,14.6519,79.151,,,,
04/04/16,01:45:00,14.6465,78.975,,,,
04/04/16,02:00:00,14.6465,78.975,,,,
04/04/16,02:15:00,14.6391,78.975,,,,
04/04/16,02:30:00,14.6391,78.975,,,,
04/04/16,02:45:00,14.6318,78.975,,,,
04/04/16,03:00:00,14.6343,78.975,,,,
04/04/16,03:15:00,14.6366,78.975,,,,
04/04/16,03:30:00,14.6391,78.975,,,,
04/04/16,03:45:00,14.6391,78.975,,,,
04/04/16,04:00:00,14.6366,78.975,,,,
04/04/16,04:15:00,14.6416,78.975,,,,
04/04/16,04:30:00,14.6465,78.975,,,,
04/04/16,04:45:00,14.6416,78.975,,,,
04/04/16,05:00:00,14.6568,79.151,,,,
04/04/16,05:15:00,14.6788,79.151,,,,
04/04/16,05:30:00,14.6640,79.151,,,,
04/04/16,05:45:00,14.6611,78.975,,,,
04/04/16,06:00:00,14.6587,78.975,,,,
04/04/16,06:15:00,14.6581,78.800,,,,
04/04/16,06:30:00,14.6581,78.800,,,,
04/04/16,06:45:00,14.6630,78.800,,,,
04/04/16,07:00:00,14.6606,78.800,,,,
04/04/16,07:15:00,14.6556,78.800,,,,
04/04/16,07:30:00,14.6556,78.800,,,,
04/04/16,07:45:00,14.6587,78.975,,,,
04/04/16,08:00:00,14.6568,79.151,,,,
04/04/16,08:15:00,14.6671,79.326,,,,
04/04/16,08:30:00,14.6652,79.502,,,,
04/04/16,08:45:00,14.6707,79.678,,,,
04/04/16,09:00:00,14.6694,80.029,,,,
04/04/16,09:15:00,14.6719,80.029,,,,
04/04/16,09:30:00,14.6710,80.559,,,,
04/04/16,09:45:00,14.6710,80.559,,,,
04/04/16,10:00:00,14.6681,80.382,,,,
04/04/16,10:15:00,14.7670,80.029,,,,
04/04/16,10:30:00,14.8440,79.678,,,,
04/04/16,10:45:00,14.8142,79.502,,,,
04/04/16,11:00:00,14.7941,79.326,,,,
04/04/16,11:15:00,14.7648,79.326,,,,
04/04/16,11:30:00,14.7527,79.326,,,,
04/04/16,11:45:00,14.7434,79.502,,,,
04/04/16,12:00:00,14.7318,79.678,,,,
04/04/16,12:15:00,14.7274,79.853,,,,
04/04/16,12:30:00,14.7177,79.853,,,,
04/04/16,12:45:00,14.7134,80.029,,,,
04/04/16,13:00:00,14.7065,80.206,,,,
04/04/16,13:15:00,14.7009,80.735,,,,
04/04/16,13:30:00,14.6961,80.735,,,,
04/04/16,13:45:00,14.6849,81.090,,,,
04/04/16,14:00:00,14.6801,81.090,,,,
04/04/16,14:15:00,14.6727,81.090,,,,
04/04/16,14:30:00,14.6720,81.621,,,,
04/04/16,14:45:00,14.6707,81.975,,,,
04/04/16,15:00:00,14.6707,81.975,,,,
04/04/16,15:15:00,14.6682,81.975,,,,
04/04/16,15:30:00,14.6635,81.975,,,,
04/04/16,15:45:00,14.6604,81.797,,,,
04/04/16,16:00:00,14.6648,81.621,,,,
04/04/16,16:15:00,14.6617,81.442,,,,
04/04/16,16:30:00,14.6636,81.266,,,,
04/04/16,16:45:00,14.6606,81.090,,,,
04/04/16,17:00:00,14.6619,80.735,,,,
04/04/16,17:15:00,14.6619,80.735,,,,
04/04/16,17:30:00,14.6638,80.559,,,,
04/04/16,17:45:00,14.6626,80.206,,,,
04/04/16,18:00:00,14.6626,80.206,,,,
04/04/16,18:15:00,14.6669,80.029,,,,
04/04/16,18:30:00,14.6713,79.853,,,,
04/04/16,18:45:00,14.6688,79.853,,,,
04/04/16,19:00:00,14.6688,79.853,,,,
04/04/16,19:15:00,14.6738,79.853,,,,
04/04/16,19:30:00,14.6780,79.678,,,,
04/04/16,19:45:00,14.6829,79.678,,,,
04/04/16,20:00:00,14.6804,79.678,,,,
04/04/16,20:15:00,14.6804,79.678,,,,
04/04/16,20:30:00,14.6829,79.678,,,,
04/04/16,20:45:00,14.6829,79.678,,,,
04/04/16,21:00:00,14.6829,79.678,,,,
04/04/16,21:15:00,14.6829,79.678,,,,
04/04/16,21:30:00,14.6878,79.678,,,,
04/04/16,21:45:00,14.6854,79.678,,,,
04/04/16,22:00:00,14.6854,79.678,,,,
04/04/16,22:15:00,14.6878,79.678,,,,
04/04/16,22:30:00,14.6829,79.678,,,,
04/04/16,22:45:00,14.6823,79.502,,,,
04/04/16,23:00:00,14.6798,79.502,,,,
04/04/16,23:15:00,14.6798,79.502,,,,
04/04/16,23:30:00,14.6798,79.502,,,,
04/04/16,23:45:00,14.6774,79.502,,,,
04/05/16,00:00:00,14.6751,79.502,,,,
04/05/16,00:15:00,14.6751,79.502,,,,
04/05/16,00:30:00,14.6751,79.502,,,,
04/05/16,00:45:00,14.6726,79.502,,,,
04/05/16,01:00:00,14.6774,79.502,,,,
04/05/16,01:15:00,14.7287,79.502,,,,
04/05/16,01:30:00,14.6994,79.502,,,,
04/05/16,01:45:00,14.6897,79.502,,,,
04/05/16,02:00:00,14.6964,79.326,,,,
04/05/16,02:15:00,14.6867,79.326,,,,
04/05/16,02:30:00,14.6793,79.326,,,,
04/05/16,02:45:00,14.6769,79.326,,,,
04/05/16,03:00:00,14.6665,79.151,,,,
04/05/16,03:15:00,14.6640,79.151,,,,
04/05/16,03:30:00,14.6623,79.326,,,,
04/05/16,03:45:00,14.6543,79.151,,,,
04/05/16,04:00:00,14.6543,79.151,,,,
04/05/16,04:15:00,14.6519,79.151,,,,
04/05/16,04:30:00,14.6524,79.326,,,,
04/05/16,04:45:00,14.6524,79.326,,,,
04/05/16,05:00:00,14.6524,79.326,,,,
04/05/16,05:15:00,14.6549,79.326,,,,
04/05/16,05:30:00,14.6475,79.326,,,,
04/05/16,05:45:00,14.6549,79.326,,,,
04/05/16,06:00:00,14.6524,79.326,,,,
04/05/16,06:15:00,14.6524,79.326,,,,
04/05/16,06:30:00,14.6574,79.326,,,,
04/05/16,06:45:00,14.6598,79.326,,,,
04/05/16,07:00:00,14.6671,79.326,,,,
04/05/16,07:15:00,14.6671,79.326,,,,
04/05/16,07:30:00,14.6652,79.502,,,,
04/05/16,07:45:00,14.6677,79.502,,,,
04/05/16,08:00:00,14.6682,79.678,,,,
04/05/16,08:15:00,14.6664,79.853,,,,
04/05/16,08:30:00,14.6664,79.853,,,,
04/05/16,08:45:00,14.6645,80.029,,,,
04/05/16,09:00:00,14.6645,80.029,,,,
04/05/16,09:15:00,14.6645,80.029,,,,
04/05/16,09:30:00,14.6651,80.206,,,,
04/05/16,09:45:00,14.6643,80.735,,,,
04/05/16,10:00:00,14.6655,81.090,,,,
04/05/16,10:15:00,14.6665,81.442,,,,
04/05/16,10:30:00,14.6677,81.797,,,,
04/05/16,10:45:00,14.6664,82.152,,,,
04/05/16,11:00:00,14.6713,82.152,,,,
04/05/16,11:15:00,14.6700,82.508,,,,
04/05/16,11:30:00,14.6638,82.864,,,,
04/05/16,11:45:00,14.6601,83.221,,,,
04/05/16,12:00:00,14.6569,83.757,,,,
04/05/16,12:15:00,14.6556,84.115,,,,
04/05/16,12:30:00,14.6513,84.295,,,,
04/05/16,12:45:00,14.6524,84.654,,,,
04/05/16,13:00:00,14.6477,84.654,,,,
04/05/16,13:15:00,14.6433,84.834,,,,
04/05/16,13:30:00,14.6439,85.014,,,,
04/05/16,13:45:00,14.6395,85.194,,,,
04/05/16,14:00:00,14.6401,85.374,,,,
04/05/16,14:15:00,14.6401,85.374,,,,
04/05/16,14:30:00,14.6365,85.014,,,,
04/05/16,14:45:00,14.6311,84.834,,,,
04/05/16,15:00:00,14.6294,84.295,,,,
04/05/16,15:15:00,14.6282,83.935,,,,
04/05/16,15:30:00,14.6271,83.579,,,,
04/05/16,15:45:00,14.6308,83.221,,,,
04/05/16,16:00:00,14.6278,83.043,,,,
04/05/16,16:15:00,14.6291,82.686,,,,
04/05/16,16:30:00,14.6316,82.686,,,,
04/05/16,16:45:00,14.6302,83.043,,,,
04/05/16,17:00:00,14.6310,82.508,,,,
04/05/16,17:15:00,14.6346,82.152,,,,
04/05/16,17:30:00,14.6323,82.152,,,,
04/05/16,17:45:00,14.6365,81.975,,,,
04/05/16,18:00:00,14.6353,81.621,,,,
04/05/16,18:15:00,14.6372,81.442,,,,
04/05/16,18:30:00,14.6372,81.442,,,,
04/05/16,18:45:00,14.6318,81.266,,,,
04/05/16,19:00:00,14.6391,81.266,,,,
04/05/16,19:15:00,14.6385,81.090,,,,
04/05/16,19:30:00,14.6385,81.090,,,,
04/05/16,19:45:00,14.6478,80.911,,,,
04/05/16,20:00:00,14.6453,80.911,,,,
04/05/16,20:15:00,14.6521,80.735,,,,
04/05/16,20:30:00,14.6521,80.735,,,,
04/05/16,20:45:00,14.6594,80.735,,,,
04/05/16,21:00:00,14.6588,80.559,,,,
04/05/16,21:15:00,14.6833,80.559,,,,
04/05/16,21:30:00,14.6881,80.559,,,,
04/05/16,21:45:00,14.6906,80.559,,,,
04/05/16,22:00:00,14.7022,80.382,,,,
04/05/16,22:15:00,14.6993,80.206,,,,
04/05/16,22:30:00,14.7529,80.206,,,,
04/05/16,22:45:00,14.7451,80.029,,,,
04/05/16,23:00:00,14.7371,79.853,,,,
04/05/16,23:15:00,14.7299,79.853,,,,
04/05/16,23:30:00,14.7274,79.853,,,,
04/05/16,23:45:00,14.7225,79.853,,,,
04/06/16,00:00:00,14.7200,79.853,,,,
04/06/16,00:15:00,14.7225,79.853,,,,
04/06/16,00:30:00,14.7177,79.853,,,,
04/06/16,00:45:00,14.7152,79.853,,,,
04/06/16,01:00:00,14.7031,79.853,,,,
04/06/16,01:15:00,14.7006,79.853,,,,
04/06/16,01:30:00,14.7054,79.853,,,,
04/06/16,01:45:00,14.7134,80.029,,,,
04/06/16,02:00:00,14.7109,80.029,,,,
04/06/16,02:15:00,14.7031,79.853,,,,
04/06/16,02:30:00,14.6951,79.678,,,,
04/06/16,02:45:00,14.6945,79.502,,,,
04/06/16,03:00:00,14.6920,79.502,,,,
04/06/16,03:15:00,14.7038,79.326,,,,
04/06/16,03:30:00,14.7209,79.326,,,,
04/06/16,03:45:00,14.7380,79.326,,,,
04/06/16,04:00:00,14.7350,79.151,,,,
04/06/16,04:15:00,14.7325,79.151,,,,
04/06/16,04:30:00,14.7295,78.975,,,,
04/06/16,04:45:00,14.7295,78.975,,,,
04/06/16,05:00:00,14.7289,78.800,,,,
04/06/16,05:15:00,14.7313,78.800,,,,
04/06/16,05:30:00,14.7283,78.624,,,,
04/06/16,05:45:00,14.7308,78.624,,,,
04/06/16,06:00:00,14.7308,78.624,,,,
04/06/16,06:15:00,14.7260,78.624,,,,
04/06/16,06:30:00,14.7235,78.624,,,,
04/06/16,06:45:00,14.7260,78.624,,,,
04/06/16,07:00:00,14.7235,78.624,,,,
04/06/16,07:15:00,14.7260,78.624,,,,
04/06/16,07:30:00,14.7283,78.624,,,,
04/06/16,07:45:00,14.7332,78.624,,,,
04/06/16,08:00:00,14.7406,78.624,,,,
04/06/16,08:15:00,14.7412,78.800,,,,
04/06/16,08:30:00,14.7412,78.800,,,,
04/06/16,08:45:00,14.7416,78.975,,,,
04/06/16,09:00:00,14.7398,79.151,,,,
04/06/16,09:15:00,14.7380,79.326,,,,
04/06/16,09:30:00,14.7409,79.502,,,,
04/06/16,09:45:00,14.7384,79.502,,,,
04/06/16,10:00:00,14.7342,79.678,,,,
04/06/16,10:15:00,14.7318,79.678,,,,
04/06/16,10:30:00,14.7324,79.853,,,,
04/06/16,10:45:00,14.7286,80.206,,,,
04/06/16,11:00:00,14.7273,80.559,,,,
04/06/16,11:15:00,14.7241,81.090,,,,
04/06/16,11:30:00,14.7173,81.266,,,,
04/06/16,11:45:00,14.7167,81.090,,,,
04/06/16,12:00:00,14.7138,80.911,,,,
04/06/16,12:15:00,14.7089,80.911,,,,
04/06/16,12:30:00,14.7015,80.911,,,,
04/06/16,12:45:00,14.6996,81.090,,,,
04/06/16,13:00:00,14.6973,81.090,,,,
04/06/16,13:15:00,14.6923,81.090,,,,
04/06/16,13:30:00,14.6899,81.090,,,,
04/06/16,13:45:00,14.6923,81.090,,,,
04/06/16,14:00:00,14.6849,81.090,,,,
04/06/16,14:15:00,14.6849,81.090,,,,
04/06/16,14:30:00,14.6820,80.911,,,,
04/06/16,14:45:00,14.6820,80.911,,,,
04/06/16,15:00:00,14.6796,80.911,,,,
04/06/16,15:15:00,14.6771,80.911,,,,
04/06/16,15:30:00,14.6814,80.735,,,,
04/06/16,15:45:00,14.6740,80.735,,,,
04/06/16,16:00:00,14.6710,80.559,,,,
04/06/16,16:07:00,,,,Logged,,
04/06/16,16:07:01,,,,,Logged,
04/06/16,16:08:01,,,Logged,,,
04/06/16,16:15:00,14.6752,81.090,,,,
04/06/16,16:30:00,14.6759,80.559,,,,
04/06/16,16:45:00,14.6778,80.382,,,,
04/06/16,17:00:00,14.6803,80.382,,,,
04/06/16,17:15:00,14.6772,80.206,,,,
04/06/16,17:30:00,14.6748,80.206,,,,
04/06/16,17:45:00,14.6742,80.029,,,,
04/06/16,18:00:00,14.6742,80.029,,,,
04/06/16,18:15:00,14.6719,80.029,,,,
04/06/16,18:30:00,14.6719,80.029,,,,
04/06/16,18:45:00,14.6738,79.853,,,,
04/06/16,19:00:00,14.6738,79.853,,,,
04/06/16,19:15:00,14.6738,79.853,,,,
04/06/16,19:30:00,14.6738,79.853,,,,
04/06/16,19:45:00,14.6761,79.853,,,,
04/06/16,20:00:00,14.6713,79.853,,,,
04/06/16,20:15:00,14.6707,79.678,,,,
04/06/16,20:30:00,14.6732,79.678,,,,
04/06/16,20:45:00,14.6780,79.678,,,,
04/06/16,21:00:00,14.6854,79.678,,,,
04/06/16,21:15:00,14.6829,79.678,,,,
04/06/16,21:30:00,14.6804,79.678,,,,
04/06/16,21:45:00,14.6829,79.678,,,,
04/06/16,22:00:00,14.6829,79.678,,,,
04/06/16,22:15:00,14.6755,79.678,,,,
04/06/16,22:30:00,14.6780,79.678,,,,
04/06/16,22:45:00,14.6755,79.678,,,,
04/06/16,23:00:00,14.6732,79.678,,,,
04/06/16,23:15:00,14.6732,79.678,,,,
04/06/16,23:30:00,14.6732,79.678,,,,
04/06/16,23:45:00,14.6682,79.678,,,,
04/07/16,00:00:00,14.6658,79.678,,,,
04/07/16,00:15:00,14.6608,79.678,,,,
04/07/16,00:30:00,14.6536,79.678,,,,
04/07/16,00:45:00,14.6487,79.678,,,,
04/07/16,01:00:00,14.6462,79.678,,,,
04/07/16,01:15:00,14.6439,79.678,,,,
04/07/16,01:30:00,14.6439,79.678,,,,
04/07/16,01:45:00,14.6389,79.678,,,,
04/07/16,02:00:00,14.6365,79.678,,,,
04/07/16,02:15:00,14.6340,79.678,,,,
04/07/16,02:30:00,14.6340,79.678,,,,
04/07/16,02:45:00,14.6316,79.678,,,,
04/07/16,03:00:00,14.6311,79.502,,,,
04/07/16,03:15:00,14.6334,79.502,,,,
04/07/16,03:30:00,14.6287,79.502,,,,
04/07/16,03:45:00,14.6262,79.502,,,,
04/07/16,04:00:00,14.6311,79.502,,,,
04/07/16,04:15:00,14.6340,79.678,,,,
04/07/16,04:30:00,14.6316,79.678,,,,
04/07/16,04:45:00,14.6316,79.678,,,,
04/07/16,05:00:00,14.6340,79.678,,,,
04/07/16,05:15:00,14.6365,79.678,,,,
04/07/16,05:30:00,14.6365,79.678,,,,
04/07/16,05:45:00,14.6389,79.678,,,,
04/07/16,06:00:00,14.6414,79.678,,,,
04/07/16,06:15:00,14.6389,79.678,,,,
04/07/16,06:30:00,14.6414,79.678,,,,
04/07/16,06:45:00,14.6439,79.678,,,,
04/07/16,07:00:00,14.6414,79.678,,,,
04/07/16,07:15:00,14.6414,79.678,,,,
04/07/16,07:30:00,14.6443,79.853,,,,
04/07/16,07:45:00,14.6443,79.853,,,,
04/07/16,08:00:00,14.6474,80.029,,,,
04/07/16,08:15:00,14.6479,80.206,,,,
04/07/16,08:30:00,14.6436,80.382,,,,
04/07/16,08:45:00,14.6540,80.559,,,,
04/07/16,09:00:00,14.6545,80.735,,,,
04/07/16,09:15:00,14.6527,80.911,,,,
04/07/16,09:30:00,14.6581,81.090,,,,
04/07/16,09:45:00,14.6562,81.266,,,,
04/07/16,10:00:00,14.6524,81.621,,,,
04/07/16,10:15:00,14.6488,81.975,,,,
04/07/16,10:30:00,14.6450,82.330,,,,
04/07/16,10:45:00,14.6529,82.508,,,,
04/07/16,11:00:00,14.6529,82.508,,,,
04/07/16,11:15:00,14.6497,83.043,,,,
04/07/16,11:30:00,14.6484,83.399,,,,
04/07/16,11:45:00,14.6429,83.935,,,,
04/07/16,12:00:00,14.6436,83.399,,,,
04/07/16,12:15:00,14.6430,83.221,,,,
04/07/16,12:30:00,14.6337,83.399,,,,
04/07/16,12:45:00,14.6355,83.935,,,,
04/07/16,13:00:00,14.6288,84.115,,,,
04/07/16,13:15:00,14.6250,84.474,,,,
04/07/16,13:30:00,14.6262,84.834,,,,
04/07/16,13:45:00,14.6237,84.834,,,,
04/07/16,14:00:00,14.6218,85.014,,,,
04/07/16,14:15:00,14.6199,85.194,,,,
04/07/16,14:30:00,14.6165,84.834,,,,
04/07/16,14:45:00,14.6165,84.834,,,,
04/07/16,15:00:00,14.6110,84.654,,,,
04/07/16,15:15:00,14.6085,84.654,,,,
04/07/16,15:30:00,14.6079,84.474,,,,
04/07/16,15:45:00,14.5994,84.115,,,,
04/07/16,16:00:00,14.6037,83.935,,,,
04/07/16,16:15:00,14.6031,83.757,,,,
04/07/16,16:30:00,14.6014,83.221,,,,
04/07/16,16:45:00,14.6075,83.579,,,,
04/07/16,17:00:00,14.6057,83.043,,,,
04/07/16,17:15:00,14.6065,82.508,,,,
04/07/16,17:30:00,14.6108,82.330,,,,
04/07/16,17:45:00,14.6097,81.975,,,,
04/07/16,18:00:00,14.6140,81.797,,,,
04/07/16,18:15:00,14.6110,81.621,,,,
04/07/16,18:30:00,14.6153,81.442,,,,
04/07/16,18:45:00,14.6172,81.266,,,,
04/07/16,19:00:00,14.6191,81.090,,,,
04/07/16,19:15:00,14.6239,81.090,,,,
04/07/16,19:30:00,14.6258,80.911,,,,
04/07/16,19:45:00,14.6282,80.911,,,,
04/07/16,20:00:00,14.6276,80.735,,,,
04/07/16,20:15:00,14.6276,80.735,,,,
04/07/16,20:30:00,14.6375,80.735,,,,
04/07/16,20:45:00,14.6350,80.735,,,,
04/07/16,21:00:00,14.6369,80.559,,,,
04/07/16,21:15:00,14.6345,80.559,,,,
04/07/16,21:30:00,14.6388,80.382,,,,
04/07/16,21:45:00,14.6388,80.382,,,,
04/07/16,22:00:00,14.6358,80.206,,,,
04/07/16,22:15:00,14.6382,80.206,,,,
04/07/16,22:30:00,14.6382,80.206,,,,
04/07/16,22:45:00,14.6407,80.206,,,,
04/07/16,23:00:00,14.6333,80.206,,,,
04/07/16,23:15:00,14.6358,80.206,,,,
04/07/16,23:30:00,14.6358,80.206,,,,
04/07/16,23:45:00,14.6401,80.029,,,,
04/08/16,00:00:00,14.6376,80.029,,,,
04/08/16,00:15:00,14.6352,80.029,,,,
04/08/16,00:30:00,14.6424,80.029,,,,
04/08/16,00:45:00,14.6376,80.029,,,,
04/08/16,01:00:00,14.6352,80.029,,,,
04/08/16,01:15:00,14.6352,80.029,,,,
04/08/16,01:30:00,14.6327,80.029,,,,
04/08/16,01:45:00,14.6327,80.029,,,,
04/08/16,02:00:00,14.6302,80.029,,,,
04/08/16,02:15:00,14.6278,80.029,,,,
04/08/16,02:30:00,14.6321,79.853,,,,
04/08/16,02:45:00,14.6297,79.853,,,,
04/08/16,03:00:00,14.6321,79.853,,,,
04/08/16,03:15:00,14.6297,79.853,,,,
04/08/16,03:30:00,14.6297,79.853,,,,
04/08/16,03:45:00,14.6243,79.678,,,,
04/08/16,04:00:00,14.6243,79.678,,,,
04/08/16,04:15:00,14.6188,79.502,,,,
04/08/16,04:30:00,14.6188,79.502,,,,
04/08/16,04:45:00,14.6213,79.502,,,,
04/08/16,05:00:00,14.6218,79.678,,,,
04/08/16,05:15:00,14.6243,79.678,,,,
04/08/16,05:30:00,14.6268,79.678,,,,
04/08/16,05:45:00,14.6292,79.678,,,,
04/08/16,06:00:00,14.6311,79.502,,,,
04/08/16,06:15:00,14.6359,79.502,,,,
04/08/16,06:30:00,14.6384,79.502,,,,
04/08/16,06:45:00,14.6408,79.502,,,,
04/08/16,07:00:00,14.6433,79.502,,,,
04/08/16,07:15:00,14.6458,79.502,,,,
04/08/16,07:30:00,14.6481,79.502,,,,
04/08/16,07:45:00,14.6530,79.502,,,,
04/08/16,08:00:00,14.6536,79.678,,,,
04/08/16,08:15:00,14.6542,79.853,,,,
04/08/16,08:30:00,14.6523,80.029,,,,
04/08/16,08:45:00,14.6529,80.206,,,,
04/08/16,09:00:00,14.6582,80.382,,,,
04/08/16,09:15:00,14.6607,80.382,,,,
04/08/16,09:30:00,14.6588,80.559,,,,
04/08/16,09:45:00,14.6638,80.559,,,,
04/08/16,10:00:00,14.6638,80.559,,,,
04/08/16,10:15:00,14.6643,80.735,,,,
04/08/16,10:30:00,14.6587,81.266,,,,
04/08/16,10:45:00,14.6593,81.442,,,,
04/08/16,11:00:00,14.6585,81.975,,,,
04/08/16,11:15:00,14.6572,82.330,,,,
04/08/16,11:30:00,14.6553,82.508,,,,
04/08/16,11:45:00,14.6510,82.686,,,,
04/08/16,12:00:00,14.6510,82.686,,,,
04/08/16,12:15:00,14.6504,82.508,,,,
04/08/16,12:30:00,14.6492,82.152,,,,
04/08/16,12:45:00,14.6463,81.975,,,,
04/08/16,13:00:00,14.6439,81.975,,,,
04/08/16,13:15:00,14.6463,81.975,,,,
04/08/16,13:30:00,14.6408,81.797,,,,
04/08/16,13:45:00,14.6414,81.975,,,,
04/08/16,14:00:00,14.6371,82.152,,,,
04/08/16,14:15:00,14.6340,81.975,,,,
04/08/16,14:30:00,14.6340,81.975,,,,
04/08/16,14:45:00,14.6311,81.797,,,,
04/08/16,15:00:00,14.6311,81.797,,,,
04/08/16,15:15:00,14.6349,81.442,,,,
04/08/16,15:30:00,14.6324,81.442,,,,
04/08/16,15:45:00,14.6269,81.266,,,,
04/08/16,16:00:00,14.6337,81.090,,,,
04/08/16,16:15:00,14.6337,81.090,,,,
04/08/16,16:30:00,14.6356,80.911,,,,
04/08/16,16:45:00,14.6429,80.911,,,,
04/08/16,17:00:00,14.6448,80.735,,,,
04/08/16,17:15:00,14.6466,80.559,,,,
04/08/16,17:30:00,14.6461,80.382,,,,
04/08/16,17:45:00,14.6510,80.382,,,,
04/08/16,18:00:00,14.6510,80.382,,,,
04/08/16,18:15:00,14.6529,80.206,,,,
04/08/16,18:30:00,14.6553,80.206,,,,
04/08/16,18:45:00,14.6548,80.029,,,,
04/08/16,19:00:00,14.6548,80.029,,,,
04/08/16,19:15:00,14.6620,80.029,,,,
04/08/16,19:30:00,14.6620,80.029,,,,
04/08/16,19:45:00,14.6620,80.029,,,,
04/08/16,20:00:00,14.6645,80.029,,,,
04/08/16,20:15:00,14.6645,80.029,,,,
04/08/16,20:30:00,14.6669,80.029,,,,
04/08/16,20:45:00,14.6694,80.029,,,,
04/08/16,21:00:00,14.6645,80.029,,,,
04/08/16,21:15:00,14.6694,80.029,,,,
04/08/16,21:30:00,14.6664,79.853,,,,
04/08/16,21:45:00,14.6664,79.853,,,,
04/08/16,22:00:00,14.6688,79.853,,,,
04/08/16,22:15:00,14.6664,79.853,,,,
04/08/16,22:30:00,14.6664,79.853,,,,
04/08/16,22:45:00,14.6639,79.853,,,,
04/08/16,23:00:00,14.6664,79.853,,,,
04/08/16,23:15:00,14.6614,79.853,,,,
04/08/16,23:30:00,14.6566,79.853,,,,
04/08/16,23:45:00,14.6523,80.029,,,,
04/09/16,00:00:00,14.6548,80.029,,,,
04/09/16,00:15:00,14.6548,80.029,,,,
04/09/16,00:30:00,14.6498,80.029,,,,
04/09/16,00:45:00,14.6468,79.853,,,,
04/09/16,01:00:00,14.6468,79.853,,,,
04/09/16,01:15:00,14.6468,79.853,,,,
04/09/16,01:30:00,14.6443,79.853,,,,
04/09/16,01:45:00,14.6420,79.853,,,,
04/09/16,02:00:00,14.6420,79.853,,,,
04/09/16,02:15:00,14.6389,79.678,,,,
04/09/16,02:30:00,14.6365,79.678,,,,
04/09/16,02:45:00,14.6365,79.678,,,,
04/09/16,03:00:00,14.6365,79.678,,,,
04/09/16,03:15:00,14.6340,79.678,,,,
04/09/16,03:30:00,14.6365,79.678,,,,
04/09/16,03:45:00,14.6652,79.502,,,,
04/09/16,04:00:00,14.8362,79.502,,,,
04/09/16,04:15:00,14.9914,79.151,,,,
04/09/16,04:30:00,15.0549,79.151,,,,
04/09/16,04:45:00,15.2010,78.975,,,,
04/09/16,05:00:00,15.2322,78.800,,,,
04/09/16,05:15:00,15.2219,78.624,,,,
04/09/16,05:30:00,15.1448,78.274,,,,
04/09/16,05:45:00,15.0936,78.274,,,,
04/09/16,06:00:00,15.0551,78.449,,,,
04/09/16,06:15:00,15.0062,78.449,,,,
04/09/16,06:30:00,15.0092,78.624,,,,
04/09/16,06:45:00,15.0068,78.624,,,,
04/09/16,07:00:00,15.0142,78.624,,,,
04/09/16,07:15:00,15.0313,78.624,,,,
04/09/16,07:30:00,15.0996,78.624,,,,
04/09/16,07:45:00,15.1730,78.624,,,,
04/09/16,08:00:00,15.1631,78.624,,,,
04/09/16,08:15:00,15.1656,78.624,,,,
04/09/16,08:30:00,15.1509,78.624,,,,
04/09/16,08:45:00,15.1289,78.624,,,,
04/09/16,09:00:00,15.1095,78.624,,,,
04/09/16,09:15:00,15.0831,78.800,,,,
04/09/16,09:30:00,15.0612,78.800,,,,
04/09/16,09:45:00,15.0587,78.800,,,,
04/09/16,10:00:00,15.0366,78.800,,,,
04/09/16,10:15:00,15.0123,78.800,,,,
04/09/16,10:30:00,14.9952,78.800,,,,
04/09/16,10:45:00,14.9830,78.800,,,,
04/09/16,11:00:00,14.9659,78.800,,,,
04/09/16,11:15:00,14.9537,78.800,,,,
04/09/16,11:30:00,14.9444,78.975,,,,
04/09/16,11:45:00,14.9273,78.975,,,,
04/09/16,12:00:00,14.9200,78.975,,,,
04/09/16,12:15:00,14.9029,78.975,,,,
04/09/16,12:30:00,14.8955,78.975,,,,
04/09/16,12:45:00,14.8907,78.975,,,,
04/09/16,13:00:00,14.8767,79.151,,,,
04/09/16,13:15:00,14.8717,79.151,,,,
04/09/16,13:30:00,14.8571,79.151,,,,
04/09/16,13:45:00,14.8497,79.151,,,,
04/09/16,14:00:00,14.8449,79.151,,,,
04/09/16,14:15:00,14.8303,79.151,,,,
04/09/16,14:30:00,14.8326,79.151,,,,
04/09/16,14:45:00,14.8155,79.151,,,,
04/09/16,15:00:00,14.8131,79.151,,,,
04/09/16,15:15:00,14.8057,79.151,,,,
04/09/16,15:30:00,14.8101,78.975,,,,
04/09/16,15:45:00,14.8004,78.975,,,,
04/09/16,16:00:00,14.8027,78.975,,,,
04/09/16,16:15:00,14.8004,78.975,,,,
04/09/16,16:30:00,14.8004,78.975,,,,
04/09/16,16:45:00,14.7979,78.975,,,,
04/09/16,17:00:00,14.7880,78.975,,,,
04/09/16,17:15:00,14.7930,78.975,,,,
04/09/16,17:30:00,14.7930,78.975,,,,
04/09/16,17:45:00,14.7979,78.975,,,,
04/09/16,18:00:00,14.7880,78.975,,,,
04/09/16,18:15:00,14.7930,78.975,,,,
04/09/16,18:30:00,14.7954,78.975,,,,
04/09/16,18:45:00,14.7954,78.975,,,,
04/09/16,19:00:00,14.7905,78.975,,,,
04/09/16,19:15:00,14.7857,78.975,,,,
04/09/16,19:30:00,14.7880,78.975,,,,
04/09/16,19:45:00,14.7905,78.975,,,,
04/09/16,20:00:00,14.7930,78.975,,,,
04/09/16,20:15:00,14.7979,78.975,,,,
04/09/16,20:30:00,14.8027,78.975,,,,
04/09/16,20:45:00,14.7979,78.975,,,,
04/09/16,21:00:00,14.7954,78.975,,,,
04/09/16,21:15:00,14.8004,78.975,,,,
04/09/16,21:30:00,14.7954,78.975,,,,
04/09/16,21:45:00,14.7905,78.975,,,,
04/09/16,22:00:00,14.7905,78.975,,,,
04/09/16,22:15:00,14.7857,78.975,,,,
04/09/16,22:30:00,14.7838,79.151,,,,
04/09/16,22:45:00,14.7789,79.151,,,,
04/09/16,23:00:00,14.7862,79.151,,,,
04/09/16,23:15:00,14.7789,79.151,,,,
04/09/16,23:30:00,14.7764,79.151,,,,
04/09/16,23:45:00,14.7789,79.151,,,,
04/10/16,00:00:00,14.7789,79.151,,,,
04/10/16,00:15:00,14.7838,79.151,,,,
04/10/16,00:30:00,14.7838,79.151,,,,
04/10/16,00:45:00,14.8082,79.151,,,,
04/10/16,01:00:00,14.8649,79.326,,,,
04/10/16,01:15:00,14.8643,79.151,,,,
04/10/16,01:30:00,14.8790,79.151,,,,
04/10/16,01:45:00,14.9341,78.800,,,,
04/10/16,02:00:00,14.9219,78.800,,,,
04/10/16,02:15:00,14.9096,78.800,,,,
04/10/16,02:30:00,14.9018,78.624,,,,
04/10/16,02:45:00,14.9092,78.624,,,,
04/10/16,03:00:00,14.9213,78.624,,,,
04/10/16,03:15:00,14.9109,78.449,,,,
04/10/16,03:30:00,14.8987,78.449,,,,
04/10/16,03:45:00,14.8962,78.449,,,,
04/10/16,04:00:00,14.8835,78.274,,,,
04/10/16,04:15:00,14.8835,78.274,,,,
04/10/16,04:30:00,14.8859,78.274,,,,
04/10/16,04:45:00,14.8812,78.274,,,,
04/10/16,05:00:00,14.8762,78.274,,,,
04/10/16,05:15:00,14.8646,78.449,,,,
04/10/16,05:30:00,14.8597,78.449,,,,
04/10/16,05:45:00,14.8627,78.624,,,,
04/10/16,06:00:00,14.8578,78.624,,,,
04/10/16,06:15:00,14.8578,78.624,,,,
04/10/16,06:30:00,14.8584,78.800,,,,
04/10/16,06:45:00,14.8584,78.800,,,,
04/10/16,07:00:00,14.8559,78.800,,,,
04/10/16,07:15:00,14.8510,78.800,,,,
04/10/16,07:30:00,14.8609,78.800,,,,
04/10/16,07:45:00,14.8609,78.800,,,,
04/10/16,08:00:00,14.9609,78.800,,,,
04/10/16,08:15:00,14.9878,78.800,,,,
04/10/16,08:30:00,15.1412,78.624,,,,
04/10/16,08:45:00,15.3556,78.449,,,,
04/10/16,09:00:00,15.4845,78.274,,,,
04/10/16,09:15:00,15.5377,78.098,,,,
04/10/16,09:30:00,15.4150,77.923,,,,
04/10/16,09:45:00,15.4253,78.098,,,,
04/10/16,10:00:00,15.5085,78.098,,,,
04/10/16,10:15:00,15.5085,78.098,,,,
04/10/16,10:30:00,15.4497,78.098,,,,
04/10/16,10:45:00,15.3691,78.098,,,,
04/10/16,11:00:00,15.3227,78.098,,,,
04/10/16,11:15:00,15.2787,78.098,,,,
04/10/16,11:30:00,15.2494,78.098,,,,
04/10/16,11:45:00,15.2226,78.098,,,,
04/10/16,12:00:00,15.1962,78.274,,,,
04/10/16,12:15:00,15.1718,78.274,,,,
04/10/16,12:30:00,15.1572,78.274,,,,
04/10/16,12:45:00,15.1498,78.274,,,,
04/10/16,13:00:00,15.1444,78.098,,,,
04/10/16,13:15:00,15.1248,78.098,,,,
04/10/16,13:30:00,15.1168,77.923,,,,
04/10/16,13:45:00,15.0974,77.923,,,,
04/10/16,14:00:00,15.0925,77.923,,,,
04/10/16,14:15:00,15.0778,77.923,,,,
04/10/16,14:30:00,15.0632,77.923,,,,
04/10/16,14:45:00,15.0491,78.098,,,,
04/10/16,15:00:00,15.0320,78.098,,,,
04/10/16,15:15:00,15.0174,78.098,,,,
04/10/16,15:30:00,15.0124,78.098,,,,
04/10/16,15:45:00,15.0081,78.274,,,,
04/10/16,16:00:00,15.0056,78.274,,,,
04/10/16,16:15:00,14.9910,78.274,,,,
04/10/16,16:30:00,14.9788,78.274,,,,
04/10/16,16:45:00,14.9763,78.274,,,,
04/10/16,17:00:00,14.9738,78.274,,,,
04/10/16,17:15:00,14.9666,78.274,,,,
04/10/16,17:30:00,14.9519,78.274,,,,
04/10/16,17:45:00,14.9691,78.274,,,,
04/10/16,18:00:00,14.9691,78.274,,,,
04/10/16,18:15:00,14.9519,78.274,,,,
04/10/16,18:30:00,14.9495,78.274,,,,
04/10/16,18:45:00,14.9373,78.274,,,,
04/10/16,19:00:00,14.9348,78.274,,,,
04/10/16,19:15:00,14.9299,78.274,,,,
04/10/16,19:30:00,14.9202,78.274,,,,
04/10/16,19:45:00,14.9105,78.274,,,,
04/10/16,20:00:00,14.9055,78.274,,,,
04/10/16,20:15:00,14.8981,78.274,,,,
04/10/16,20:30:00,14.9031,78.274,,,,
04/10/16,20:45:00,14.8981,78.274,,,,
04/10/16,21:00:00,14.8859,78.274,,,,
04/10/16,21:15:00,14.8835,78.274,,,,
04/10/16,21:30:00,14.8812,78.274,,,,
04/10/16,21:45:00,14.8884,78.274,,,,
04/10/16,22:00:00,14.8884,78.274,,,,
04/10/16,22:15:00,14.8812,78.274,,,,
04/10/16,22:30:00,14.8787,78.274,,,,
04/10/16,22:45:00,14.8812,78.274,,,,
04/10/16,23:00:00,14.8738,78.274,,,,
04/10/16,23:15:00,14.8738,78.274,,,,
04/10/16,23:30:00,14.8762,78.274,,,,
04/10/16,23:45:00,14.8664,78.274,,,,
04/11/16,00:00:00,14.8542,78.274,,,,
04/11/16,00:15:00,14.8591,78.274,,,,
04/11/16,00:30:00,14.8567,78.274,,,,
04/11/16,00:45:00,14.8395,78.274,,,,
04/11/16,01:00:00,14.8420,78.274,,,,
04/11/16,01:15:00,14.8323,78.274,,,,
04/11/16,01:30:00,14.8323,78.274,,,,
04/11/16,01:45:00,14.8224,78.274,,,,
04/11/16,02:00:00,14.8249,78.274,,,,
04/11/16,02:15:00,14.8182,78.449,,,,
04/11/16,02:30:00,14.8133,78.449,,,,
04/11/16,02:45:00,14.8108,78.449,,,,
04/11/16,03:00:00,14.8059,78.449,,,,
04/11/16,03:15:00,14.8133,78.449,,,,
04/11/16,03:30:00,14.8059,78.449,,,,
04/11/16,03:45:00,14.8036,78.449,,,,
04/11/16,04:00:00,14.8059,78.449,,,,
04/11/16,04:15:00,14.8059,78.449,,,,
04/11/16,04:30:00,14.8036,78.449,,,,
04/11/16,04:45:00,14.7937,78.449,,,,
04/11/16,05:00:00,14.7962,78.449,,,,
04/11/16,05:15:00,14.7937,78.449,,,,
04/11/16,05:30:00,14.7986,78.449,,,,
04/11/16,05:45:00,14.7962,78.449,,,,
04/11/16,06:00:00,14.8030,78.274,,,,
04/11/16,06:15:00,14.7981,78.274,,,,
04/11/16,06:30:00,14.8055,78.274,,,,
04/11/16,06:45:00,14.7999,78.098,,,,
04/11/16,07:00:00,14.8018,77.923,,,,
04/11/16,07:15:00,14.8068,77.923,,,,
04/11/16,07:30:00,14.8012,77.749,,,,
04/11/16,07:45:00,14.7963,77.749,,,,
04/11/16,08:00:00,14.7988,77.749,,,,
04/11/16,08:15:00,14.8012,77.749,,,,
04/11/16,08:30:00,14.7988,77.749,,,,
04/11/16,08:45:00,14.7994,77.923,,,,
04/11/16,09:00:00,14.7944,77.923,,,,
04/11/16,09:15:00,14.7921,77.923,,,,
04/11/16,09:30:00,14.7950,78.098,,,,
04/11/16,09:45:00,14.7878,78.098,,,,
04/11/16,10:00:00,14.7889,78.449,,,,
04/11/16,10:15:00,14.7846,78.624,,,,
04/11/16,10:30:00,14.7851,78.800,,,,
04/11/16,10:45:00,14.7857,78.975,,,,
04/11/16,11:00:00,14.7867,79.326,,,,
04/11/16,11:15:00,14.7795,79.326,,,,
04/11/16,11:30:00,14.7795,79.326,,,,
04/11/16,11:45:00,14.7727,79.502,,,,
04/11/16,12:00:00,14.7664,79.853,,,,
04/11/16,12:15:00,14.7632,80.382,,,,
04/11/16,12:30:00,14.7619,80.735,,,,
04/11/16,12:45:00,14.7590,80.559,,,,
04/11/16,13:00:00,14.7585,80.382,,,,
04/11/16,13:15:00,14.7529,80.206,,,,
04/11/16,13:30:00,14.7511,80.382,,,,
04/11/16,13:45:00,14.7432,80.206,,,,
04/11/16,14:00:00,14.7408,80.206,,,,
04/11/16,14:15:00,14.7408,80.206,,,,
04/11/16,14:30:00,14.7377,80.029,,,,
04/11/16,14:45:00,14.7329,80.029,,,,
04/11/16,15:00:00,14.7348,79.853,,,,
04/11/16,15:15:00,14.7348,79.853,,,,
04/11/16,15:30:00,14.7250,79.853,,,,
04/11/16,15:45:00,14.7299,79.853,,,,
04/11/16,16:00:00,14.7324,79.853,,,,
04/11/16,16:15:00,14.7318,79.678,,,,
04/11/16,16:30:00,14.7415,79.678,,,,
04/11/16,16:45:00,14.7586,79.678,,,,
04/11/16,17:00:00,14.7953,79.678,,,,
04/11/16,17:15:00,14.7849,79.502,,,,
04/11/16,17:30:00,14.7936,79.151,,,,
04/11/16,17:45:00,14.7954,78.975,,,,
04/11/16,18:00:00,14.8150,78.975,,,,
04/11/16,18:15:00,14.8266,78.800,,,,
04/11/16,18:30:00,14.8481,78.624,,,,
04/11/16,18:45:00,14.8553,78.624,,,,
04/11/16,19:00:00,14.8743,78.449,,,,
04/11/16,19:15:00,14.8865,78.449,,,,
04/11/16,19:30:00,14.8962,78.449,,,,
04/11/16,19:45:00,14.8962,78.449,,,,
04/11/16,20:00:00,14.9109,78.449,,,,
04/11/16,20:15:00,14.9329,78.449,,,,
04/11/16,20:30:00,14.9354,78.449,,,,
04/11/16,20:45:00,14.9398,78.274,,,,
04/11/16,21:00:00,14.9544,78.274,,,,
04/11/16,21:15:00,14.9495,78.274,,,,
04/11/16,21:30:00,14.9495,78.274,,,,
04/11/16,21:45:00,14.9398,78.274,,,,
04/11/16,22:00:00,14.9373,78.274,,,,
04/11/16,22:15:00,14.9251,78.274,,,,
04/11/16,22:30:00,14.9251,78.274,,,,
04/11/16,22:45:00,14.9177,78.274,,,,
04/11/16,23:00:00,14.9251,78.274,,,,
04/11/16,23:15:00,14.9208,78.449,,,,
04/11/16,23:30:00,14.9158,78.449,,,,
04/11/16,23:45:00,14.9036,78.449,,,,
04/12/16,00:00:00,14.8915,78.449,,,,
04/12/16,00:15:00,14.8915,78.449,,,,
04/12/16,00:30:00,14.8835,78.274,,,,
04/12/16,00:45:00,14.8787,78.274,,,,
04/12/16,01:00:00,14.8787,78.274,,,,
04/12/16,01:15:00,14.8812,78.274,,,,
04/12/16,01:30:00,14.8713,78.274,,,,
04/12/16,01:45:00,14.8713,78.274,,,,
04/12/16,02:00:00,14.8640,78.274,,,,
04/12/16,02:15:00,14.8591,78.274,,,,
04/12/16,02:30:00,14.8567,78.274,,,,
04/12/16,02:45:00,14.8567,78.274,,,,
04/12/16,03:00:00,14.8567,78.274,,,,
04/12/16,03:15:00,14.8494,78.274,,,,
04/12/16,03:30:00,14.8542,78.274,,,,
04/12/16,03:45:00,14.8591,78.274,,,,
04/12/16,04:00:00,14.8567,78.274,,,,
04/12/16,04:15:00,14.8517,78.274,,,,
04/12/16,04:30:00,14.8561,78.098,,,,
04/12/16,04:45:00,14.8610,78.098,,,,
04/12/16,05:00:00,14.8561,78.098,,,,
04/12/16,05:15:00,14.8536,78.098,,,,
04/12/16,05:30:00,14.8561,78.098,,,,
04/12/16,05:45:00,14.8513,78.098,,,,
04/12/16,06:00:00,14.8513,78.098,,,,
04/12/16,06:15:00,14.8659,78.098,,,,
04/12/16,06:30:00,14.8683,78.098,,,,
04/12/16,06:45:00,14.8732,78.098,,,,
04/12/16,07:00:00,14.8610,78.098,,,,
04/12/16,07:15:00,14.8635,78.098,,,,
04/12/16,07:30:00,14.8610,78.098,,,,
04/12/16,07:45:00,14.8683,78.098,,,,
04/12/16,08:00:00,14.8707,78.098,,,,
04/12/16,08:15:00,14.8635,78.098,,,,
04/12/16,08:30:00,14.8635,78.098,,,,
04/12/16,08:45:00,14.8488,78.098,,,,
04/12/16,09:00:00,14.8507,77.923,,,,
04/12/16,09:15:00,14.8361,77.923,,,,
04/12/16,09:30:00,14.8336,77.923,,,,
04/12/16,09:45:00,14.8287,77.923,,,,
04/12/16,10:00:00,14.8361,77.923,,,,
04/12/16,10:15:00,14.8408,77.923,,,,
04/12/16,10:30:00,14.8292,78.098,,,,
04/12/16,10:45:00,14.8317,78.098,,,,
04/12/16,11:00:00,14.8317,78.098,,,,
04/12/16,11:15:00,14.8298,78.274,,,,
04/12/16,11:30:00,14.8224,78.274,,,,
04/12/16,11:45:00,14.8279,78.449,,,,
04/12/16,12:00:00,14.8236,78.624,,,,
04/12/16,12:15:00,14.8192,78.800,,,,
04/12/16,12:30:00,14.8185,79.326,,,,
04/12/16,12:45:00,14.8216,79.502,,,,
04/12/16,13:00:00,14.8118,79.502,,,,
04/12/16,13:15:00,14.8147,79.678,,,,
04/12/16,13:30:00,14.8105,79.853,,,,
04/12/16,13:45:00,14.8105,79.853,,,,
04/12/16,14:00:00,14.8026,79.678,,,,
04/12/16,14:15:00,14.8069,79.502,,,,
04/12/16,14:30:00,14.7995,79.502,,,,
04/12/16,14:45:00,14.7966,79.326,,,,
04/12/16,15:00:00,14.7941,79.326,,,,
04/12/16,15:03:39,,,,Logged,,
04/12/16,15:03:40,,,,,Logged,Logged
