Date,Time,Abs Pres (psi) c:1 2,Temp (°F) c:2,Coupler Detached,Coupler Attached,Host Connected,Stopped,End Of File
05/23/16,14:45:00,14.7786,80.029,Logged,,,,
05/23/16,15:00:00,14.7733,79.678,,,,,
05/23/16,15:15:00,14.7711,79.678,,,,,
05/23/16,15:30:00,14.7711,79.678,,,,,
05/23/16,15:45:00,14.7663,79.502,,,,,
05/23/16,16:00:00,14.7663,79.502,,,,,
05/23/16,16:15:00,14.7663,79.502,,,,,
05/23/16,16:30:00,14.7641,79.502,,,,,
05/23/16,16:45:00,14.7635,79.326,,,,,
05/23/16,17:00:00,14.7677,79.326,,,,,
05/23/16,17:15:00,14.7673,79.151,,,,,
05/23/16,17:30:00,14.7715,79.151,,,,,
05/23/16,17:45:00,14.7715,79.151,,,,,
05/23/16,18:00:00,14.7731,78.975,,,,,
05/23/16,18:15:00,14.7731,78.975,,,,,
05/23/16,18:30:00,14.7725,78.800,,,,,
05/23/16,18:45:00,14.7811,78.800,,,,,
05/23/16,19:00:00,14.7833,78.800,,,,,
05/23/16,19:15:00,14.7849,78.624,,,,,
05/23/16,19:30:00,14.7891,78.624,,,,,
05/23/16,19:45:00,14.7891,78.624,,,,,
05/23/16,20:00:00,14.7928,78.449,,,,,
05/23/16,20:15:00,14.7950,78.449,,,,,
05/23/16,20:30:00,14.7972,78.449,,,,,
05/23/16,20:45:00,14.7950,78.449,,,,,
05/23/16,21:00:00,14.7972,78.449,,,,,
05/23/16,21:15:00,14.7972,78.449,,,,,
05/23/16,21:30:00,14.7972,78.449,,,,,
05/23/16,21:45:00,14.7966,78.274,,,,,
05/23/16,22:00:00,14.7966,78.274,,,,,
05/23/16,22:15:00,14.7966,78.274,,,,,
05/23/16,22:30:00,14.7944,78.274,,,,,
05/23/16,22:45:00,14.7944,78.274,,,,,
05/23/16,23:00:00,14.7966,78.274,,,,,
05/23/16,23:15:00,14.7923,78.274,,,,,
05/23/16,23:30:00,14.7923,78.274,,,,,
05/23/16,23:45:00,14.7902,78.274,,,,,
05/24/16,00:00:00,14.7880,78.274,,,,,
05/24/16,00:15:00,14.7902,78.274,,,,,
05/24/16,00:30:00,14.7853,78.098,,,,,
05/24/16,00:45:00,14.7853,78.098,,,,,
05/24/16,01:00:00,14.7811,78.098,,,,,
05/24/16,01:15:00,14.7811,78.098,,,,,
05/24/16,01:30:00,14.7767,78.098,,,,,
05/24/16,01:45:00,14.7763,77.923,,,,,
05/24/16,02:00:00,14.7763,77.923,,,,,
05/24/16,02:15:00,14.7741,77.923,,,,,
05/24/16,02:30:00,14.7719,77.923,,,,,
05/24/16,02:45:00,14.7719,77.923,,,,,
05/24/16,03:00:00,14.7677,77.923,,,,,
05/24/16,03:15:00,14.7698,77.923,,,,,
05/24/16,03:30:00,14.7698,77.923,,,,,
05/24/16,03:45:00,14.7677,77.923,,,,,
05/24/16,04:00:00,14.7693,77.749,,,,,
05/24/16,04:15:00,14.7650,77.749,,,,,
05/24/16,04:30:00,14.7672,77.749,,,,,
05/24/16,04:45:00,14.7650,77.749,,,,,
05/24/16,05:00:00,14.7650,77.749,,,,,
05/24/16,05:15:00,14.7630,77.749,,,,,
05/24/16,05:30:00,14.7672,77.749,,,,,
05/24/16,05:45:00,14.7672,77.749,,,,,
05/24/16,06:00:00,14.7688,77.574,,,,,
05/24/16,06:15:00,14.7709,77.574,,,,,
05/24/16,06:30:00,14.7709,77.574,,,,,
05/24/16,06:45:00,14.7730,77.574,,,,,
05/24/16,07:00:00,14.7751,77.574,,,,,
05/24/16,07:15:00,14.7757,77.749,,,,,
05/24/16,07:30:00,14.7757,77.749,,,,,
05/24/16,07:45:00,14.7779,77.749,,,,,
05/24/16,08:00:00,14.7779,77.749,,,,,
05/24/16,08:15:00,14.7779,77.749,,,,,
05/24/16,08:30:00,14.7805,77.923,,,,,
05/24/16,08:45:00,14.7833,78.098,,,,,
05/24/16,09:00:00,14.7837,78.274,,,,,
05/24/16,09:15:00,14.7843,78.449,,,,,
05/24/16,09:30:00,14.7854,78.800,,,,,
05/24/16,09:45:00,14.7838,78.975,,,,,
05/24/16,10:00:00,14.7828,79.326,,,,,
05/24/16,10:15:00,14.7838,79.678,,,,,
05/24/16,10:30:00,14.7828,80.029,,,,,
05/24/16,10:45:00,14.7791,80.206,,,,,
05/24/16,11:00:00,14.7791,80.206,,,,,
05/24/16,11:15:00,14.7776,80.382,,,,,
05/24/16,11:30:00,14.7754,80.382,,,,,
05/24/16,11:45:00,14.7733,80.382,,,,,
05/24/16,12:00:00,14.7685,80.206,,,,,
05/24/16,12:15:00,14.7679,80.029,,,,,
05/24/16,12:30:00,14.7657,80.029,,,,,
05/24/16,12:45:00,14.7615,80.029,,,,,
05/24/16,13:00:00,14.7593,80.029,,,,,
05/24/16,13:15:00,14.7599,80.206,,,,,
05/24/16,13:30:00,14.7593,80.029,,,,,
05/24/16,13:45:00,14.7593,80.029,,,,,
05/24/16,14:00:00,14.7588,79.853,,,,,
05/24/16,14:15:00,14.7651,79.853,,,,,
05/24/16,14:30:00,14.7566,79.853,,,,,
05/24/16,14:45:00,14.7529,80.029,,,,,
05/24/16,15:00:00,14.7508,80.029,,,,,
05/24/16,15:15:00,14.7529,80.029,,,,,
05/24/16,15:30:00,14.7593,80.029,,,,,
05/24/16,15:45:00,14.7635,80.029,,,,,
05/24/16,16:00:00,14.7663,80.206,,,,,
05/24/16,16:15:00,14.7657,80.029,,,,,
05/24/16,16:30:00,14.7609,79.853,,,,,
05/24/16,16:45:00,14.7609,79.853,,,,,
05/24/16,17:00:00,14.7631,79.853,,,,,
05/24/16,17:15:00,14.7673,79.853,,,,,
05/24/16,17:30:00,14.7673,79.853,,,,,
05/24/16,17:45:00,14.7695,79.853,,,,,
05/24/16,18:00:00,14.7733,79.678,,,,,
05/24/16,18:15:00,14.7753,79.678,,,,,
05/24/16,18:30:00,14.7791,79.502,,,,,
05/24/16,18:45:00,14.7785,79.326,,,,,
05/24/16,19:00:00,14.7763,79.326,,,,,
05/24/16,19:15:00,14.7844,79.151,,,,,
05/24/16,19:30:00,14.7886,79.151,,,,,
05/24/16,19:45:00,14.7886,79.151,,,,,
05/24/16,20:00:00,14.7924,78.975,,,,,
05/24/16,20:15:00,14.7924,78.975,,,,,
05/24/16,20:30:00,14.7944,78.975,,,,,
05/24/16,20:45:00,14.7918,78.800,,,,,
05/24/16,21:00:00,14.7918,78.800,,,,,
05/24/16,21:15:00,14.7982,78.800,,,,,
05/24/16,21:30:00,14.7998,78.624,,,,,
05/24/16,21:45:00,14.8127,78.624,,,,,
05/24/16,22:00:00,14.8041,78.624,,,,,
05/24/16,22:15:00,14.8062,78.624,,,,,
05/24/16,22:30:00,14.8020,78.624,,,,,
05/24/16,22:45:00,14.7976,78.624,,,,,
05/24/16,23:00:00,14.7956,78.624,,,,,
05/24/16,23:15:00,14.7956,78.624,,,,,
05/24/16,23:30:00,14.7934,78.624,,,,,
05/24/16,23:45:00,14.7928,78.449,,,,,
05/25/16,00:00:00,14.7886,78.449,,,,,
05/25/16,00:15:00,14.7886,78.449,,,,,
05/25/16,00:30:00,14.7886,78.449,,,,,
05/25/16,00:45:00,14.7886,78.449,,,,,
05/25/16,01:00:00,14.7865,78.449,,,,,
05/25/16,01:15:00,14.7865,78.449,,,,,
05/25/16,01:30:00,14.7843,78.449,,,,,
05/25/16,01:45:00,14.7821,78.449,,,,,
05/25/16,02:00:00,14.7801,78.449,,,,,
05/25/16,02:15:00,14.7801,78.449,,,,,
05/25/16,02:30:00,14.7801,78.449,,,,,
05/25/16,02:45:00,14.7737,78.449,,,,,
05/25/16,03:00:00,14.7757,78.449,,,,,
05/25/16,03:15:00,14.7737,78.449,,,,,
05/25/16,03:30:00,14.7715,78.449,,,,,
05/25/16,03:45:00,14.7693,78.449,,,,,
05/25/16,04:00:00,14.7709,78.274,,,,,
05/25/16,04:15:00,14.7709,78.274,,,,,
05/25/16,04:30:00,14.7688,78.274,,,,,
05/25/16,04:45:00,14.7688,78.274,,,,,
05/25/16,05:00:00,14.7667,78.274,,,,,
05/25/16,05:15:00,14.7688,78.274,,,,,
05/25/16,05:30:00,14.7688,78.274,,,,,
05/25/16,05:45:00,14.7661,78.098,,,,,
05/25/16,06:00:00,14.7725,78.098,,,,,
05/25/16,06:15:00,14.7704,78.098,,,,,
05/25/16,06:30:00,14.7725,78.098,,,,,
05/25/16,06:45:00,14.7725,78.098,,,,,
05/25/16,07:00:00,14.7767,78.098,,,,,
05/25/16,07:15:00,14.7811,78.098,,,,,
05/25/16,07:30:00,14.7811,78.098,,,,,
05/25/16,07:45:00,14.7833,78.098,,,,,
05/25/16,08:00:00,14.7853,78.098,,,,,
05/25/16,08:15:00,14.7880,78.274,,,,,
05/25/16,08:30:00,14.7902,78.274,,,,,
05/25/16,08:45:00,14.7907,78.449,,,,,
05/25/16,09:00:00,14.7912,78.624,,,,,
05/25/16,09:15:00,14.7934,78.624,,,,,
05/25/16,09:30:00,14.7960,78.800,,,,,
05/25/16,09:45:00,14.7944,78.975,,,,,
05/25/16,10:00:00,14.7930,79.151,,,,,
05/25/16,10:15:00,14.7914,79.326,,,,,
05/25/16,10:30:00,14.7902,79.678,,,,,
05/25/16,10:45:00,14.7892,80.029,,,,,
05/25/16,11:00:00,14.7856,80.206,,,,,
05/25/16,11:15:00,14.7840,80.382,,,,,
05/25/16,11:30:00,14.7824,80.559,,,,,
05/25/16,11:45:00,14.7834,80.911,,,,,
05/25/16,12:00:00,14.7798,81.090,,,,,
05/25/16,12:15:00,14.7809,81.442,,,,,
05/25/16,12:30:00,14.7793,81.621,,,,,
05/25/16,12:45:00,14.7750,81.621,,,,,
05/25/16,13:00:00,14.7750,81.621,,,,,
05/25/16,13:15:00,14.7702,81.442,,,,,
05/25/16,13:30:00,14.7659,81.442,,,,,
05/25/16,13:45:00,14.7622,81.621,,,,,
05/25/16,14:00:00,14.7606,81.797,,,,,
05/25/16,14:15:00,14.7563,81.797,,,,,
05/25/16,14:30:00,14.7557,81.621,,,,,
05/25/16,14:45:00,14.7553,81.442,,,,,
05/25/16,15:00:00,14.7569,81.266,,,,,
05/25/16,15:15:00,14.7589,81.266,,,,,
05/25/16,15:30:00,14.7627,81.090,,,,,
05/25/16,15:45:00,14.7643,80.911,,,,,
05/25/16,16:00:00,14.7615,80.735,,,,,
05/25/16,16:15:00,14.7609,80.559,,,,,
05/25/16,16:30:00,14.7625,80.382,,,,,
05/25/16,16:45:00,14.7605,80.382,,,,,
05/25/16,17:00:00,14.7599,80.206,,,,,
05/25/16,17:15:00,14.7621,80.206,,,,,
05/25/16,17:30:00,14.7685,80.206,,,,,
05/25/16,17:45:00,14.7679,80.029,,,,,
05/25/16,18:00:00,14.7679,80.029,,,,,
05/25/16,18:15:00,14.7717,79.853,,,,,
05/25/16,18:30:00,14.7717,79.853,,,,,
05/25/16,18:45:00,14.7717,79.853,,,,,
05/25/16,19:00:00,14.7733,79.678,,,,,
05/25/16,19:15:00,14.7796,79.678,,,,,
05/25/16,19:30:00,14.7817,79.678,,,,,
05/25/16,19:45:00,14.7833,79.502,,,,,
05/25/16,20:00:00,14.7854,79.502,,,,,
05/25/16,20:15:00,14.7876,79.502,,,,,
05/25/16,20:30:00,14.7854,79.502,,,,,
05/25/16,20:45:00,14.7876,79.502,,,,,
05/25/16,21:00:00,14.7898,79.502,,,,,
05/25/16,21:15:00,14.7870,79.326,,,,,
05/25/16,21:30:00,14.7914,79.326,,,,,
05/25/16,21:45:00,14.7934,79.326,,,,,
05/25/16,22:00:00,14.7934,79.326,,,,,
05/25/16,22:15:00,14.7934,79.326,,,,,
05/25/16,22:30:00,14.7978,79.326,,,,,
05/25/16,22:45:00,14.7934,79.326,,,,,
05/25/16,23:00:00,14.7934,79.326,,,,,
05/25/16,23:15:00,14.7892,79.326,,,,,
05/25/16,23:30:00,14.7870,79.326,,,,,
05/25/16,23:45:00,14.7844,79.151,,,,,
05/26/16,00:00:00,14.7822,79.151,,,,,
05/26/16,00:15:00,14.7822,79.151,,,,,
05/26/16,00:30:00,14.7844,79.151,,,,,
05/26/16,00:45:00,14.7844,79.151,,,,,
05/26/16,01:00:00,14.7865,79.151,,,,,
05/26/16,01:15:00,14.7822,79.151,,,,,
05/26/16,01:30:00,14.7822,79.151,,,,,
05/26/16,01:45:00,14.7801,79.151,,,,,
05/26/16,02:00:00,14.7795,78.975,,,,,
05/26/16,02:15:00,14.7775,78.975,,,,,
05/26/16,02:30:00,14.7775,78.975,,,,,
05/26/16,02:45:00,14.7775,78.975,,,,,
05/26/16,03:00:00,14.7775,78.975,,,,,
05/26/16,03:15:00,14.7775,78.975,,,,,
05/26/16,03:30:00,14.7775,78.975,,,,,
05/26/16,03:45:00,14.7775,78.975,,,,,
05/26/16,04:00:00,14.7795,78.975,,,,,
05/26/16,04:15:00,14.7817,78.975,,,,,
05/26/16,04:30:00,14.7817,78.975,,,,,
05/26/16,04:45:00,14.7817,78.975,,,,,
05/26/16,05:00:00,14.7838,78.975,,,,,
05/26/16,05:15:00,14.7896,78.800,,,,,
05/26/16,05:30:00,14.7918,78.800,,,,,
05/26/16,05:45:00,14.7896,78.800,,,,,
05/26/16,06:00:00,14.7918,78.800,,,,,
05/26/16,06:15:00,14.7918,78.800,,,,,
05/26/16,06:30:00,14.7940,78.800,,,,,
05/26/16,06:45:00,14.7960,78.800,,,,,
05/26/16,07:00:00,14.7940,78.800,,,,,
05/26/16,07:15:00,14.7982,78.800,,,,,
05/26/16,07:30:00,14.7960,78.800,,,,,
05/26/16,07:45:00,14.8026,78.800,,,,,
05/26/16,08:00:00,14.8030,78.975,,,,,
05/26/16,08:15:00,14.8030,78.975,,,,,
05/26/16,08:30:00,14.8057,79.151,,,,,
05/26/16,08:45:00,14.8079,79.151,,,,,
05/26/16,09:00:00,14.8099,79.151,,,,,
05/26/16,09:15:00,14.8105,79.326,,,,,
05/26/16,09:30:00,14.8105,79.326,,,,,
05/26/16,09:45:00,14.8133,79.502,,,,,
05/26/16,10:00:00,14.8095,79.678,,,,,
05/26/16,10:15:00,14.8117,79.678,,,,,
05/26/16,10:30:00,14.8079,79.853,,,,,
05/26/16,10:45:00,14.8069,80.206,,,,,
05/26/16,11:00:00,14.8031,80.382,,,,,
05/26/16,11:15:00,14.8015,80.559,,,,,
05/26/16,11:30:00,14.7973,80.559,,,,,
05/26/16,11:45:00,14.7957,80.735,,,,,
05/26/16,12:00:00,14.7915,80.735,,,,,
05/26/16,12:15:00,14.7830,80.735,,,,,
05/26/16,12:30:00,14.7814,80.911,,,,,
05/26/16,12:45:00,14.7754,81.090,,,,,
05/26/16,13:00:00,14.7718,81.266,,,,,
05/26/16,13:15:00,14.7696,81.266,,,,,
05/26/16,13:30:00,14.7680,81.442,,,,,
05/26/16,13:45:00,14.7638,81.442,,,,,
05/26/16,14:00:00,14.7659,81.442,,,,,
05/26/16,14:15:00,14.7638,81.442,,,,,
05/26/16,14:30:00,14.7659,81.442,,,,,
05/26/16,14:45:00,14.7611,81.266,,,,,
05/26/16,15:00:00,14.7648,81.090,,,,,
05/26/16,15:15:00,14.7621,80.911,,,,,
05/26/16,15:30:00,14.7595,80.735,,,,,
05/26/16,15:45:00,14.7595,80.735,,,,,
05/26/16,16:00:00,14.7589,80.559,,,,,
05/26/16,16:15:00,14.7631,80.559,,,,,
05/26/16,16:30:00,14.7675,80.559,,,,,
05/26/16,16:45:00,14.7690,80.382,,,,,
05/26/16,17:00:00,14.7711,80.382,,,,,
05/26/16,17:15:00,14.7711,80.382,,,,,
05/26/16,17:30:00,14.7748,80.206,,,,,
05/26/16,17:45:00,14.7748,80.206,,,,,
05/26/16,18:00:00,14.7743,80.029,,,,,
05/26/16,18:15:00,14.7764,80.029,,,,,
05/26/16,18:30:00,14.7759,79.853,,,,,
05/26/16,18:45:00,14.7802,79.853,,,,,
05/26/16,19:00:00,14.7838,79.678,,,,,
05/26/16,19:15:00,14.7860,79.678,,,,,
05/26/16,19:30:00,14.7902,79.678,,,,,
05/26/16,19:45:00,14.7924,79.678,,,,,
05/26/16,20:00:00,14.7924,79.678,,,,,
05/26/16,20:15:00,14.7918,79.502,,,,,
05/26/16,20:30:00,14.7940,79.502,,,,,
05/26/16,20:45:00,14.7940,79.502,,,,,
05/26/16,21:00:00,14.7983,79.502,,,,,
05/26/16,21:15:00,14.7983,79.502,,,,,
05/26/16,21:30:00,14.7978,79.326,,,,,
05/26/16,21:45:00,14.7999,79.326,,,,,
05/26/16,22:00:00,14.7999,79.326,,,,,
05/26/16,22:15:00,14.7978,79.326,,,,,
05/26/16,22:30:00,14.7934,79.326,,,,,
05/26/16,22:45:00,14.7914,79.326,,,,,
05/26/16,23:00:00,14.7892,79.326,,,,,
05/26/16,23:15:00,14.7870,79.326,,,,,
05/26/16,23:30:00,14.7892,79.326,,,,,
05/26/16,23:45:00,14.7870,79.326,,,,,
05/27/16,00:00:00,14.7892,79.326,,,,,
05/27/16,00:15:00,14.7865,79.151,,,,,
05/27/16,00:30:00,14.7886,79.151,,,,,
05/27/16,00:45:00,14.7886,79.151,,,,,
05/27/16,01:00:00,14.7908,79.151,,,,,
05/27/16,01:15:00,14.7886,79.151,,,,,
05/27/16,01:30:00,14.7886,79.151,,,,,
05/27/16,01:45:00,14.7865,79.151,,,,,
05/27/16,02:00:00,14.7865,79.151,,,,,
05/27/16,02:15:00,14.7844,79.151,,,,,
05/27/16,02:30:00,14.7844,79.151,,,,,
05/27/16,02:45:00,14.7801,79.151,,,,,
05/27/16,03:00:00,14.7775,78.975,,,,,
05/27/16,03:15:00,14.7775,78.975,,,,,
05/27/16,03:30:00,14.7775,78.975,,,,,
05/27/16,03:45:00,14.7795,78.975,,,,,
05/27/16,04:00:00,14.7775,78.975,,,,,
05/27/16,04:15:00,14.7795,78.975,,,,,
05/27/16,04:30:00,14.7817,78.975,,,,,
05/27/16,04:45:00,14.7817,78.975,,,,,
05/27/16,05:00:00,14.7838,78.975,,,,,
05/27/16,05:15:00,14.7811,78.800,,,,,
05/27/16,05:30:00,14.7833,78.800,,,,,
05/27/16,05:45:00,14.7875,78.800,,,,,
05/27/16,06:00:00,14.7875,78.800,,,,,
05/27/16,06:15:00,14.7870,78.624,,,,,
05/27/16,06:30:00,14.7870,78.624,,,,,
05/27/16,06:45:00,14.7891,78.624,,,,,
05/27/16,07:00:00,14.7912,78.624,,,,,
05/27/16,07:15:00,14.7928,78.449,,,,,
05/27/16,07:30:00,14.7950,78.449,,,,,
05/27/16,07:45:00,14.8057,78.449,,,,,
05/27/16,08:00:00,14.8372,78.274,,,,,
05/27/16,08:15:00,14.8906,78.274,,,,,
05/27/16,08:30:00,14.8800,78.274,,,,,
05/27/16,08:45:00,14.8607,78.274,,,,,
05/27/16,09:00:00,14.8543,78.274,,,,,
05/27/16,09:15:00,14.8649,78.274,,,,,
05/27/16,09:30:00,14.8613,78.449,,,,,
05/27/16,09:45:00,14.8506,78.449,,,,,
05/27/16,10:00:00,14.8464,78.449,,,,,
05/27/16,10:15:00,14.8398,78.449,,,,,
05/27/16,10:30:00,14.8340,78.624,,,,,
05/27/16,10:45:00,14.8287,78.975,,,,,
05/27/16,11:00:00,14.8276,79.326,,,,,
05/27/16,11:15:00,14.8197,79.502,,,,,
05/27/16,11:30:00,14.8133,79.502,,,,,
05/27/16,11:45:00,14.8101,79.853,,,,,
05/27/16,12:00:00,14.8063,80.029,,,,,
05/27/16,12:15:00,14.8047,80.206,,,,,
05/27/16,12:30:00,14.7968,80.382,,,,,
05/27/16,12:45:00,14.7909,80.559,,,,,
05/27/16,13:00:00,14.7894,80.735,,,,,
05/27/16,13:15:00,14.7834,80.911,,,,,
05/27/16,13:30:00,14.7834,80.911,,,,,
05/27/16,13:45:00,14.7770,80.911,,,,,
05/27/16,14:00:00,14.7780,80.559,,,,,
05/27/16,14:15:00,14.7754,80.382,,,,,
05/27/16,14:30:00,14.7727,80.206,,,,,
05/27/16,14:45:00,14.7721,80.029,,,,,
05/27/16,15:00:00,14.7701,80.029,,,,,
05/27/16,15:15:00,14.7737,79.853,,,,,
05/27/16,15:30:00,14.7711,79.678,,,,,
05/27/16,15:45:00,14.7683,79.502,,,,,
05/27/16,16:00:00,14.7705,79.502,,,,,
05/27/16,16:15:00,14.7677,79.326,,,,,
05/27/16,16:30:00,14.7651,79.151,,,,,
05/27/16,16:45:00,14.7693,79.151,,,,,
05/27/16,17:00:00,14.7689,78.975,,,,,
05/27/16,17:15:00,14.7709,78.975,,,,,
05/27/16,17:30:00,14.7725,78.800,,,,,
05/27/16,17:45:00,14.7699,78.624,,,,,
05/27/16,18:00:00,14.7763,78.624,,,,,
05/27/16,18:15:00,14.7779,78.449,,,,,
05/27/16,18:30:00,14.7795,78.274,,,,,
05/27/16,18:45:00,14.7795,78.274,,,,,
05/27/16,19:00:00,14.7833,78.098,,,,,
05/27/16,19:15:00,14.7875,78.098,,,,,
05/27/16,19:30:00,14.7891,77.923,,,,,
05/27/16,19:45:00,14.7912,77.923,,,,,
05/27/16,20:00:00,14.7928,77.749,,,,,
05/27/16,20:15:00,14.7907,77.749,,,,,
05/27/16,20:30:00,14.7928,77.749,,,,,
05/27/16,20:45:00,14.7928,77.749,,,,,
05/27/16,21:00:00,14.7923,77.574,,,,,
05/27/16,21:15:00,14.7944,77.574,,,,,
05/27/16,21:30:00,14.7966,77.574,,,,,
05/27/16,21:45:00,14.7944,77.574,,,,,
05/27/16,22:00:00,14.7917,77.400,,,,,
05/27/16,22:15:00,14.7917,77.400,,,,,
05/27/16,22:30:00,14.7896,77.400,,,,,
05/27/16,22:45:00,14.7891,77.225,,,,,
05/27/16,23:00:00,14.7869,77.225,,,,,
05/27/16,23:15:00,14.7847,77.225,,,,,
05/27/16,23:30:00,14.7805,77.225,,,,,
05/27/16,23:45:00,14.7805,77.225,,,,,
05/28/16,00:00:00,14.7799,77.050,,,,,
05/28/16,00:15:00,14.7778,77.050,,,,,
05/28/16,00:30:00,14.7778,77.050,,,,,
05/28/16,00:45:00,14.7757,77.050,,,,,
05/28/16,01:00:00,14.7735,77.050,,,,,
05/28/16,01:15:00,14.7714,77.050,,,,,
05/28/16,01:30:00,14.7666,76.876,,,,,
05/28/16,01:45:00,14.7666,76.876,,,,,
05/28/16,02:00:00,14.7624,76.876,,,,,
05/28/16,02:15:00,14.7602,76.876,,,,,
05/28/16,02:30:00,14.7580,76.876,,,,,
05/28/16,02:45:00,14.7602,76.876,,,,,
05/28/16,03:00:00,14.7580,76.876,,,,,
05/28/16,03:15:00,14.7554,76.703,,,,,
05/28/16,03:30:00,14.7554,76.703,,,,,
05/28/16,03:45:00,14.7532,76.703,,,,,
05/28/16,04:00:00,14.7532,76.703,,,,,
05/28/16,04:15:00,14.7554,76.703,,,,,
05/28/16,04:30:00,14.7554,76.703,,,,,
05/28/16,04:45:00,14.7554,76.703,,,,,
05/28/16,05:00:00,14.7554,76.703,,,,,
05/28/16,05:15:00,14.7554,76.703,,,,,
05/28/16,05:30:00,14.7574,76.703,,,,,
05/28/16,05:45:00,14.7590,76.528,,,,,
05/28/16,06:00:00,14.7634,76.528,,,,,
05/28/16,06:15:00,14.7656,76.528,,,,,
05/28/16,06:30:00,14.7676,76.528,,,,,
05/28/16,06:45:00,14.7676,76.528,,,,,
05/28/16,07:00:00,14.7698,76.528,,,,,
05/28/16,07:15:00,14.7698,76.528,,,,,
05/28/16,07:30:00,14.7698,76.528,,,,,
05/28/16,07:45:00,14.7719,76.528,,,,,
05/28/16,08:00:00,14.7783,76.528,,,,,
05/28/16,08:15:00,14.7741,76.528,,,,,
05/28/16,08:30:00,14.7762,76.528,,,,,
05/28/16,08:45:00,14.7783,76.528,,,,,
05/28/16,09:00:00,14.7809,76.703,,,,,
05/28/16,09:15:00,14.7809,76.703,,,,,
05/28/16,09:30:00,14.7751,76.876,,,,,
05/28/16,09:45:00,14.7751,76.876,,,,,
05/28/16,10:00:00,14.7778,77.050,,,,,
05/28/16,10:15:00,14.7719,77.225,,,,,
05/28/16,10:30:00,14.7725,77.400,,,,,
05/28/16,10:45:00,14.7730,77.574,,,,,
05/28/16,11:00:00,14.7672,77.749,,,,,
05/28/16,11:15:00,14.7677,77.923,,,,,
05/28/16,11:30:00,14.7640,78.098,,,,,
05/28/16,11:45:00,14.7640,78.098,,,,,
05/28/16,12:00:00,14.7602,78.274,,,,,
05/28/16,12:15:00,14.7586,78.449,,,,,
05/28/16,12:30:00,14.7550,78.624,,,,,
05/28/16,12:45:00,14.7490,78.800,,,,,
05/28/16,13:00:00,14.7470,78.800,,,,,
05/28/16,13:15:00,14.7432,78.975,,,,,
05/28/16,13:30:00,14.7411,78.975,,,,,
05/28/16,13:45:00,14.7373,79.151,,,,,
05/28/16,14:00:00,14.7357,79.326,,,,,
05/28/16,14:15:00,14.7315,79.326,,,,,
05/28/16,14:30:00,14.7321,79.502,,,,,
05/28/16,14:45:00,14.7299,79.502,,,,,
05/28/16,15:00:00,14.7277,79.502,,,,,
05/28/16,15:15:00,14.7251,79.326,,,,,
05/28/16,15:30:00,14.7251,79.326,,,,,
05/28/16,15:45:00,14.7273,79.326,,,,,
05/28/16,16:00:00,14.7293,79.326,,,,,
05/28/16,16:15:00,14.7309,79.151,,,,,
05/28/16,16:30:00,14.7325,78.975,,,,,
05/28/16,16:45:00,14.7341,78.800,,,,,
05/28/16,17:00:00,14.7357,78.624,,,,,
05/28/16,17:15:00,14.7357,78.624,,,,,
05/28/16,17:30:00,14.7395,78.449,,,,,
05/28/16,17:45:00,14.7389,78.274,,,,,
05/28/16,18:00:00,14.7405,78.098,,,,,
05/28/16,18:15:00,14.7421,77.923,,,,,
05/28/16,18:30:00,14.7458,77.749,,,,,
05/28/16,18:45:00,14.7500,77.749,,,,,
05/28/16,19:00:00,14.7516,77.574,,,,,
05/28/16,19:15:00,14.7576,77.400,,,,,
05/28/16,19:30:00,14.7596,77.400,,,,,
05/28/16,19:45:00,14.7704,77.400,,,,,
05/28/16,20:00:00,14.7682,77.400,,,,,
05/28/16,20:15:00,14.7725,77.400,,,,,
05/28/16,20:30:00,14.7746,77.400,,,,,
05/28/16,20:45:00,14.7746,77.400,,,,,
05/28/16,21:00:00,14.7789,77.400,,,,,
05/28/16,21:15:00,14.7789,77.400,,,,,
05/28/16,21:30:00,14.7789,77.400,,,,,
05/28/16,21:45:00,14.7783,77.225,,,,,
05/28/16,22:00:00,14.7783,77.225,,,,,
05/28/16,22:15:00,14.7741,77.225,,,,,
05/28/16,22:30:00,14.7741,77.225,,,,,
05/28/16,22:45:00,14.7741,77.225,,,,,
05/28/16,23:00:00,14.7719,77.225,,,,,
05/28/16,23:15:00,14.7714,77.050,,,,,
05/28/16,23:30:00,14.7693,77.050,,,,,
05/28/16,23:45:00,14.7672,77.050,,,,,
05/29/16,00:00:00,14.7628,77.050,,,,,
05/29/16,00:15:00,14.7628,77.050,,,,,
05/29/16,00:30:00,14.7628,77.050,,,,,
05/29/16,00:45:00,14.7628,77.050,,,,,
05/29/16,01:00:00,14.7608,77.050,,,,,
05/29/16,01:15:00,14.7608,77.050,,,,,
05/29/16,01:30:00,14.7586,77.050,,,,,
05/29/16,01:45:00,14.7543,77.050,,,,,
05/29/16,02:00:00,14.7516,76.876,,,,,
05/29/16,02:15:00,14.7516,76.876,,,,,
05/29/16,02:30:00,14.7538,76.876,,,,,
05/29/16,02:45:00,14.7516,76.876,,,,,
05/29/16,03:00:00,14.7511,76.703,,,,,
05/29/16,03:15:00,14.7489,76.703,,,,,
05/29/16,03:30:00,14.7511,76.703,,,,,
05/29/16,03:45:00,14.7511,76.703,,,,,
05/29/16,04:00:00,14.7532,76.703,,,,,
05/29/16,04:15:00,14.7532,76.703,,,,,
05/29/16,04:30:00,14.7532,76.703,,,,,
05/29/16,04:45:00,14.7532,76.703,,,,,
05/29/16,05:00:00,14.7574,76.703,,,,,
05/29/16,05:15:00,14.7554,76.703,,,,,
05/29/16,05:30:00,14.7548,76.528,,,,,
05/29/16,05:45:00,14.7548,76.528,,,,,
05/29/16,06:00:00,14.7527,76.528,,,,,
05/29/16,06:15:00,14.7548,76.528,,,,,
05/29/16,06:30:00,14.7570,76.528,,,,,
05/29/16,06:45:00,14.7564,76.354,,,,,
05/29/16,07:00:00,14.7650,76.354,,,,,
05/29/16,07:15:00,14.7650,76.354,,,,,
05/29/16,07:30:00,14.7692,76.354,,,,,
05/29/16,07:45:00,14.7719,76.528,,,,,
05/29/16,08:00:00,14.7741,76.528,,,,,
05/29/16,08:15:00,14.7719,76.528,,,,,
05/29/16,08:30:00,14.7746,76.703,,,,,
05/29/16,08:45:00,14.7767,76.703,,,,,
05/29/16,09:00:00,14.7751,76.876,,,,,
05/29/16,09:15:00,14.7778,77.050,,,,,
05/29/16,09:30:00,14.7757,77.050,,,,,
05/29/16,09:45:00,14.7762,77.225,,,,,
05/29/16,10:00:00,14.7751,77.574,,,,,
05/29/16,10:15:00,14.7735,77.749,,,,,
05/29/16,10:30:00,14.7719,77.923,,,,,
05/29/16,10:45:00,14.7683,78.098,,,,,
05/29/16,11:00:00,14.7667,78.274,,,,,
05/29/16,11:15:00,14.7624,78.274,,,,,
05/29/16,11:30:00,14.7608,78.449,,,,,
05/29/16,11:45:00,14.7598,78.800,,,,,
05/29/16,12:00:00,14.7538,78.975,,,,,
05/29/16,12:15:00,14.7508,79.326,,,,,
05/29/16,12:30:00,14.7470,79.502,,,,,
05/29/16,12:45:00,14.7432,79.678,,,,,
05/29/16,13:00:00,14.7438,79.853,,,,,
05/29/16,13:15:00,14.7400,80.029,,,,,
05/29/16,13:30:00,14.7380,80.029,,,,,
05/29/16,13:45:00,14.7358,80.029,,,,,
05/29/16,14:00:00,14.7315,80.029,,,,,
05/29/16,14:15:00,14.7289,79.853,,,,,
05/29/16,14:30:00,14.7267,79.853,,,,,
05/29/16,14:45:00,14.7219,79.678,,,,,
05/29/16,15:00:00,14.7261,79.678,,,,,
05/29/16,15:15:00,14.7241,79.678,,,,,
05/29/16,15:30:00,14.7241,79.678,,,,,
05/29/16,15:45:00,14.7261,79.678,,,,,
05/29/16,16:00:00,14.7257,79.502,,,,,
05/29/16,16:15:00,14.7235,79.502,,,,,
05/29/16,16:30:00,14.7229,79.326,,,,,
05/29/16,16:45:00,14.7267,79.151,,,,,
05/29/16,17:00:00,14.7283,78.975,,,,,
05/29/16,17:15:00,14.7303,78.975,,,,,
05/29/16,17:30:00,14.7299,78.800,,,,,
05/29/16,17:45:00,14.7315,78.624,,,,,
05/29/16,18:00:00,14.7315,78.624,,,,,
05/29/16,18:15:00,14.7331,78.449,,,,,
05/29/16,18:30:00,14.7347,78.274,,,,,
05/29/16,18:45:00,14.7389,78.274,,,,,
05/29/16,19:00:00,14.7427,78.098,,,,,
05/29/16,19:15:00,14.7447,78.098,,,,,
05/29/16,19:30:00,14.7463,77.923,,,,,
05/29/16,19:45:00,14.7506,77.923,,,,,
05/29/16,20:00:00,14.7522,77.749,,,,,
05/29/16,20:15:00,14.7522,77.749,,,,,
05/29/16,20:30:00,14.7544,77.749,,,,,
05/29/16,20:45:00,14.7564,77.749,,,,,
05/29/16,21:00:00,14.7580,77.574,,,,,
05/29/16,21:15:00,14.7580,77.574,,,,,
05/29/16,21:30:00,14.7596,77.400,,,,,
05/29/16,21:45:00,14.7596,77.400,,,,,
05/29/16,22:00:00,14.7640,77.400,,,,,
05/29/16,22:15:00,14.7634,77.225,,,,,
05/29/16,22:30:00,14.7634,77.225,,,,,
05/29/16,22:45:00,14.7612,77.225,,,,,
05/29/16,23:00:00,14.7612,77.225,,,,,
05/29/16,23:15:00,14.7592,77.225,,,,,
05/29/16,23:30:00,14.7586,77.050,,,,,
05/29/16,23:45:00,14.7608,77.050,,,,,
05/30/16,00:00:00,14.7564,77.050,,,,,
05/30/16,00:15:00,14.7543,77.050,,,,,
05/30/16,00:30:00,14.7564,77.050,,,,,
05/30/16,00:45:00,14.7564,77.050,,,,,
05/30/16,01:00:00,14.7543,77.050,,,,,
05/30/16,01:15:00,14.7522,77.050,,,,,
05/30/16,01:30:00,14.7543,77.050,,,,,
05/30/16,01:45:00,14.7500,77.050,,,,,
05/30/16,02:00:00,14.7479,77.050,,,,,
05/30/16,02:15:00,14.7453,76.876,,,,,
05/30/16,02:30:00,14.7453,76.876,,,,,
05/30/16,02:45:00,14.7447,76.703,,,,,
05/30/16,03:00:00,14.7447,76.703,,,,,
05/30/16,03:15:00,14.7447,76.703,,,,,
05/30/16,03:30:00,14.7463,76.528,,,,,
05/30/16,03:45:00,14.7441,76.528,,,,,
05/30/16,04:00:00,14.7441,76.528,,,,,
05/30/16,04:15:00,14.7415,76.354,,,,,
05/30/16,04:30:00,14.7437,76.354,,,,,
05/30/16,04:45:00,14.7457,76.354,,,,,
05/30/16,05:00:00,14.7457,76.354,,,,,
05/30/16,05:15:00,14.7473,76.181,,,,,
05/30/16,05:30:00,14.7473,76.181,,,,,
05/30/16,05:45:00,14.7495,76.181,,,,,
05/30/16,06:00:00,14.7516,76.181,,,,,
05/30/16,06:15:00,14.7538,76.181,,,,,
05/30/16,06:30:00,14.7538,76.181,,,,,
05/30/16,06:45:00,14.7558,76.181,,,,,
05/30/16,07:00:00,14.7580,76.181,,,,,
05/30/16,07:15:00,14.7564,76.354,,,,,
05/30/16,07:30:00,14.7586,76.354,,,,,
05/30/16,07:45:00,14.7628,76.354,,,,,
05/30/16,08:00:00,14.7672,76.354,,,,,
05/30/16,08:15:00,14.7714,76.354,,,,,
05/30/16,08:30:00,14.7719,76.528,,,,,
05/30/16,08:45:00,14.7741,76.528,,,,,
05/30/16,09:00:00,14.7741,76.528,,,,,
05/30/16,09:15:00,14.7719,76.528,,,,,
05/30/16,09:30:00,14.7682,76.703,,,,,
05/30/16,09:45:00,14.7709,76.876,,,,,
05/30/16,10:00:00,14.7693,77.050,,,,,
05/30/16,10:15:00,14.7677,77.225,,,,,
05/30/16,10:30:00,14.7682,77.400,,,,,
05/30/16,10:45:00,14.7646,77.574,,,,,
05/30/16,11:00:00,14.7614,77.923,,,,,
05/30/16,11:15:00,14.7618,78.098,,,,,
05/30/16,11:30:00,14.7554,78.098,,,,,
05/30/16,11:45:00,14.7538,78.274,,,,,
05/30/16,12:00:00,14.7480,78.449,,,,,
05/30/16,12:15:00,14.7470,78.800,,,,,
05/30/16,12:30:00,14.7454,78.975,,,,,
05/30/16,12:45:00,14.7432,78.975,,,,,
05/30/16,13:00:00,14.7411,78.975,,,,,
05/30/16,13:15:00,14.7373,79.151,,,,,
05/30/16,13:30:00,14.7331,79.151,,,,,
05/30/16,13:45:00,14.7267,79.151,,,,,
05/30/16,14:00:00,14.7245,79.151,,,,,
05/30/16,14:15:00,14.7353,79.151,,,,,
05/30/16,14:30:00,14.7203,79.151,,,,,
05/30/16,14:45:00,14.7223,79.151,,,,,
05/30/16,15:00:00,14.7176,78.975,,,,,
05/30/16,15:15:00,14.7197,78.975,,,,,
05/30/16,15:30:00,14.7176,78.975,,,,,
05/30/16,15:45:00,14.7176,78.975,,,,,
05/30/16,16:00:00,14.7176,78.975,,,,,
05/30/16,16:15:00,14.7197,78.975,,,,,
05/30/16,16:30:00,14.7197,78.975,,,,,
05/30/16,16:45:00,14.7197,78.975,,,,,
05/30/16,17:00:00,14.7234,78.800,,,,,
05/30/16,17:15:00,14.7234,78.800,,,,,
05/30/16,17:30:00,14.7250,78.624,,,,,
05/30/16,17:45:00,14.7271,78.624,,,,,
05/30/16,18:00:00,14.7266,78.449,,,,,
05/30/16,18:15:00,14.7266,78.449,,,,,
05/30/16,18:30:00,14.7261,78.274,,,,,
05/30/16,18:45:00,14.7277,78.098,,,,,
05/30/16,19:00:00,14.7297,78.098,,,,,
05/30/16,19:15:00,14.7335,77.923,,,,,
05/30/16,19:30:00,14.7399,77.923,,,,,
05/30/16,19:45:00,14.7351,77.749,,,,,
05/30/16,20:00:00,14.7373,77.749,,,,,
05/30/16,20:15:00,14.7409,77.574,,,,,
05/30/16,20:30:00,14.7431,77.574,,,,,
05/30/16,20:45:00,14.7453,77.574,,,,,
05/30/16,21:00:00,14.7431,77.574,,,,,
05/30/16,21:15:00,14.7453,77.574,,,,,
05/30/16,21:30:00,14.7447,77.400,,,,,
05/30/16,21:45:00,14.7469,77.400,,,,,
05/30/16,22:00:00,14.7469,77.400,,,,,
05/30/16,22:15:00,14.7469,77.400,,,,,
05/30/16,22:30:00,14.7490,77.400,,,,,
05/30/16,22:45:00,14.7447,77.400,,,,,
05/30/16,23:00:00,14.7485,77.225,,,,,
05/30/16,23:15:00,14.7463,77.225,,,,,
05/30/16,23:30:00,14.7463,77.225,,,,,
05/30/16,23:45:00,14.7441,77.225,,,,,
05/31/16,00:00:00,14.7421,77.225,,,,,
05/31/16,00:15:00,14.7421,77.225,,,,,
05/31/16,00:30:00,14.7399,77.225,,,,,
05/31/16,00:45:00,14.7377,77.225,,,,,
05/31/16,01:00:00,14.7377,77.225,,,,,
05/31/16,01:15:00,14.7373,77.050,,,,,
05/31/16,01:30:00,14.7351,77.050,,,,,
05/31/16,01:45:00,14.7329,77.050,,,,,
05/31/16,02:00:00,14.7308,77.050,,,,,
05/31/16,02:15:00,14.7266,77.050,,,,,
05/31/16,02:30:00,14.7266,77.050,,,,,
05/31/16,02:45:00,14.7244,77.050,,,,,
05/31/16,03:00:00,14.7222,77.050,,,,,
05/31/16,03:15:00,14.7222,77.050,,,,,
05/31/16,03:30:00,14.7244,77.050,,,,,
05/31/16,03:45:00,14.7222,77.050,,,,,
05/31/16,04:00:00,14.7222,77.050,,,,,
05/31/16,04:15:00,14.7244,77.050,,,,,
05/31/16,04:30:00,14.7260,76.876,,,,,
05/31/16,04:45:00,14.7303,76.876,,,,,
05/31/16,05:00:00,14.7303,76.876,,,,,
05/31/16,05:15:00,14.7345,76.876,,,,,
05/31/16,05:30:00,14.7345,76.876,,,,,
05/31/16,05:45:00,14.7345,76.876,,,,,
05/31/16,06:00:00,14.7367,76.876,,,,,
05/31/16,06:15:00,14.7345,76.876,,,,,
05/31/16,06:30:00,14.7389,76.876,,,,,
05/31/16,06:45:00,14.7409,76.876,,,,,
05/31/16,07:00:00,14.7431,76.876,,,,,
05/31/16,07:15:00,14.7453,76.876,,,,,
05/31/16,07:30:00,14.7453,76.876,,,,,
05/31/16,07:45:00,14.7453,76.876,,,,,
05/31/16,08:00:00,14.7495,76.876,,,,,
05/31/16,08:15:00,14.7495,76.876,,,,,
05/31/16,08:30:00,14.7558,76.876,,,,,
05/31/16,08:45:00,14.7558,76.876,,,,,
05/31/16,09:00:00,14.7564,77.050,,,,,
05/31/16,09:15:00,14.7543,77.050,,,,,
05/31/16,09:30:00,14.7543,77.050,,,,,
05/31/16,09:45:00,14.7570,77.225,,,,,
05/31/16,10:00:00,14.7532,77.400,,,,,
05/31/16,10:15:00,14.7538,77.574,,,,,
05/31/16,10:30:00,14.7516,77.574,,,,,
05/31/16,10:45:00,14.7522,77.749,,,,,
05/31/16,11:00:00,14.7485,77.923,,,,,
05/31/16,11:15:00,14.7469,78.098,,,,,
05/31/16,11:30:00,14.7474,78.274,,,,,
05/31/16,11:45:00,14.7411,78.274,,,,,
05/31/16,12:00:00,14.7395,78.449,,,,,
05/31/16,12:15:00,14.7379,78.624,,,,,
05/31/16,12:30:00,14.7357,78.624,,,,,
05/31/16,12:45:00,14.7341,78.800,,,,,
05/31/16,13:00:00,14.7325,78.975,,,,,
05/31/16,13:15:00,14.7283,78.975,,,,,
05/31/16,13:30:00,14.7287,79.151,,,,,
05/31/16,13:45:00,14.7245,79.151,,,,,
05/31/16,14:00:00,14.7203,79.151,,,,,
05/31/16,14:15:00,14.7181,79.151,,,,,
05/31/16,14:30:00,14.7165,79.326,,,,,
05/31/16,14:45:00,14.7165,79.326,,,,,
05/31/16,15:00:00,14.7144,79.326,,,,,
05/31/16,15:15:00,14.7187,79.326,,,,,
05/31/16,15:30:00,14.7187,79.326,,,,,
05/31/16,15:45:00,14.7144,79.326,,,,,
05/31/16,16:00:00,14.7160,79.151,,,,,
05/31/16,16:15:00,14.7118,79.151,,,,,
05/31/16,16:30:00,14.7181,79.151,,,,,
05/31/16,16:45:00,14.7160,79.151,,,,,
05/31/16,17:00:00,14.7197,78.975,,,,,
05/31/16,17:15:00,14.7213,78.800,,,,,
05/31/16,17:30:00,14.7255,78.800,,,,,
05/31/16,17:45:00,14.7271,78.624,,,,,
05/31/16,18:00:00,14.7271,78.624,,,,,
05/31/16,18:15:00,14.7309,78.449,,,,,
05/31/16,18:30:00,14.7325,78.274,,,,,
05/31/16,18:45:00,14.7363,78.098,,,,,
05/31/16,19:00:00,14.7405,78.098,,,,,
05/31/16,19:15:00,14.7442,77.923,,,,,
05/31/16,19:30:00,14.7463,77.923,,,,,
05/31/16,19:45:00,14.7485,77.923,,,,,
05/31/16,20:00:00,14.7522,77.749,,,,,
05/31/16,20:15:00,14.7544,77.749,,,,,
05/31/16,20:30:00,14.7564,77.749,,,,,
05/31/16,20:45:00,14.7538,77.574,,,,,
05/31/16,21:00:00,14.7560,77.574,,,,,
05/31/16,21:15:00,14.7576,77.400,,,,,
05/31/16,21:30:00,14.7554,77.400,,,,,
05/31/16,21:45:00,14.7554,77.400,,,,,
05/31/16,22:00:00,14.7554,77.400,,,,,
05/31/16,22:15:00,14.7570,77.225,,,,,
05/31/16,22:30:00,14.7527,77.225,,,,,
05/31/16,22:45:00,14.7527,77.225,,,,,
05/31/16,23:00:00,14.7527,77.225,,,,,
05/31/16,23:15:00,14.7506,77.225,,,,,
05/31/16,23:30:00,14.7506,77.225,,,,,
05/31/16,23:45:00,14.7479,77.050,,,,,
06/01/16,00:00:00,14.7457,77.050,,,,,
06/01/16,00:15:00,14.7437,77.050,,,,,
06/01/16,00:30:00,14.7437,77.050,,,,,
06/01/16,00:45:00,14.7453,76.876,,,,,
06/01/16,01:00:00,14.7409,76.876,,,,,
06/01/16,01:15:00,14.7367,76.876,,,,,
06/01/16,01:30:00,14.7324,76.876,,,,,
06/01/16,01:45:00,14.7303,76.876,,,,,
06/01/16,02:00:00,14.7281,76.876,,,,,
06/01/16,02:15:00,14.7212,76.703,,,,,
06/01/16,02:30:00,14.7190,76.703,,,,,
06/01/16,02:45:00,14.7170,76.703,,,,,
06/01/16,03:00:00,14.7148,76.703,,,,,
06/01/16,03:15:00,14.7120,76.528,,,,,
06/01/16,03:30:00,14.7120,76.528,,,,,
06/01/16,03:45:00,14.7116,76.354,,,,,
06/01/16,04:00:00,14.7116,76.354,,,,,
06/01/16,04:15:00,14.7136,76.354,,,,,
06/01/16,04:30:00,14.7158,76.354,,,,,
06/01/16,04:45:00,14.7180,76.354,,,,,
06/01/16,05:00:00,14.7180,76.354,,,,,
06/01/16,05:15:00,14.7218,76.181,,,,,
06/01/16,05:30:00,14.7238,76.181,,,,,
06/01/16,05:45:00,14.7238,76.181,,,,,
06/01/16,06:00:00,14.7260,76.181,,,,,
06/01/16,06:15:00,14.7281,76.181,,,,,
06/01/16,06:30:00,14.7297,76.006,,,,,
06/01/16,06:45:00,14.7319,76.006,,,,,
06/01/16,07:00:00,14.7361,76.006,,,,,
06/01/16,07:15:00,14.7361,76.006,,,,,
06/01/16,07:30:00,14.7403,76.006,,,,,
06/01/16,07:45:00,14.7403,76.006,,,,,
06/01/16,08:00:00,14.7447,76.006,,,,,
06/01/16,08:15:00,14.7447,76.006,,,,,
06/01/16,08:30:00,14.7447,76.006,,,,,
06/01/16,08:45:00,14.7469,76.006,,,,,
06/01/16,09:00:00,14.7489,76.006,,,,,
06/01/16,09:15:00,14.7489,76.006,,,,,
06/01/16,09:30:00,14.7516,76.181,,,,,
06/01/16,09:45:00,14.7495,76.181,,,,,
06/01/16,10:00:00,14.7479,76.354,,,,,
06/01/16,10:15:00,14.7457,76.354,,,,,
06/01/16,10:30:00,14.7463,76.528,,,,,
06/01/16,10:45:00,14.7485,76.528,,,,,
06/01/16,11:00:00,14.7447,76.703,,,,,
06/01/16,11:15:00,14.7457,77.050,,,,,
06/01/16,11:30:00,14.7437,77.050,,,,,
06/01/16,11:45:00,14.7399,77.225,,,,,
06/01/16,12:00:00,14.7357,77.225,,,,,
06/01/16,12:15:00,14.7319,77.400,,,,,
06/01/16,12:30:00,14.7281,77.574,,,,,
06/01/16,12:45:00,14.7271,77.923,,,,,
06/01/16,13:00:00,14.7255,78.098,,,,,
06/01/16,13:15:00,14.7218,78.274,,,,,
06/01/16,13:30:00,14.7202,78.449,,,,,
06/01/16,13:45:00,14.7186,78.624,,,,,
06/01/16,14:00:00,14.7164,78.624,,,,,
06/01/16,14:15:00,14.7144,78.624,,,,,
06/01/16,14:30:00,14.7100,78.624,,,,,
06/01/16,14:45:00,14.7064,78.800,,,,,
06/01/16,15:00:00,14.7064,78.800,,,,,
06/01/16,15:15:00,14.7064,78.800,,,,,
06/01/16,15:30:00,14.7084,78.800,,,,,
06/01/16,15:45:00,14.7084,78.800,,,,,
06/01/16,16:00:00,14.7064,78.800,,,,,
06/01/16,16:15:00,14.7048,78.975,,,,,
06/01/16,16:30:00,14.7068,78.975,,,,,
06/01/16,16:45:00,14.7048,78.975,,,,,
06/01/16,17:00:00,14.7084,78.800,,,,,
06/01/16,17:15:00,14.7106,78.800,,,,,
06/01/16,17:30:00,14.7100,78.624,,,,,
06/01/16,17:45:00,14.7122,78.624,,,,,
06/01/16,18:00:00,14.7138,78.449,,,,,
06/01/16,18:15:00,14.7138,78.449,,,,,
06/01/16,18:30:00,14.7180,78.449,,,,,
06/01/16,18:45:00,14.7176,78.274,,,,,
06/01/16,19:00:00,14.7218,78.274,,,,,
06/01/16,19:15:00,14.7281,78.274,,,,,
06/01/16,19:30:00,14.7277,78.098,,,,,
06/01/16,19:45:00,14.7319,78.098,,,,,
06/01/16,20:00:00,14.7363,78.098,,,,,
06/01/16,20:15:00,14.7383,78.098,,,,,
06/01/16,20:30:00,14.7399,77.923,,,,,
06/01/16,20:45:00,14.7399,77.923,,,,,
06/01/16,21:00:00,14.7421,77.923,,,,,
06/01/16,21:15:00,14.7421,77.923,,,,,
06/01/16,21:30:00,14.7442,77.923,,,,,
06/01/16,21:45:00,14.7442,77.923,,,,,
06/01/16,22:00:00,14.7442,77.923,,,,,
06/01/16,22:15:00,14.7437,77.749,,,,,
06/01/16,22:30:00,14.7458,77.749,,,,,
06/01/16,22:45:00,14.7437,77.749,,,,,
06/01/16,23:00:00,14.7437,77.749,,,,,
06/01/16,23:15:00,14.7437,77.749,,,,,
06/01/16,23:30:00,14.7437,77.749,,,,,
06/01/16,23:45:00,14.7415,77.749,,,,,
06/02/16,00:00:00,14.7415,77.749,,,,,
06/02/16,00:15:00,14.7437,77.749,,,,,
06/02/16,00:30:00,14.7373,77.749,,,,,
06/02/16,00:45:00,14.7393,77.749,,,,,
06/02/16,01:00:00,14.7351,77.749,,,,,
06/02/16,01:15:00,14.7329,77.749,,,,,
06/02/16,01:30:00,14.7309,77.749,,,,,
06/02/16,01:45:00,14.7309,77.749,,,,,
06/02/16,02:00:00,14.7309,77.749,,,,,
06/02/16,02:15:00,14.7287,77.749,,,,,
06/02/16,02:30:00,14.7266,77.749,,,,,
06/02/16,02:45:00,14.7266,77.749,,,,,
06/02/16,03:00:00,14.7202,77.749,,,,,
06/02/16,03:15:00,14.7180,77.749,,,,,
06/02/16,03:30:00,14.7174,77.574,,,,,
06/02/16,03:45:00,14.7180,77.749,,,,,
06/02/16,04:00:00,14.7132,77.574,,,,,
06/02/16,04:15:00,14.7132,77.574,,,,,
06/02/16,04:30:00,14.7154,77.574,,,,,
06/02/16,04:45:00,14.7174,77.574,,,,,
06/02/16,05:00:00,14.7174,77.574,,,,,
06/02/16,05:15:00,14.7154,77.574,,,,,
06/02/16,05:30:00,14.7174,77.574,,,,,
06/02/16,05:45:00,14.7154,77.574,,,,,
06/02/16,06:00:00,14.7154,77.574,,,,,
06/02/16,06:15:00,14.7196,77.574,,,,,
06/02/16,06:30:00,14.7218,77.574,,,,,
06/02/16,06:45:00,14.7239,77.574,,,,,
06/02/16,07:00:00,14.7260,77.574,,,,,
06/02/16,07:15:00,14.7303,77.574,,,,,
06/02/16,07:30:00,14.7345,77.574,,,,,
06/02/16,07:45:00,14.7367,77.574,,,,,
06/02/16,08:00:00,14.7409,77.574,,,,,
06/02/16,08:15:00,14.7367,77.574,,,,,
06/02/16,08:30:00,14.7409,77.574,,,,,
06/02/16,08:45:00,14.7409,77.574,,,,,
06/02/16,09:00:00,14.7415,77.749,,,,,
06/02/16,09:15:00,14.7415,77.749,,,,,
06/02/16,09:30:00,14.7421,77.923,,,,,
06/02/16,09:45:00,14.7421,77.923,,,,,
06/02/16,10:00:00,14.7383,78.098,,,,,
06/02/16,10:15:00,14.7389,78.274,,,,,
06/02/16,10:30:00,14.7395,78.449,,,,,
06/02/16,10:45:00,14.7395,78.449,,,,,
06/02/16,11:00:00,14.7357,78.624,,,,,
06/02/16,11:15:00,14.7347,78.975,,,,,
06/02/16,11:30:00,14.7353,79.151,,,,,
06/02/16,11:45:00,14.7315,79.326,,,,,
06/02/16,12:00:00,14.7299,79.502,,,,,
06/02/16,12:15:00,14.7261,79.678,,,,,
06/02/16,12:30:00,14.7267,79.853,,,,,
06/02/16,12:45:00,14.7251,80.029,,,,,
06/02/16,13:00:00,14.7235,80.206,,,,,
06/02/16,13:15:00,14.7177,80.382,,,,,
06/02/16,13:30:00,14.7155,80.382,,,,,
06/02/16,13:45:00,14.7113,80.382,,,,,
06/02/16,14:00:00,14.7203,80.559,,,,,
06/02/16,14:15:00,14.7076,80.559,,,,,
06/02/16,14:30:00,14.7012,80.559,,,,,
06/02/16,14:45:00,14.7006,80.382,,,,,
06/02/16,15:00:00,14.6964,80.382,,,,,
06/02/16,15:15:00,14.6984,80.382,,,,,
06/02/16,15:30:00,14.6984,80.382,,,,,
06/02/16,15:45:00,14.6964,80.382,,,,,
06/02/16,16:00:00,14.6984,80.382,,,,,
06/02/16,16:15:00,14.6964,80.382,,,,,
06/02/16,16:30:00,14.6978,80.206,,,,,
06/02/16,16:45:00,14.7022,80.206,,,,,
06/02/16,17:00:00,14.7038,80.029,,,,,
06/02/16,17:15:00,14.7038,80.029,,,,,
06/02/16,17:30:00,14.7054,79.853,,,,,
06/02/16,17:45:00,14.7054,79.853,,,,,
06/02/16,18:00:00,14.7090,79.678,,,,,
06/02/16,18:15:00,14.7112,79.678,,,,,
06/02/16,18:30:00,14.7112,79.678,,,,,
06/02/16,18:45:00,14.7128,79.502,,,,,
06/02/16,19:00:00,14.7149,79.502,,,,,
06/02/16,19:15:00,14.7213,79.502,,,,,
06/02/16,19:30:00,14.7229,79.326,,,,,
06/02/16,19:45:00,14.7273,79.326,,,,,
06/02/16,20:00:00,14.7293,79.326,,,,,
06/02/16,20:15:00,14.7309,79.151,,,,,
06/02/16,20:30:00,14.7309,79.151,,,,,
06/02/16,20:45:00,14.7353,79.151,,,,,
06/02/16,21:00:00,14.7353,79.151,,,,,
06/02/16,21:15:00,14.7353,79.151,,,,,
06/02/16,21:30:00,14.7353,79.151,,,,,
06/02/16,21:45:00,14.7368,78.975,,,,,
06/02/16,22:00:00,14.7389,78.975,,,,,
06/02/16,22:15:00,14.7411,78.975,,,,,
06/02/16,22:30:00,14.7411,78.975,,,,,
06/02/16,22:45:00,14.7384,78.800,,,,,
06/02/16,23:00:00,14.7363,78.800,,,,,
06/02/16,23:15:00,14.7470,78.800,,,,,
06/02/16,23:30:00,14.7405,78.800,,,,,
06/02/16,23:45:00,14.7384,78.800,,,,,
06/03/16,00:00:00,14.7400,78.624,,,,,
06/03/16,00:15:00,14.7357,78.624,,,,,
06/03/16,00:30:00,14.7357,78.624,,,,,
06/03/16,00:45:00,14.7351,78.449,,,,,
06/03/16,01:00:00,14.7309,78.449,,,,,
06/03/16,01:15:00,14.7287,78.449,,,,,
06/03/16,01:30:00,14.7287,78.449,,,,,
06/03/16,01:45:00,14.7266,78.449,,,,,
06/03/16,02:00:00,14.7245,78.449,,,,,
06/03/16,02:15:00,14.7261,78.274,,,,,
06/03/16,02:30:00,14.7218,78.274,,,,,
06/03/16,02:45:00,14.7218,78.274,,,,,
06/03/16,03:00:00,14.7176,78.274,,,,,
06/03/16,03:15:00,14.7192,78.098,,,,,
06/03/16,03:30:00,14.7170,78.098,,,,,
06/03/16,03:45:00,14.7148,78.098,,,,,
06/03/16,04:00:00,14.7170,78.098,,,,,
06/03/16,04:15:00,14.7126,78.098,,,,,
06/03/16,04:30:00,14.7186,77.923,,,,,
06/03/16,04:45:00,14.7208,77.923,,,,,
06/03/16,05:00:00,14.7228,77.923,,,,,
06/03/16,05:15:00,14.7250,77.923,,,,,
06/03/16,05:30:00,14.7234,78.098,,,,,
06/03/16,05:45:00,14.7255,78.098,,,,,
06/03/16,06:00:00,14.7250,77.923,,,,,
06/03/16,06:15:00,14.7313,77.923,,,,,
06/03/16,06:30:00,14.7313,77.923,,,,,
06/03/16,06:45:00,14.7335,77.923,,,,,
06/03/16,07:00:00,14.7357,77.923,,,,,
06/03/16,07:15:00,14.7379,77.923,,,,,
06/03/16,07:30:00,14.7379,77.923,,,,,
06/03/16,07:45:00,14.7421,77.923,,,,,
06/03/16,08:00:00,14.7442,77.923,,,,,
06/03/16,08:15:00,14.7447,78.098,,,,,
06/03/16,08:30:00,14.7469,78.098,,,,,
06/03/16,08:45:00,14.7469,78.098,,,,,
06/03/16,09:00:00,14.7496,78.274,,,,,
06/03/16,09:15:00,14.7496,78.274,,,,,
06/03/16,09:30:00,14.7458,78.449,,,,,
06/03/16,09:45:00,14.7442,78.624,,,,,
06/03/16,10:00:00,14.7421,78.624,,,,,
06/03/16,10:15:00,14.7405,78.800,,,,,
06/03/16,10:30:00,14.7411,78.975,,,,,
06/03/16,10:45:00,14.7389,78.975,,,,,
06/03/16,11:00:00,14.7357,79.326,,,,,
06/03/16,11:15:00,14.7321,79.502,,,,,
06/03/16,11:30:00,14.7305,79.678,,,,,
06/03/16,11:45:00,14.7289,79.853,,,,,
06/03/16,12:00:00,14.7295,80.029,,,,,
06/03/16,12:15:00,14.7215,80.206,,,,,
06/03/16,12:30:00,14.7177,80.382,,,,,
06/03/16,12:45:00,14.7139,80.559,,,,,
06/03/16,13:00:00,14.7123,80.735,,,,,
06/03/16,13:15:00,14.7071,81.090,,,,,
06/03/16,13:30:00,14.7055,81.266,,,,,
06/03/16,13:45:00,14.7018,81.442,,,,,
06/03/16,14:00:00,14.6975,81.442,,,,,
06/03/16,14:15:00,14.6954,81.442,,,,,
06/03/16,14:30:00,14.6954,81.442,,,,,
06/03/16,14:45:00,14.6932,81.442,,,,,
06/03/16,15:00:00,14.6910,81.442,,,,,
06/03/16,15:15:00,14.6890,81.442,,,,,
06/03/16,15:30:00,14.6932,81.442,,,,,
06/03/16,15:45:00,14.6890,81.442,,,,,
06/03/16,16:00:00,14.6948,81.266,,,,,
06/03/16,16:15:00,14.6948,81.266,,,,,
06/03/16,16:30:00,14.6970,81.266,,,,,
06/03/16,16:45:00,14.6964,81.090,,,,,
06/03/16,17:00:00,14.6958,80.911,,,,,
06/03/16,17:15:00,14.6996,80.735,,,,,
06/03/16,17:30:00,14.6996,80.735,,,,,
06/03/16,17:45:00,14.7033,80.559,,,,,
06/03/16,18:00:00,14.7054,80.559,,,,,
06/03/16,18:15:00,14.7070,80.382,,,,,
06/03/16,18:30:00,14.7107,80.206,,,,,
06/03/16,18:45:00,14.7129,80.206,,,,,
06/03/16,19:00:00,14.7165,80.029,,,,,
06/03/16,19:15:00,14.7145,80.029,,,,,
06/03/16,19:30:00,14.7209,80.029,,,,,
06/03/16,19:45:00,14.7245,79.853,,,,,
06/03/16,20:00:00,14.7267,79.853,,,,,
06/03/16,20:15:00,14.7305,79.678,,,,,
06/03/16,20:30:00,14.7305,79.678,,,,,
06/03/16,20:45:00,14.7305,79.678,,,,,
06/03/16,21:00:00,14.7347,79.678,,,,,
06/03/16,21:15:00,14.7341,79.502,,,,,
06/03/16,21:30:00,14.7341,79.502,,,,,
06/03/16,21:45:00,14.7357,79.326,,,,,
06/03/16,22:00:00,14.7337,79.326,,,,,
06/03/16,22:15:00,14.7357,79.326,,,,,
06/03/16,22:30:00,14.7357,79.326,,,,,
06/03/16,22:45:00,14.7373,79.151,,,,,
06/03/16,23:00:00,14.7353,79.151,,,,,
06/03/16,23:15:00,14.7353,79.151,,,,,
06/03/16,23:30:00,14.7347,78.975,,,,,
06/03/16,23:45:00,14.7325,78.975,,,,,
06/04/16,00:00:00,14.7325,78.975,,,,,
06/04/16,00:15:00,14.7303,78.975,,,,,
06/04/16,00:30:00,14.7303,78.975,,,,,
06/04/16,00:45:00,14.7299,78.800,,,,,
06/04/16,01:00:00,14.7277,78.800,,,,,
06/04/16,01:15:00,14.7277,78.800,,,,,
06/04/16,01:30:00,14.7277,78.800,,,,,
06/04/16,01:45:00,14.7271,78.624,,,,,
06/04/16,02:00:00,14.7250,78.624,,,,,
06/04/16,02:15:00,14.7208,78.624,,,,,
06/04/16,02:30:00,14.7186,78.624,,,,,
06/04/16,02:45:00,14.7208,78.624,,,,,
06/04/16,03:00:00,14.7164,78.624,,,,,
06/04/16,03:15:00,14.7144,78.624,,,,,
06/04/16,03:30:00,14.7138,78.449,,,,,
06/04/16,03:45:00,14.7116,78.449,,,,,
06/04/16,04:00:00,14.7138,78.449,,,,,
06/04/16,04:15:00,14.7116,78.449,,,,,
06/04/16,04:30:00,14.7096,78.449,,,,,
06/04/16,04:45:00,14.7090,78.274,,,,,
06/04/16,05:00:00,14.7132,78.274,,,,,
06/04/16,05:15:00,14.7132,78.274,,,,,
06/04/16,05:30:00,14.7154,78.274,,,,,
06/04/16,05:45:00,14.7154,78.274,,,,,
06/04/16,06:00:00,14.7154,78.274,,,,,
06/04/16,06:15:00,14.7148,78.098,,,,,
06/04/16,06:30:00,14.7148,78.098,,,,,
06/04/16,06:45:00,14.7148,78.098,,,,,
06/04/16,07:00:00,14.7192,78.098,,,,,
06/04/16,07:15:00,14.7164,77.923,,,,,
06/04/16,07:30:00,14.7228,77.923,,,,,
06/04/16,07:45:00,14.7228,77.923,,,,,
06/04/16,08:00:00,14.7228,77.923,,,,,
06/04/16,08:15:00,14.7228,77.923,,,,,
06/04/16,08:30:00,14.7228,77.923,,,,,
06/04/16,08:45:00,14.7271,77.923,,,,,
06/04/16,09:00:00,14.7293,77.923,,,,,
06/04/16,09:15:00,14.7313,77.923,,,,,
06/04/16,09:30:00,14.7293,77.923,,,,,
06/04/16,09:45:00,14.7297,78.098,,,,,
06/04/16,10:00:00,14.7277,78.098,,,,,
06/04/16,10:15:00,14.7261,78.274,,,,,
06/04/16,10:30:00,14.7250,78.624,,,,,
06/04/16,10:45:00,14.7234,78.800,,,,,
06/04/16,11:00:00,14.7303,78.975,,,,,
06/04/16,11:15:00,14.7208,79.326,,,,,
06/04/16,11:30:00,14.7192,79.502,,,,,
06/04/16,11:45:00,14.7128,79.502,,,,,
06/04/16,12:00:00,14.7070,79.678,,,,,
06/04/16,12:15:00,14.7048,79.678,,,,,
06/04/16,12:30:00,14.7026,79.678,,,,,
06/04/16,12:45:00,14.6984,79.678,,,,,
06/04/16,13:00:00,14.6962,79.678,,,,,
06/04/16,13:15:00,14.6920,79.678,,,,,
06/04/16,13:30:00,14.6899,79.678,,,,,
06/04/16,13:45:00,14.6899,79.678,,,,,
06/04/16,14:00:00,14.6835,79.678,,,,,
06/04/16,14:15:00,14.6813,79.678,,,,,
06/04/16,14:30:00,14.6775,79.853,,,,,
06/04/16,14:45:00,14.6733,79.853,,,,,
06/04/16,15:00:00,14.6733,79.853,,,,,
06/04/16,15:15:00,14.6711,79.853,,,,,
06/04/16,15:30:00,14.6739,80.029,,,,,
06/04/16,15:45:00,14.6759,80.029,,,,,
06/04/16,16:00:00,14.6759,80.029,,,,,
06/04/16,16:15:00,14.6759,80.029,,,,,
06/04/16,16:30:00,14.6781,80.029,,,,,
06/04/16,16:45:00,14.6797,79.853,,,,,
06/04/16,17:00:00,14.6839,79.853,,,,,
06/04/16,17:15:00,14.6855,79.678,,,,,
06/04/16,17:30:00,14.6835,79.678,,,,,
06/04/16,17:45:00,14.6893,79.502,,,,,
06/04/16,18:00:00,14.6915,79.502,,,,,
06/04/16,18:15:00,14.6887,79.326,,,,,
06/04/16,18:30:00,14.6952,79.326,,,,,
06/04/16,18:45:00,14.6994,79.326,,,,,
06/04/16,19:00:00,14.7010,79.151,,,,,
06/04/16,19:15:00,14.7032,79.151,,,,,
06/04/16,19:30:00,14.7052,79.151,,,,,
06/04/16,19:45:00,14.7090,78.975,,,,,
06/04/16,20:00:00,14.7134,78.975,,,,,
06/04/16,20:15:00,14.7149,78.800,,,,,
06/04/16,20:30:00,14.7170,78.800,,,,,
06/04/16,20:45:00,14.7144,78.624,,,,,
06/04/16,21:00:00,14.7164,78.624,,,,,
06/04/16,21:15:00,14.7186,78.624,,,,,
06/04/16,21:30:00,14.7186,78.624,,,,,
06/04/16,21:45:00,14.7202,78.449,,,,,
06/04/16,22:00:00,14.7223,78.449,,,,,
06/04/16,22:15:00,14.7218,78.274,,,,,
06/04/16,22:30:00,14.7218,78.274,,,,,
06/04/16,22:45:00,14.7196,78.274,,,,,
06/04/16,23:00:00,14.7176,78.274,,,,,
06/04/16,23:15:00,14.7176,78.274,,,,,
06/04/16,23:30:00,14.7170,78.098,,,,,
06/04/16,23:45:00,14.7192,78.098,,,,,
06/05/16,00:00:00,14.7192,78.098,,,,,
06/05/16,00:15:00,14.7192,78.098,,,,,
06/05/16,00:30:00,14.7186,77.923,,,,,
06/05/16,00:45:00,14.7186,77.923,,,,,
06/05/16,01:00:00,14.7186,77.923,,,,,
06/05/16,01:15:00,14.7186,77.923,,,,,
06/05/16,01:30:00,14.7164,77.923,,,,,
06/05/16,01:45:00,14.7158,77.749,,,,,
06/05/16,02:00:00,14.7094,77.749,,,,,
06/05/16,02:15:00,14.7116,77.749,,,,,
06/05/16,02:30:00,14.7116,77.749,,,,,
06/05/16,02:45:00,14.7090,77.574,,,,,
06/05/16,03:00:00,14.7110,77.574,,,,,
06/05/16,03:15:00,14.7068,77.574,,,,,
06/05/16,03:30:00,14.7047,77.574,,,,,
06/05/16,03:45:00,14.7047,77.574,,,,,
06/05/16,04:00:00,14.7062,77.400,,,,,
06/05/16,04:15:00,14.7020,77.400,,,,,
06/05/16,04:30:00,14.7041,77.400,,,,,
06/05/16,04:45:00,14.7036,77.225,,,,,
06/05/16,05:00:00,14.7036,77.225,,,,,
06/05/16,05:15:00,14.7078,77.225,,,,,
06/05/16,05:30:00,14.7122,77.225,,,,,
06/05/16,05:45:00,14.7122,77.225,,,,,
06/05/16,06:00:00,14.7122,77.225,,,,,
06/05/16,06:15:00,14.7158,77.050,,,,,
06/05/16,06:30:00,14.7158,77.050,,,,,
06/05/16,06:45:00,14.7138,77.050,,,,,
06/05/16,07:00:00,14.7180,77.050,,,,,
06/05/16,07:15:00,14.7222,77.050,,,,,
06/05/16,07:30:00,14.7244,77.050,,,,,
06/05/16,07:45:00,14.7266,77.050,,,,,
06/05/16,08:00:00,14.7287,77.050,,,,,
06/05/16,08:15:00,14.7329,77.050,,,,,
06/05/16,08:30:00,14.7329,77.050,,,,,
06/05/16,08:45:00,14.7329,77.050,,,,,
06/05/16,09:00:00,14.7351,77.050,,,,,
06/05/16,09:15:00,14.7357,77.225,,,,,
06/05/16,09:30:00,14.7377,77.225,,,,,
06/05/16,09:45:00,14.7399,77.225,,,,,
06/05/16,10:00:00,14.7377,77.225,,,,,
06/05/16,10:15:00,14.7357,77.225,,,,,
06/05/16,10:30:00,14.7361,77.400,,,,,
06/05/16,10:45:00,14.7341,77.400,,,,,
06/05/16,11:00:00,14.7345,77.574,,,,,
06/05/16,11:15:00,14.7303,77.574,,,,,
06/05/16,11:30:00,14.7260,77.574,,,,,
06/05/16,11:45:00,14.7244,77.749,,,,,
06/05/16,12:00:00,14.7223,77.749,,,,,
06/05/16,12:15:00,14.7192,78.098,,,,,
06/05/16,12:30:00,14.7126,78.098,,,,,
06/05/16,12:45:00,14.7112,78.274,,,,,
06/05/16,13:00:00,14.7074,78.449,,,,,
06/05/16,13:15:00,14.7058,78.624,,,,,
06/05/16,13:30:00,14.7015,78.624,,,,,
06/05/16,13:45:00,14.6978,78.800,,,,,
06/05/16,14:00:00,14.6978,78.800,,,,,
06/05/16,14:15:00,14.6983,78.975,,,,,
06/05/16,14:30:00,14.6946,79.151,,,,,
06/05/16,14:45:00,14.6925,79.151,,,,,
06/05/16,15:00:00,14.6909,79.326,,,,,
06/05/16,15:15:00,14.6887,79.326,,,,,
06/05/16,15:30:00,14.6867,79.326,,,,,
06/05/16,15:45:00,14.6867,79.326,,,,,
06/05/16,16:00:00,14.6887,79.326,,,,,
06/05/16,16:15:00,14.6909,79.326,,,,,
06/05/16,16:30:00,14.6925,79.151,,,,,
06/05/16,16:45:00,14.6983,78.975,,,,,
06/05/16,17:00:00,14.6962,78.975,,,,,
06/05/16,17:15:00,14.6978,78.800,,,,,
06/05/16,17:30:00,14.7036,78.624,,,,,
06/05/16,17:45:00,14.7015,78.624,,,,,
06/05/16,18:00:00,14.7031,78.449,,,,,
06/05/16,18:15:00,14.7074,78.449,,,,,
06/05/16,18:30:00,14.7047,78.274,,,,,
06/05/16,18:45:00,14.7126,78.098,,,,,
06/05/16,19:00:00,14.7142,77.923,,,,,
06/05/16,19:15:00,14.7202,77.749,,,,,
06/05/16,19:30:00,14.7287,77.749,,,,,
06/05/16,19:45:00,14.7303,77.574,,,,,
06/05/16,20:00:00,14.7341,77.400,,,,,
06/05/16,20:15:00,14.7297,77.400,,,,,
06/05/16,20:30:00,14.7292,77.225,,,,,
06/05/16,20:45:00,14.7335,77.225,,,,,
06/05/16,21:00:00,14.7329,77.050,,,,,
06/05/16,21:15:00,14.7329,77.050,,,,,
06/05/16,21:30:00,14.7329,77.050,,,,,
06/05/16,21:45:00,14.7345,76.876,,,,,
06/05/16,22:00:00,14.7389,76.876,,,,,
06/05/16,22:15:00,14.7383,76.703,,,,,
06/05/16,22:30:00,14.7361,76.703,,,,,
06/05/16,22:45:00,14.7361,76.703,,,,,
06/05/16,23:00:00,14.7355,76.528,,,,,
06/05/16,23:15:00,14.7351,76.354,,,,,
06/05/16,23:30:00,14.7351,76.354,,,,,
06/05/16,23:45:00,14.7393,76.354,,,,,
06/06/16,00:00:00,14.7345,76.181,,,,,
06/06/16,00:15:00,14.7345,76.181,,,,,
06/06/16,00:30:00,14.7339,76.006,,,,,
06/06/16,00:45:00,14.7297,76.006,,,,,
06/06/16,01:00:00,14.7276,76.006,,,,,
06/06/16,01:15:00,14.7250,75.832,,,,,
06/06/16,01:30:00,14.7250,75.832,,,,,
06/06/16,01:45:00,14.7228,75.832,,,,,
06/06/16,02:00:00,14.7222,75.659,,,,,
06/06/16,02:15:00,14.7202,75.659,,,,,
06/06/16,02:30:00,14.7202,75.659,,,,,
06/06/16,02:45:00,14.7180,75.659,,,,,
06/06/16,03:00:00,14.7158,75.659,,,,,
06/06/16,03:15:00,14.7136,75.659,,,,,
06/06/16,03:30:00,14.7158,75.659,,,,,
06/06/16,03:45:00,14.7132,75.484,,,,,
06/06/16,04:00:00,14.7110,75.484,,,,,
06/06/16,04:15:00,14.7110,75.484,,,,,
06/06/16,04:30:00,14.7110,75.484,,,,,
06/06/16,04:45:00,14.7110,75.484,,,,,
06/06/16,05:00:00,14.7132,75.484,,,,,
06/06/16,05:15:00,14.7132,75.484,,,,,
06/06/16,05:30:00,14.7126,75.312,,,,,
06/06/16,05:45:00,14.7152,75.484,,,,,
06/06/16,06:00:00,14.7148,75.312,,,,,
06/06/16,06:15:00,14.7190,75.312,,,,,
06/06/16,06:30:00,14.7190,75.312,,,,,
06/06/16,06:45:00,14.7234,75.312,,,,,
06/06/16,07:00:00,14.7276,75.312,,,,,
06/06/16,07:15:00,14.7270,75.139,,,,,
06/06/16,07:30:00,14.7270,75.139,,,,,
06/06/16,07:45:00,14.7313,75.139,,,,,
06/06/16,08:00:00,14.7355,75.139,,,,,
06/06/16,08:15:00,14.7377,75.139,,,,,
06/06/16,08:30:00,14.7399,75.139,,,,,
06/06/16,08:45:00,14.7441,75.139,,,,,
06/06/16,09:00:00,14.7447,75.312,,,,,
06/06/16,09:15:00,14.7447,75.312,,,,,
06/06/16,09:30:00,14.7447,75.312,,,,,
06/06/16,09:45:00,14.7447,75.312,,,,,
06/06/16,10:00:00,14.7447,75.312,,,,,
06/06/16,10:15:00,14.7447,75.312,,,,,
06/06/16,10:30:00,14.7453,75.484,,,,,
06/06/16,10:45:00,14.7457,75.659,,,,,
06/06/16,11:00:00,14.7415,75.659,,,,,
06/06/16,11:15:00,14.7399,75.832,,,,,
06/06/16,11:30:00,14.7387,76.181,,,,,
06/06/16,11:45:00,14.7371,76.354,,,,,
06/06/16,12:00:00,14.7377,76.528,,,,,
06/06/16,12:15:00,14.7361,76.703,,,,,
06/06/16,12:30:00,14.7345,76.876,,,,,
06/06/16,12:45:00,14.7303,76.876,,,,,
06/06/16,13:00:00,14.7244,77.050,,,,,
06/06/16,13:15:00,14.7202,77.050,,,,,
06/06/16,13:30:00,14.7228,77.225,,,,,
06/06/16,13:45:00,14.7228,77.225,,,,,
06/06/16,14:00:00,14.7228,77.225,,,,,
06/06/16,14:15:00,14.7206,77.225,,,,,
06/06/16,14:30:00,14.7158,77.050,,,,,
06/06/16,14:45:00,14.7158,77.050,,,,,
06/06/16,15:00:00,14.7138,77.050,,,,,
06/06/16,15:15:00,14.7138,77.050,,,,,
06/06/16,15:30:00,14.7138,77.050,,,,,
06/06/16,15:45:00,14.7180,77.050,,,,,
06/06/16,16:00:00,14.7158,77.050,,,,,
06/06/16,16:15:00,14.7174,76.876,,,,,
06/06/16,16:30:00,14.7196,76.876,,,,,
06/06/16,16:45:00,14.7218,76.876,,,,,
06/06/16,17:00:00,14.7234,76.703,,,,,
06/06/16,17:15:00,14.7276,76.703,,,,,
06/06/16,17:30:00,14.7292,76.528,,,,,
06/06/16,17:45:00,14.7313,76.528,,,,,
06/06/16,18:00:00,14.7329,76.354,,,,,
06/06/16,18:15:00,14.7351,76.354,,,,,
06/06/16,18:30:00,14.7345,76.181,,,,,
06/06/16,18:45:00,14.7387,76.181,,,,,
06/06/16,19:00:00,14.7403,76.006,,,,,
06/06/16,19:15:00,14.7403,76.006,,,,,
06/06/16,19:30:00,14.7419,75.832,,,,,
06/06/16,19:45:00,14.7441,75.832,,,,,
06/06/16,20:00:00,14.7479,75.659,,,,,
06/06/16,20:15:00,14.7479,75.659,,,,,
06/06/16,20:30:00,14.7473,75.484,,,,,
06/06/16,20:45:00,14.7495,75.484,,,,,
06/06/16,21:00:00,14.7447,75.312,,,,,
06/06/16,21:15:00,14.7489,75.312,,,,,
06/06/16,21:30:00,14.7532,75.312,,,,,
06/06/16,21:45:00,14.7505,75.139,,,,,
06/06/16,22:00:00,14.7527,75.139,,,,,
06/06/16,22:15:00,14.7500,74.964,,,,,
06/06/16,22:30:00,14.7521,74.964,,,,,
06/06/16,22:45:00,14.7479,74.964,,,,,
06/06/16,23:00:00,14.7500,74.964,,,,,
06/06/16,23:15:00,14.7495,74.791,,,,,
06/06/16,23:30:00,14.7473,74.791,,,,,
06/06/16,23:45:00,14.7473,74.791,,,,,
06/07/16,00:00:00,14.7453,74.791,,,,,
06/07/16,00:15:00,14.7425,74.619,,,,,
06/07/16,00:30:00,14.7425,74.619,,,,,
06/07/16,00:45:00,14.7425,74.619,,,,,
06/07/16,01:00:00,14.7403,74.619,,,,,
06/07/16,01:15:00,14.7403,74.619,,,,,
06/07/16,01:30:00,14.7339,74.619,,,,,
06/07/16,01:45:00,14.7403,74.619,,,,,
06/07/16,02:00:00,14.7383,74.619,,,,,
06/07/16,02:15:00,14.7335,74.446,,,,,
06/07/16,02:30:00,14.7335,74.446,,,,,
06/07/16,02:45:00,14.7270,74.446,,,,,
06/07/16,03:00:00,14.7292,74.446,,,,,
06/07/16,03:15:00,14.7313,74.446,,,,,
06/07/16,03:30:00,14.7292,74.446,,,,,
06/07/16,03:45:00,14.7292,74.446,,,,,
06/07/16,04:00:00,14.7286,74.271,,,,,
06/07/16,04:15:00,14.7244,74.271,,,,,
06/07/16,04:30:00,14.7244,74.271,,,,,
06/07/16,04:45:00,14.7266,74.271,,,,,
06/07/16,05:00:00,14.7266,74.271,,,,,
06/07/16,05:15:00,14.7286,74.271,,,,,
06/07/16,05:30:00,14.7286,74.271,,,,,
06/07/16,05:45:00,14.7266,74.271,,,,,
06/07/16,06:00:00,14.7286,74.271,,,,,
06/07/16,06:15:00,14.7286,74.271,,,,,
06/07/16,06:30:00,14.7308,74.271,,,,,
06/07/16,06:45:00,14.7286,74.271,,,,,
06/07/16,07:00:00,14.7308,74.271,,,,,
06/07/16,07:15:00,14.7308,74.271,,,,,
06/07/16,07:30:00,14.7329,74.271,,,,,
06/07/16,07:45:00,14.7329,74.271,,,,,
06/07/16,08:00:00,14.7351,74.271,,,,,
06/07/16,08:15:00,14.7371,74.271,,,,,
06/07/16,08:30:00,14.7393,74.271,,,,,
06/07/16,08:45:00,14.7415,74.271,,,,,
06/07/16,09:00:00,14.7457,74.271,,,,,
06/07/16,09:15:00,14.7441,74.446,,,,,
06/07/16,09:30:00,14.7485,74.446,,,,,
06/07/16,09:45:00,14.7441,74.446,,,,,
06/07/16,10:00:00,14.7419,74.446,,,,,
06/07/16,10:15:00,14.7425,74.619,,,,,
06/07/16,10:30:00,14.7403,74.619,,,,,
06/07/16,10:45:00,14.7431,74.791,,,,,
06/07/16,11:00:00,14.7409,74.791,,,,,
06/07/16,11:15:00,14.7371,74.964,,,,,
06/07/16,11:30:00,14.7361,75.312,,,,,
06/07/16,11:45:00,14.7367,75.484,,,,,
06/07/16,12:00:00,14.7313,75.832,,,,,
06/07/16,12:15:00,14.7281,76.181,,,,,
06/07/16,12:30:00,14.7270,76.528,,,,,
06/07/16,12:45:00,14.7234,76.703,,,,,
06/07/16,13:00:00,14.7196,76.876,,,,,
06/07/16,13:15:00,14.7158,77.050,,,,,
06/07/16,13:30:00,14.7142,77.225,,,,,
06/07/16,13:45:00,14.7126,77.400,,,,,
06/07/16,14:00:00,14.7084,77.400,,,,,
06/07/16,14:15:00,14.7090,77.574,,,,,
06/07/16,14:30:00,14.7047,77.574,,,,,
06/07/16,14:45:00,14.7052,77.749,,,,,
06/07/16,15:00:00,14.7052,77.749,,,,,
06/07/16,15:15:00,14.7074,77.749,,,,,
06/07/16,15:30:00,14.7052,77.749,,,,,
06/07/16,15:45:00,14.7052,77.749,,,,,
06/07/16,16:00:00,14.7074,77.749,,,,,
06/07/16,16:15:00,14.7094,77.749,,,,,
06/07/16,16:30:00,14.7116,77.749,,,,,
06/07/16,16:45:00,14.7132,77.574,,,,,
06/07/16,17:00:00,14.7148,77.400,,,,,
06/07/16,17:15:00,14.7186,77.225,,,,,
06/07/16,17:30:00,14.7222,77.050,,,,,
06/07/16,17:45:00,14.7202,77.050,,,,,
06/07/16,18:00:00,14.7238,76.876,,,,,
06/07/16,18:15:00,14.7238,76.876,,,,,
06/07/16,18:30:00,14.7297,76.703,,,,,
06/07/16,18:45:00,14.7319,76.703,,,,,
06/07/16,19:00:00,14.7355,76.528,,,,,
06/07/16,19:15:00,14.7355,76.528,,,,,
06/07/16,19:30:00,14.7371,76.354,,,,,
06/07/16,19:45:00,14.7351,76.354,,,,,
06/07/16,20:00:00,14.7393,76.354,,,,,
06/07/16,20:15:00,14.7393,76.354,,,,,
06/07/16,20:30:00,14.7387,76.181,,,,,
06/07/16,20:45:00,14.7409,76.181,,,,,
06/07/16,21:00:00,14.7409,76.181,,,,,
06/07/16,21:15:00,14.7387,76.181,,,,,
06/07/16,21:30:00,14.7431,76.181,,,,,
06/07/16,21:45:00,14.7409,76.181,,,,,
06/07/16,22:00:00,14.7387,76.181,,,,,
06/07/16,22:15:00,14.7403,76.006,,,,,
06/07/16,22:30:00,14.7361,76.006,,,,,
06/07/16,22:45:00,14.7361,76.006,,,,,
06/07/16,23:00:00,14.7387,76.181,,,,,
06/07/16,23:15:00,14.7387,76.181,,,,,
06/07/16,23:30:00,14.7409,76.181,,,,,
06/07/16,23:45:00,14.7383,76.006,,,,,
06/08/16,00:00:00,14.7403,76.006,,,,,
06/08/16,00:15:00,14.7425,76.006,,,,,
06/08/16,00:30:00,14.7403,76.006,,,,,
06/08/16,00:45:00,14.7355,75.832,,,,,
06/08/16,01:00:00,14.7335,75.832,,,,,
06/08/16,01:15:00,14.7335,75.832,,,,,
06/08/16,01:30:00,14.7377,75.832,,,,,
06/08/16,01:45:00,14.7313,75.832,,,,,
06/08/16,02:00:00,14.7292,75.832,,,,,
06/08/16,02:15:00,14.7250,75.832,,,,,
06/08/16,02:30:00,14.7313,75.832,,,,,
06/08/16,02:45:00,14.7292,75.832,,,,,
06/08/16,03:00:00,14.7292,75.832,,,,,
06/08/16,03:15:00,14.7250,75.832,,,,,
06/08/16,03:30:00,14.7270,75.832,,,,,
06/08/16,03:45:00,14.7270,75.832,,,,,
06/08/16,04:00:00,14.7206,75.832,,,,,
06/08/16,04:15:00,14.7164,75.832,,,,,
06/08/16,04:30:00,14.7206,75.832,,,,,
06/08/16,04:45:00,14.7206,75.832,,,,,
06/08/16,05:00:00,14.7206,75.832,,,,,
06/08/16,05:15:00,14.7228,75.832,,,,,
06/08/16,05:30:00,14.7228,75.832,,,,,
06/08/16,05:45:00,14.7313,75.832,,,,,
06/08/16,06:00:00,14.7355,75.832,,,,,
06/08/16,06:15:00,14.7485,75.832,,,,,
06/08/16,06:30:00,14.7548,75.832,,,,,
06/08/16,06:45:00,14.7634,75.832,,,,,
06/08/16,07:00:00,14.7698,75.832,,,,,
06/08/16,07:15:00,14.7590,75.832,,,,,
06/08/16,07:30:00,14.7676,75.832,,,,,
06/08/16,07:45:00,14.7719,75.832,,,,,
06/08/16,08:00:00,14.7762,75.832,,,,,
06/08/16,08:15:00,14.7809,76.006,,,,,
06/08/16,08:30:00,14.7809,76.006,,,,,
06/08/16,08:45:00,14.7809,76.006,,,,,
06/08/16,09:00:00,14.7751,76.181,,,,,
06/08/16,09:15:00,14.7751,76.181,,,,,
06/08/16,09:30:00,14.7730,76.181,,,,,
06/08/16,09:45:00,14.7688,76.181,,,,,
06/08/16,10:00:00,14.7692,76.354,,,,,
06/08/16,10:15:00,14.7672,76.354,,,,,
06/08/16,10:30:00,14.7628,76.354,,,,,
06/08/16,10:45:00,14.7612,76.528,,,,,
06/08/16,11:00:00,14.7596,76.703,,,,,
06/08/16,11:15:00,14.7554,76.703,,,,,
06/08/16,11:30:00,14.7516,76.876,,,,,
06/08/16,11:45:00,14.7479,77.050,,,,,
06/08/16,12:00:00,14.7463,77.225,,,,,
06/08/16,12:15:00,14.7447,77.400,,,,,
06/08/16,12:30:00,14.7389,77.574,,,,,
06/08/16,12:45:00,14.7399,77.923,,,,,
06/08/16,13:00:00,14.7357,77.923,,,,,
06/08/16,13:15:00,14.7363,78.098,,,,,
06/08/16,13:30:00,14.7341,78.098,,,,,
06/08/16,13:45:00,14.7347,78.274,,,,,
06/08/16,14:00:00,14.7303,78.274,,,,,
06/08/16,14:15:00,14.7287,78.449,,,,,
06/08/16,14:30:00,14.7287,78.449,,,,,
06/08/16,14:45:00,14.7266,78.449,,,,,
06/08/16,15:00:00,14.7223,78.449,,,,,
06/08/16,15:15:00,14.7245,78.449,,,,,
06/08/16,15:30:00,14.7202,78.449,,,,,
06/08/16,15:45:00,14.7202,78.449,,,,,
06/08/16,16:00:00,14.7223,78.449,,,,,
06/08/16,16:15:00,14.7218,78.274,,,,,
06/08/16,16:30:00,14.7218,78.274,,,,,
06/08/16,16:45:00,14.7218,78.274,,,,,
06/08/16,17:00:00,14.7239,78.274,,,,,
06/08/16,17:15:00,14.7255,78.098,,,,,
06/08/16,17:30:00,14.7255,78.098,,,,,
06/08/16,17:45:00,14.7277,78.098,,,,,
06/08/16,18:00:00,14.7271,77.923,,,,,
06/08/16,18:15:00,14.7250,77.923,,,,,
06/08/16,18:30:00,14.7271,77.923,,,,,
06/08/16,18:45:00,14.7287,77.749,,,,,
06/08/16,19:00:00,14.7309,77.749,,,,,
06/08/16,19:15:00,14.7329,77.749,,,,,
06/08/16,19:30:00,14.7351,77.749,,,,,
06/08/16,19:45:00,14.7373,77.749,,,,,
06/08/16,20:00:00,14.7367,77.574,,,,,
06/08/16,20:15:00,14.7431,77.574,,,,,
06/08/16,20:30:00,14.7453,77.574,,,,,
06/08/16,20:45:00,14.7409,77.574,,,,,
06/08/16,21:00:00,14.7431,77.574,,,,,
06/08/16,21:15:00,14.7474,77.574,,,,,
06/08/16,21:30:00,14.7447,77.400,,,,,
06/08/16,21:45:00,14.7447,77.400,,,,,
06/08/16,22:00:00,14.7469,77.400,,,,,
06/08/16,22:15:00,14.7469,77.400,,,,,
06/08/16,22:30:00,14.7469,77.400,,,,,
06/08/16,22:45:00,14.7490,77.400,,,,,
06/08/16,23:00:00,14.7490,77.400,,,,,
06/08/16,23:15:00,14.7421,77.225,,,,,
06/08/16,23:30:00,14.7421,77.225,,,,,
06/08/16,23:45:00,14.7377,77.225,,,,,
06/09/16,00:00:00,14.7421,77.225,,,,,
06/09/16,00:15:00,14.7357,77.225,,,,,
06/09/16,00:30:00,14.7335,77.225,,,,,
06/09/16,00:45:00,14.7357,77.225,,,,,
06/09/16,01:00:00,14.7329,77.050,,,,,
06/09/16,01:15:00,14.7287,77.050,,,,,
06/09/16,01:30:00,14.7222,77.050,,,,,
06/09/16,01:45:00,14.7287,77.050,,,,,
06/09/16,02:00:00,14.7238,76.876,,,,,
06/09/16,02:15:00,14.7196,76.876,,,,,
06/09/16,02:30:00,14.7238,76.876,,,,,
06/09/16,02:45:00,14.7196,76.876,,,,,
06/09/16,03:00:00,14.7196,76.876,,,,,
06/09/16,03:15:00,14.7174,76.876,,,,,
06/09/16,03:30:00,14.7174,76.876,,,,,
06/09/16,03:45:00,14.7132,76.876,,,,,
06/09/16,04:00:00,14.7110,76.876,,,,,
06/09/16,04:15:00,14.7110,76.876,,,,,
06/09/16,04:30:00,14.7132,76.876,,,,,
06/09/16,04:45:00,14.7132,76.876,,,,,
06/09/16,05:00:00,14.7110,76.876,,,,,
06/09/16,05:15:00,14.7154,76.876,,,,,
06/09/16,05:30:00,14.7196,76.876,,,,,
06/09/16,05:45:00,14.7190,76.703,,,,,
06/09/16,06:00:00,14.7254,76.703,,,,,
06/09/16,06:15:00,14.7276,76.703,,,,,
06/09/16,06:30:00,14.7276,76.703,,,,,
06/09/16,06:45:00,14.7297,76.703,,,,,
06/09/16,07:00:00,14.7319,76.703,,,,,
06/09/16,07:15:00,14.7319,76.703,,,,,
06/09/16,07:30:00,14.7319,76.703,,,,,
06/09/16,07:45:00,14.7297,76.703,,,,,
06/09/16,08:00:00,14.7297,76.703,,,,,
06/09/16,08:15:00,14.7345,76.876,,,,,
06/09/16,08:30:00,14.7367,76.876,,,,,
06/09/16,08:45:00,14.7367,76.876,,,,,
06/09/16,09:00:00,14.7345,76.876,,,,,
06/09/16,09:15:00,14.7351,77.050,,,,,
06/09/16,09:30:00,14.7357,77.225,,,,,
06/09/16,09:45:00,14.7335,77.225,,,,,
06/09/16,10:00:00,14.7345,77.574,,,,,
06/09/16,10:15:00,14.7329,77.749,,,,,
06/09/16,10:30:00,14.7293,77.923,,,,,
06/09/16,10:45:00,14.7277,78.098,,,,,
06/09/16,11:00:00,14.7277,78.098,,,,,
06/09/16,11:15:00,14.7245,78.449,,,,,
06/09/16,11:30:00,14.7223,78.449,,,,,
06/09/16,11:45:00,14.7186,78.624,,,,,
06/09/16,12:00:00,14.7149,78.800,,,,,
06/09/16,12:15:00,14.7154,78.975,,,,,
06/09/16,12:30:00,14.7118,79.151,,,,,
06/09/16,12:45:00,14.7118,79.151,,,,,
06/09/16,13:00:00,14.7058,79.326,,,,,
06/09/16,13:15:00,14.6978,79.502,,,,,
06/09/16,13:30:00,14.6978,79.502,,,,,
06/09/16,13:45:00,14.7006,79.678,,,,,
06/09/16,14:00:00,14.7010,79.853,,,,,
06/09/16,14:15:00,14.7038,80.029,,,,,
06/09/16,14:30:00,14.7016,80.029,,,,,
06/09/16,14:45:00,14.7044,80.206,,,,,
06/09/16,15:00:00,14.7064,80.206,,,,,
06/09/16,15:15:00,14.7107,80.206,,,,,
06/09/16,15:30:00,14.7091,80.382,,,,,
06/09/16,15:45:00,14.7070,80.382,,,,,
06/09/16,16:00:00,14.7097,80.559,,,,,
06/09/16,16:15:00,14.7097,80.559,,,,,
06/09/16,16:30:00,14.7161,80.559,,,,,
06/09/16,16:45:00,14.7225,80.559,,,,,
06/09/16,17:00:00,14.7284,80.382,,,,,
06/09/16,17:15:00,14.7241,80.382,,,,,
06/09/16,17:30:00,14.7235,80.206,,,,,
06/09/16,17:45:00,14.7257,80.206,,,,,
06/09/16,18:00:00,14.7315,80.029,,,,,
06/09/16,18:15:00,14.7315,80.029,,,,,
06/09/16,18:30:00,14.7310,79.853,,,,,
06/09/16,18:45:00,14.7331,79.853,,,,,
06/09/16,19:00:00,14.7326,79.678,,,,,
06/09/16,19:15:00,14.7368,79.678,,,,,
06/09/16,19:30:00,14.7406,79.502,,,,,
06/09/16,19:45:00,14.7427,79.502,,,,,
06/09/16,20:00:00,14.7400,79.326,,,,,
06/09/16,20:15:00,14.7400,79.326,,,,,
06/09/16,20:30:00,14.7422,79.326,,,,,
06/09/16,20:45:00,14.7442,79.326,,,,,
06/09/16,21:00:00,14.7422,79.326,,,,,
06/09/16,21:15:00,14.7395,79.151,,,,,
06/09/16,21:30:00,14.7395,79.151,,,,,
06/09/16,21:45:00,14.7389,78.975,,,,,
06/09/16,22:00:00,14.7389,78.975,,,,,
06/09/16,22:15:00,14.7389,78.975,,,,,
06/09/16,22:30:00,14.7389,78.975,,,,,
06/09/16,22:45:00,14.7411,78.975,,,,,
06/09/16,23:00:00,14.7384,78.800,,,,,
06/09/16,23:15:00,14.7384,78.800,,,,,
06/09/16,23:30:00,14.7384,78.800,,,,,
06/09/16,23:45:00,14.7363,78.800,,,,,
06/10/16,00:00:00,14.7384,78.800,,,,,
06/10/16,00:15:00,14.7400,78.624,,,,,
06/10/16,00:30:00,14.7400,78.624,,,,,
06/10/16,00:45:00,14.7442,78.624,,,,,
06/10/16,01:00:00,14.7400,78.624,,,,,
06/10/16,01:15:00,14.7379,78.624,,,,,
06/10/16,01:30:00,14.7400,78.624,,,,,
06/10/16,01:45:00,14.7566,78.449,,,,,
06/10/16,02:00:00,14.7500,78.449,,,,,
06/10/16,02:15:00,14.7672,78.449,,,,,
06/10/16,02:30:00,14.7582,78.274,,,,,
06/10/16,02:45:00,14.7453,78.274,,,,,
06/10/16,03:00:00,14.7453,78.274,,,,,
06/10/16,03:15:00,14.7431,78.274,,,,,
06/10/16,03:30:00,14.7411,78.274,,,,,
06/10/16,03:45:00,14.7367,78.274,,,,,
06/10/16,04:00:00,14.7405,78.098,,,,,
06/10/16,04:15:00,14.7363,78.098,,,,,
06/10/16,04:30:00,14.7383,78.098,,,,,
06/10/16,04:45:00,14.7383,78.098,,,,,
06/10/16,05:00:00,14.7363,78.098,,,,,
06/10/16,05:15:00,14.7363,78.098,,,,,
06/10/16,05:30:00,14.7319,78.098,,,,,
06/10/16,05:45:00,14.7319,78.098,,,,,
06/10/16,06:00:00,14.7297,78.098,,,,,
06/10/16,06:15:00,14.7297,78.098,,,,,
06/10/16,06:30:00,14.7341,78.098,,,,,
06/10/16,06:45:00,14.7363,78.098,,,,,
06/10/16,07:00:00,14.7379,77.923,,,,,
06/10/16,07:15:00,14.7399,77.923,,,,,
06/10/16,07:30:00,14.7421,77.923,,,,,
06/10/16,07:45:00,14.7463,77.923,,,,,
06/10/16,08:00:00,14.7463,77.923,,,,,
06/10/16,08:15:00,14.7506,77.923,,,,,
06/10/16,08:30:00,14.7528,77.923,,,,,
06/10/16,08:45:00,14.7485,77.923,,,,,
06/10/16,09:00:00,14.7634,77.923,,,,,
06/10/16,09:15:00,14.7592,77.923,,,,,
06/10/16,09:30:00,14.7592,77.923,,,,,
06/10/16,09:45:00,14.7698,77.923,,,,,
06/10/16,10:00:00,14.7614,77.923,,,,,
06/10/16,10:15:00,14.7512,78.098,,,,,
06/10/16,10:30:00,14.7490,78.098,,,,,
06/10/16,10:45:00,14.7447,78.098,,,,,
06/10/16,11:00:00,14.7431,78.274,,,,,
06/10/16,11:15:00,14.7411,78.274,,,,,
06/10/16,11:30:00,14.7373,78.449,,,,,
06/10/16,11:45:00,14.7331,78.449,,,,,
06/10/16,12:00:00,14.7271,78.624,,,,,
06/10/16,12:15:00,14.7229,78.624,,,,,
06/10/16,12:30:00,14.7250,78.624,,,,,
06/10/16,12:45:00,14.7208,78.624,,,,,
06/10/16,13:00:00,14.7192,78.800,,,,,
06/10/16,13:15:00,14.7170,78.800,,,,,
06/10/16,13:30:00,14.7170,78.800,,,,,
06/10/16,13:45:00,14.7128,78.800,,,,,
06/10/16,14:00:00,14.7106,78.800,,,,,
06/10/16,14:15:00,14.7112,78.975,,,,,
06/10/16,14:30:00,14.7048,78.975,,,,,
06/10/16,14:45:00,14.7026,78.975,,,,,
06/10/16,15:00:00,14.6988,79.151,,,,,
06/10/16,15:15:00,14.6946,79.151,,,,,
06/10/16,15:30:00,14.6946,79.151,,,,,
06/10/16,15:45:00,14.6973,79.326,,,,,
06/10/16,16:00:00,14.6973,79.326,,,,,
06/10/16,16:15:00,14.7016,79.326,,,,,
06/10/16,16:30:00,14.7016,79.326,,,,,
06/10/16,16:45:00,14.7058,79.326,,,,,
06/10/16,17:00:00,14.7058,79.326,,,,,
06/10/16,17:15:00,14.7058,79.326,,,,,
06/10/16,17:30:00,14.7080,79.326,,,,,
06/10/16,17:45:00,14.7122,79.326,,,,,
06/10/16,18:00:00,14.7122,79.326,,,,,
06/10/16,18:15:00,14.7138,79.151,,,,,
06/10/16,18:30:00,14.7138,79.151,,,,,
06/10/16,18:45:00,14.7218,78.975,,,,,
06/10/16,19:00:00,14.7176,78.975,,,,,
06/10/16,19:15:00,14.7197,78.975,,,,,
06/10/16,19:30:00,14.7234,78.800,,,,,
06/10/16,19:45:00,14.7213,78.800,,,,,
06/10/16,20:00:00,14.7213,78.800,,,,,
06/10/16,20:15:00,14.7234,78.800,,,,,
06/10/16,20:30:00,14.7234,78.800,,,,,
06/10/16,20:45:00,14.7234,78.800,,,,,
06/10/16,21:00:00,14.7229,78.624,,,,,
06/10/16,21:15:00,14.7271,78.624,,,,,
06/10/16,21:30:00,14.7250,78.624,,,,,
06/10/16,21:45:00,14.7186,78.624,,,,,
06/10/16,22:00:00,14.7229,78.624,,,,,
06/10/16,22:15:00,14.7208,78.624,,,,,
06/10/16,22:30:00,14.7180,78.449,,,,,
06/10/16,22:45:00,14.7223,78.449,,,,,
06/10/16,23:00:00,14.7309,78.449,,,,,
06/10/16,23:15:00,14.7389,78.274,,,,,
06/10/16,23:30:00,14.7817,78.274,,,,,
06/10/16,23:45:00,14.7667,78.274,,,,,
06/11/16,00:00:00,14.7875,78.098,,,,,
06/11/16,00:15:00,14.7767,78.098,,,,,
06/11/16,00:30:00,14.7789,78.098,,,,,
06/11/16,00:45:00,14.7763,77.923,,,,,
06/11/16,01:00:00,14.7891,77.923,,,,,
06/11/16,01:15:00,14.7950,77.749,,,,,
06/11/16,01:30:00,14.8078,77.749,,,,,
06/11/16,01:45:00,14.8735,77.574,,,,,
06/11/16,02:00:00,14.9772,77.225,,,,,
06/11/16,02:15:00,14.9894,77.050,,,,,
06/11/16,02:30:00,14.9547,76.876,,,,,
06/11/16,02:45:00,14.9332,76.876,,,,,
06/11/16,03:00:00,14.9055,76.876,,,,,
06/11/16,03:15:00,14.8841,76.876,,,,,
06/11/16,03:30:00,14.8671,76.876,,,,,
06/11/16,03:45:00,14.8542,76.876,,,,,
06/11/16,04:00:00,14.8435,76.876,,,,,
06/11/16,04:15:00,14.8392,76.876,,,,,
06/11/16,04:30:00,14.8307,76.876,,,,,
06/11/16,04:45:00,14.8243,76.876,,,,,
06/11/16,05:00:00,14.8157,76.876,,,,,
06/11/16,05:15:00,14.8094,76.876,,,,,
06/11/16,05:30:00,14.8072,76.876,,,,,
06/11/16,05:45:00,14.8050,76.876,,,,,
06/11/16,06:00:00,14.8028,76.876,,,,,
06/11/16,06:15:00,14.8028,76.876,,,,,
06/11/16,06:30:00,14.7986,76.876,,,,,
06/11/16,06:45:00,14.7965,76.876,,,,,
06/11/16,07:00:00,14.7986,76.876,,,,,
06/11/16,07:15:00,14.8008,76.876,,,,,
06/11/16,07:30:00,14.8008,76.876,,,,,
06/11/16,07:45:00,14.8012,77.050,,,,,
06/11/16,08:00:00,14.8012,77.050,,,,,
06/11/16,08:15:00,14.7992,77.050,,,,,
06/11/16,08:30:00,14.7954,77.225,,,,,
06/11/16,08:45:00,14.7933,77.225,,,,,
06/11/16,09:00:00,14.7938,77.400,,,,,
06/11/16,09:15:00,14.7917,77.400,,,,,
06/11/16,09:30:00,14.7837,77.574,,,,,
06/11/16,09:45:00,14.7865,77.749,,,,,
06/11/16,10:00:00,14.7805,77.923,,,,,
06/11/16,10:15:00,14.7789,78.098,,,,,
06/11/16,10:30:00,14.7731,78.274,,,,,
06/11/16,10:45:00,14.7757,78.449,,,,,
06/11/16,11:00:00,14.7763,78.624,,,,,
06/11/16,11:15:00,14.7725,78.800,,,,,
06/11/16,11:30:00,14.7715,79.151,,,,,
06/11/16,11:45:00,14.7677,79.326,,,,,
06/11/16,12:00:00,14.7625,79.678,,,,,
06/11/16,12:15:00,14.7609,79.853,,,,,
06/11/16,12:30:00,14.7577,80.206,,,,,
06/11/16,12:45:00,14.7561,80.382,,,,,
06/11/16,13:00:00,14.7503,80.559,,,,,
06/11/16,13:15:00,14.7487,80.735,,,,,
06/11/16,13:30:00,14.7450,80.911,,,,,
06/11/16,13:45:00,14.7434,81.090,,,,,
06/11/16,14:00:00,14.7370,81.090,,,,,
06/11/16,14:15:00,14.7354,81.266,,,,,
06/11/16,14:30:00,14.7290,81.266,,,,,
06/11/16,14:45:00,14.7290,81.266,,,,,
06/11/16,15:00:00,14.7268,81.266,,,,,
06/11/16,15:15:00,14.7226,81.266,,,,,
06/11/16,15:30:00,14.7221,81.090,,,,,
06/11/16,15:45:00,14.7199,81.090,,,,,
06/11/16,16:00:00,14.7193,80.911,,,,,
06/11/16,16:15:00,14.7193,80.911,,,,,
06/11/16,16:30:00,14.7209,80.735,,,,,
06/11/16,16:45:00,14.7231,80.735,,,,,
06/11/16,17:00:00,14.7247,80.559,,,,,
06/11/16,17:15:00,14.7241,80.382,,,,,
06/11/16,17:30:00,14.7284,80.382,,,,,
06/11/16,17:45:00,14.7257,80.206,,,,,
06/11/16,18:00:00,14.7337,80.029,,,,,
06/11/16,18:15:00,14.7358,80.029,,,,,
06/11/16,18:30:00,14.7374,79.853,,,,,
06/11/16,18:45:00,14.7390,79.678,,,,,
06/11/16,19:00:00,14.7411,79.678,,,,,
06/11/16,19:15:00,14.7384,79.502,,,,,
06/11/16,19:30:00,14.7442,79.326,,,,,
06/11/16,19:45:00,14.7464,79.326,,,,,
06/11/16,20:00:00,14.7480,79.151,,,,,
06/11/16,20:15:00,14.7458,79.151,,,,,
06/11/16,20:30:00,14.7474,78.975,,,,,
06/11/16,20:45:00,14.7454,78.975,,,,,
06/11/16,21:00:00,14.7474,78.975,,,,,
06/11/16,21:15:00,14.7474,78.975,,,,,
06/11/16,21:30:00,14.7474,78.975,,,,,
06/11/16,21:45:00,14.7470,78.800,,,,,
06/11/16,22:00:00,14.7490,78.800,,,,,
06/11/16,22:15:00,14.7490,78.800,,,,,
06/11/16,22:30:00,14.7470,78.800,,,,,
06/11/16,22:45:00,14.7448,78.800,,,,,
06/11/16,23:00:00,14.7485,78.624,,,,,
06/11/16,23:15:00,14.7442,78.624,,,,,
06/11/16,23:30:00,14.7421,78.624,,,,,
06/11/16,23:45:00,14.7421,78.624,,,,,
06/12/16,00:00:00,14.7400,78.624,,,,,
06/12/16,00:15:00,14.7351,78.449,,,,,
06/12/16,00:30:00,14.7331,78.449,,,,,
06/12/16,00:45:00,14.7287,78.449,,,,,
06/12/16,01:00:00,14.7287,78.449,,,,,
06/12/16,01:15:00,14.7223,78.449,,,,,
06/12/16,01:30:00,14.7245,78.449,,,,,
06/12/16,01:45:00,14.7223,78.449,,,,,
06/12/16,02:00:00,14.7202,78.449,,,,,
06/12/16,02:15:00,14.7180,78.449,,,,,
06/12/16,02:30:00,14.7160,78.449,,,,,
06/12/16,02:45:00,14.7160,78.449,,,,,
06/12/16,03:00:00,14.7112,78.274,,,,,
06/12/16,03:15:00,14.7090,78.274,,,,,
06/12/16,03:30:00,14.7090,78.274,,,,,
06/12/16,03:45:00,14.7132,78.274,,,,,
06/12/16,04:00:00,14.7132,78.274,,,,,
06/12/16,04:15:00,14.7132,78.274,,,,,
06/12/16,04:30:00,14.7132,78.274,,,,,
06/12/16,04:45:00,14.7176,78.274,,,,,
06/12/16,05:00:00,14.7176,78.274,,,,,
06/12/16,05:15:00,14.7176,78.274,,,,,
06/12/16,05:30:00,14.7196,78.274,,,,,
06/12/16,05:45:00,14.7196,78.274,,,,,
06/12/16,06:00:00,14.7196,78.274,,,,,
06/12/16,06:15:00,14.7239,78.274,,,,,
06/12/16,06:30:00,14.7239,78.274,,,,,
06/12/16,06:45:00,14.7261,78.274,,,,,
06/12/16,07:00:00,14.7277,78.098,,,,,
06/12/16,07:15:00,14.7297,78.098,,,,,
06/12/16,07:30:00,14.7325,78.274,,,,,
06/12/16,07:45:00,14.7325,78.274,,,,,
06/12/16,08:00:00,14.7303,78.274,,,,,
06/12/16,08:15:00,14.7347,78.274,,,,,
06/12/16,08:30:00,14.7367,78.274,,,,,
06/12/16,08:45:00,14.7395,78.449,,,,,
06/12/16,09:00:00,14.7395,78.449,,,,,
06/12/16,09:15:00,14.7400,78.624,,,,,
06/12/16,09:30:00,14.7379,78.624,,,,,
06/12/16,09:45:00,14.7363,78.800,,,,,
06/12/16,10:00:00,14.7368,78.975,,,,,
06/12/16,10:15:00,14.7368,78.975,,,,,
06/12/16,10:30:00,14.7331,79.151,,,,,
06/12/16,10:45:00,14.7337,79.326,,,,,
06/12/16,11:00:00,14.7321,79.502,,,,,
06/12/16,11:15:00,14.7305,79.678,,,,,
06/12/16,11:30:00,14.7261,79.678,,,,,
06/12/16,11:45:00,14.7245,79.853,,,,,
06/12/16,12:00:00,14.7225,79.853,,,,,
06/12/16,12:15:00,14.7251,80.029,,,,,
06/12/16,12:30:00,14.7251,80.029,,,,,
06/12/16,12:45:00,14.7358,80.029,,,,,
06/12/16,13:00:00,14.7466,80.029,,,,,
06/12/16,13:15:00,14.7486,80.029,,,,,
06/12/16,13:30:00,14.7561,80.382,,,,,
06/12/16,13:45:00,14.7380,80.735,,,,,
06/12/16,14:00:00,14.7295,80.735,,,,,
06/12/16,14:15:00,14.7247,80.559,,,,,
06/12/16,14:30:00,14.7247,80.559,,,,,
06/12/16,14:45:00,14.7241,80.382,,,,,
06/12/16,15:00:00,14.7219,80.382,,,,,
06/12/16,15:15:00,14.7263,80.382,,,,,
06/12/16,15:30:00,14.7241,80.382,,,,,
06/12/16,15:45:00,14.7434,80.382,,,,,
06/12/16,16:00:00,14.7321,80.206,,,,,
06/12/16,16:15:00,14.7342,80.206,,,,,
06/12/16,16:30:00,14.7450,80.206,,,,,
06/12/16,16:45:00,14.7641,80.206,,,,,
06/12/16,17:00:00,14.8310,80.382,,,,,
06/12/16,17:15:00,14.8453,80.206,,,,,
06/12/16,17:30:00,14.8240,80.206,,,,,
06/12/16,17:45:00,14.8155,80.206,,,,,
06/12/16,18:00:00,14.8085,80.029,,,,,
06/12/16,18:15:00,14.8079,79.853,,,,,
06/12/16,18:30:00,14.8026,79.502,,,,,
06/12/16,18:45:00,14.8026,79.502,,,,,
06/12/16,19:00:00,14.7978,79.326,,,,,
06/12/16,19:15:00,14.7950,79.151,,,,,
06/12/16,19:30:00,14.7950,79.151,,,,,
06/12/16,19:45:00,14.7924,78.975,,,,,
06/12/16,20:00:00,14.7944,78.975,,,,,
06/12/16,20:15:00,14.7966,78.975,,,,,
06/12/16,20:30:00,14.7966,78.975,,,,,
06/12/16,20:45:00,14.7960,78.800,,,,,
06/12/16,21:00:00,14.7918,78.800,,,,,
06/12/16,21:15:00,14.7918,78.800,,,,,
06/12/16,21:30:00,14.7918,78.800,,,,,
06/12/16,21:45:00,14.7940,78.800,,,,,
06/12/16,22:00:00,14.7896,78.800,,,,,
06/12/16,22:15:00,14.7870,78.624,,,,,
06/12/16,22:30:00,14.7849,78.624,,,,,
06/12/16,22:45:00,14.7827,78.624,,,,,
06/12/16,23:00:00,14.7805,78.624,,,,,
06/12/16,23:15:00,14.7805,78.624,,,,,
06/12/16,23:30:00,14.7805,78.624,,,,,
06/12/16,23:45:00,14.7741,78.624,,,,,
06/13/16,00:00:00,14.7715,78.449,,,,,
06/13/16,00:15:00,14.7715,78.449,,,,,
06/13/16,00:30:00,14.7693,78.449,,,,,
06/13/16,00:45:00,14.7672,78.449,,,,,
06/13/16,01:00:00,14.7651,78.449,,,,,
06/13/16,01:15:00,14.7672,78.449,,,,,
06/13/16,01:30:00,14.7630,78.449,,,,,
06/13/16,01:45:00,14.7582,78.274,,,,,
06/13/16,02:00:00,14.7582,78.274,,,,,
06/13/16,02:15:00,14.7538,78.274,,,,,
06/13/16,02:30:00,14.7516,78.274,,,,,
06/13/16,02:45:00,14.7474,78.274,,,,,
06/13/16,03:00:00,14.7453,78.274,,,,,
06/13/16,03:15:00,14.7453,78.274,,,,,
06/13/16,03:30:00,14.7453,78.274,,,,,
06/13/16,03:45:00,14.7427,78.098,,,,,
06/13/16,04:00:00,14.7427,78.098,,,,,
06/13/16,04:15:00,14.7405,78.098,,,,,
06/13/16,04:30:00,14.7427,78.098,,,,,
06/13/16,04:45:00,14.7427,78.098,,,,,
06/13/16,05:00:00,14.7405,78.098,,,,,
06/13/16,05:15:00,14.7427,78.098,,,,,
06/13/16,05:30:00,14.7427,78.098,,,,,
06/13/16,05:45:00,14.7469,78.098,,,,,
06/13/16,06:00:00,14.7469,78.098,,,,,
06/13/16,06:15:00,14.7485,77.923,,,,,
06/13/16,06:30:00,14.7554,78.098,,,,,
06/13/16,06:45:00,14.7490,78.098,,,,,
06/13/16,07:00:00,14.7554,78.098,,,,,
06/13/16,07:15:00,14.7554,78.098,,,,,
06/13/16,07:30:00,14.7532,78.098,,,,,
06/13/16,07:45:00,14.7598,78.098,,,,,
06/13/16,08:00:00,14.7598,78.098,,,,,
06/13/16,08:15:00,14.7731,78.274,,,,,
06/13/16,08:30:00,14.7709,78.274,,,,,
06/13/16,08:45:00,14.7693,78.449,,,,,
06/13/16,09:00:00,14.7693,78.449,,,,,
06/13/16,09:15:00,14.7715,78.449,,,,,
06/13/16,09:30:00,14.7693,78.449,,,,,
06/13/16,09:45:00,14.7699,78.624,,,,,
06/13/16,10:00:00,14.7791,78.800,,,,,
06/13/16,10:15:00,14.7737,79.151,,,,,
06/13/16,10:30:00,14.7721,79.326,,,,,
06/13/16,10:45:00,14.7677,79.326,,,,,
06/13/16,11:00:00,14.7763,79.326,,,,,
06/13/16,11:15:00,14.7663,79.502,,,,,
06/13/16,11:30:00,14.7625,79.678,,,,,
06/13/16,11:45:00,14.7566,79.853,,,,,
06/13/16,12:00:00,14.7545,79.853,,,,,
06/13/16,12:15:00,14.7545,79.853,,,,,
06/13/16,12:30:00,14.7502,79.853,,,,,
06/13/16,12:45:00,14.7508,80.029,,,,,
06/13/16,13:00:00,14.7480,79.853,,,,,
06/13/16,13:15:00,14.7460,79.853,,,,,
06/13/16,13:30:00,14.7416,79.853,,,,,
06/13/16,13:45:00,14.7396,79.853,,,,,
06/13/16,14:00:00,14.7374,79.853,,,,,
06/13/16,14:15:00,14.7331,79.853,,,,,
06/13/16,14:30:00,14.7331,79.853,,,,,
06/13/16,14:45:00,14.7289,79.853,,,,,
06/13/16,15:00:00,14.7225,79.853,,,,,
06/13/16,15:15:00,14.7245,79.853,,,,,
06/13/16,15:30:00,14.7197,79.678,,,,,
06/13/16,15:45:00,14.7219,79.678,,,,,
06/13/16,16:00:00,14.7219,79.678,,,,,
06/13/16,16:15:00,14.7192,79.502,,,,,
06/13/16,16:30:00,14.7235,79.502,,,,,
06/13/16,16:45:00,14.7273,79.326,,,,,
06/13/16,17:00:00,14.7502,79.151,,,,,
06/13/16,17:15:00,14.7709,78.975,,,,,
06/13/16,17:30:00,14.8137,78.975,,,,,
06/13/16,17:45:00,14.7875,78.800,,,,,
06/13/16,18:00:00,14.7875,78.800,,,,,
06/13/16,18:15:00,14.7791,78.800,,,,,
06/13/16,18:30:00,14.7725,78.800,,,,,
06/13/16,18:45:00,14.7725,78.800,,,,,
06/13/16,19:00:00,14.7705,78.800,,,,,
06/13/16,19:15:00,14.7699,78.624,,,,,
06/13/16,19:30:00,14.7741,78.624,,,,,
06/13/16,19:45:00,14.7763,78.624,,,,,
06/13/16,20:00:00,14.7763,78.624,,,,,
06/13/16,20:15:00,14.7805,78.624,,,,,
06/13/16,20:30:00,14.7779,78.449,,,,,
06/13/16,20:45:00,14.7801,78.449,,,,,
06/13/16,21:00:00,14.7779,78.449,,,,,
06/13/16,21:15:00,14.7779,78.449,,,,,
06/13/16,21:30:00,14.7779,78.449,,,,,
06/13/16,21:45:00,14.7779,78.449,,,,,
06/13/16,22:00:00,14.7757,78.449,,,,,
06/13/16,22:15:00,14.7757,78.449,,,,,
06/13/16,22:30:00,14.7737,78.449,,,,,
06/13/16,22:45:00,14.7715,78.449,,,,,
06/13/16,23:00:00,14.7672,78.449,,,,,
06/13/16,23:15:00,14.7693,78.449,,,,,
06/13/16,23:30:00,14.7672,78.449,,,,,
06/13/16,23:45:00,14.7651,78.449,,,,,
06/14/16,00:00:00,14.7630,78.449,,,,,
06/14/16,00:15:00,14.7651,78.449,,,,,
06/14/16,00:30:00,14.7602,78.274,,,,,
06/14/16,00:45:00,14.7602,78.274,,,,,
06/14/16,01:00:00,14.7582,78.274,,,,,
06/14/16,01:15:00,14.7538,78.274,,,,,
06/14/16,01:30:00,14.7516,78.274,,,,,
06/14/16,01:45:00,14.7538,78.274,,,,,
06/14/16,02:00:00,14.7516,78.274,,,,,
06/14/16,02:15:00,14.7496,78.274,,,,,
06/14/16,02:30:00,14.7474,78.274,,,,,
06/14/16,02:45:00,14.7474,78.274,,,,,
06/14/16,03:00:00,14.7431,78.274,,,,,
06/14/16,03:15:00,14.7431,78.274,,,,,
06/14/16,03:30:00,14.7389,78.274,,,,,
06/14/16,03:45:00,14.7347,78.274,,,,,
06/14/16,04:00:00,14.7389,78.274,,,,,
06/14/16,04:15:00,14.7389,78.274,,,,,
06/14/16,04:30:00,14.7389,78.274,,,,,
06/14/16,04:45:00,14.7367,78.274,,,,,
06/14/16,05:00:00,14.7367,78.274,,,,,
06/14/16,05:15:00,14.7367,78.274,,,,,
06/14/16,05:30:00,14.7389,78.274,,,,,
06/14/16,05:45:00,14.7367,78.274,,,,,
06/14/16,06:00:00,14.7389,78.274,,,,,
06/14/16,06:15:00,14.7389,78.274,,,,,
06/14/16,06:30:00,14.7411,78.274,,,,,
06/14/16,06:45:00,14.7431,78.274,,,,,
06/14/16,07:00:00,14.7453,78.274,,,,,
06/14/16,07:15:00,14.7453,78.274,,,,,
06/14/16,07:30:00,14.7453,78.274,,,,,
06/14/16,07:45:00,14.7474,78.274,,,,,
06/14/16,08:00:00,14.7516,78.274,,,,,
06/14/16,08:15:00,14.7496,78.274,,,,,
06/14/16,08:30:00,14.7474,78.274,,,,,
06/14/16,08:45:00,14.7480,78.449,,,,,
06/14/16,09:00:00,14.7500,78.449,,,,,
06/14/16,09:15:00,14.7506,78.624,,,,,
06/14/16,09:30:00,14.7506,78.624,,,,,
06/14/16,09:45:00,14.7512,78.800,,,,,
06/14/16,10:00:00,14.7448,78.800,,,,,
06/14/16,10:15:00,14.7454,78.975,,,,,
06/14/16,10:30:00,14.7432,78.975,,,,,
06/14/16,10:45:00,14.7373,79.151,,,,,
06/14/16,11:00:00,14.7353,79.151,,,,,
06/14/16,11:15:00,14.7357,79.326,,,,,
06/14/16,11:30:00,14.7337,79.326,,,,,
06/14/16,11:45:00,14.7299,79.502,,,,,
06/14/16,12:00:00,14.7257,79.502,,,,,
06/14/16,12:15:00,14.7219,79.678,,,,,
06/14/16,12:30:00,14.7197,79.678,,,,,
06/14/16,12:45:00,14.7176,79.678,,,,,
06/14/16,13:00:00,14.7155,79.678,,,,,
06/14/16,13:15:00,14.7090,79.678,,,,,
06/14/16,13:30:00,14.7096,79.853,,,,,
06/14/16,13:45:00,14.7054,79.853,,,,,
06/14/16,14:00:00,14.7054,79.853,,,,,
06/14/16,14:15:00,14.7010,79.853,,,,,
06/14/16,14:30:00,14.6946,79.853,,,,,
06/14/16,14:45:00,14.6930,80.029,,,,,
06/14/16,15:00:00,14.6930,80.029,,,,,
06/14/16,15:15:00,14.6958,80.206,,,,,
06/14/16,15:30:00,14.6936,80.206,,,,,
06/14/16,15:45:00,14.6936,80.206,,,,,
06/14/16,16:00:00,14.6930,80.029,,,,,
06/14/16,16:15:00,14.6930,80.029,,,,,
06/14/16,16:30:00,14.6930,80.029,,,,,
06/14/16,16:45:00,14.6974,80.029,,,,,
06/14/16,17:00:00,14.6974,80.029,,,,,
06/14/16,17:15:00,14.6968,79.853,,,,,
06/14/16,17:30:00,14.7032,79.853,,,,,
06/14/16,17:45:00,14.7032,79.853,,,,,
06/14/16,18:00:00,14.7048,79.678,,,,,
06/14/16,18:15:00,14.7048,79.678,,,,,
06/14/16,18:30:00,14.7064,79.502,,,,,
06/14/16,18:45:00,14.7106,79.502,,,,,
06/14/16,19:00:00,14.7149,79.502,,,,,
06/14/16,19:15:00,14.7187,79.326,,,,,
06/14/16,19:30:00,14.7229,79.326,,,,,
06/14/16,19:45:00,14.7245,79.151,,,,,
06/14/16,20:00:00,14.7267,79.151,,,,,
06/14/16,20:15:00,14.7287,79.151,,,,,
06/14/16,20:30:00,14.7303,78.975,,,,,
06/14/16,20:45:00,14.7325,78.975,,,,,
06/14/16,21:00:00,14.7325,78.975,,,,,
06/14/16,21:15:00,14.7325,78.975,,,,,
06/14/16,21:30:00,14.7363,78.800,,,,,
06/14/16,21:45:00,14.7363,78.800,,,,,
06/14/16,22:00:00,14.7341,78.800,,,,,
06/14/16,22:15:00,14.7315,78.624,,,,,
06/14/16,22:30:00,14.7335,78.624,,,,,
06/14/16,22:45:00,14.7293,78.624,,,,,
06/14/16,23:00:00,14.7315,78.624,,,,,
06/14/16,23:15:00,14.7293,78.624,,,,,
06/14/16,23:30:00,14.7293,78.624,,,,,
06/14/16,23:45:00,14.7245,78.449,,,,,
06/15/16,00:00:00,14.7245,78.449,,,,,
06/15/16,00:15:00,14.7223,78.449,,,,,
06/15/16,00:30:00,14.7202,78.449,,,,,
06/15/16,00:45:00,14.7180,78.449,,,,,
06/15/16,01:00:00,14.7160,78.449,,,,,
06/15/16,01:15:00,14.7160,78.449,,,,,
06/15/16,01:30:00,14.7132,78.274,,,,,
06/15/16,01:45:00,14.7112,78.274,,,,,
06/15/16,02:00:00,14.7090,78.274,,,,,
06/15/16,02:15:00,14.7047,78.274,,,,,
06/15/16,02:30:00,14.7026,78.274,,,,,
06/15/16,02:45:00,14.7026,78.274,,,,,
06/15/16,03:00:00,14.7026,78.274,,,,,
06/15/16,03:15:00,14.7026,78.274,,,,,
06/15/16,03:30:00,14.7004,78.274,,,,,
06/15/16,03:45:00,14.7004,78.274,,,,,
06/15/16,04:00:00,14.7026,78.274,,,,,
06/15/16,04:15:00,14.7026,78.274,,,,,
06/15/16,04:30:00,14.7004,78.274,,,,,
06/15/16,04:45:00,14.7042,78.098,,,,,
06/15/16,05:00:00,14.7042,78.098,,,,,
06/15/16,05:15:00,14.7062,78.098,,,,,
06/15/16,05:30:00,14.7062,78.098,,,,,
06/15/16,05:45:00,14.7062,78.098,,,,,
06/15/16,06:00:00,14.7106,78.098,,,,,
06/15/16,06:15:00,14.7126,78.098,,,,,
06/15/16,06:30:00,14.7164,77.923,,,,,
06/15/16,06:45:00,14.7208,77.923,,,,,
06/15/16,07:00:00,14.7250,77.923,,,,,
06/15/16,07:15:00,14.7250,77.923,,,,,
06/15/16,07:30:00,14.7357,77.923,,,,,
06/15/16,07:45:00,14.7379,77.923,,,,,
06/15/16,08:00:00,14.7442,77.923,,,,,
06/15/16,08:15:00,14.7532,78.098,,,,,
06/15/16,08:30:00,14.7554,78.098,,,,,
06/15/16,08:45:00,14.7875,78.098,,,,,
06/15/16,09:00:00,14.8131,78.098,,,,,
06/15/16,09:15:00,14.8115,78.274,,,,,
06/15/16,09:30:00,14.8052,78.274,,,,,
06/15/16,09:45:00,14.7992,78.449,,,,,
06/15/16,10:00:00,14.7934,78.624,,,,,
06/15/16,10:15:00,14.7870,78.624,,,,,
06/15/16,10:30:00,14.7769,78.800,,,,,
06/15/16,10:45:00,14.7709,78.975,,,,,
06/15/16,11:00:00,14.7651,79.151,,,,,
06/15/16,11:15:00,14.7593,79.326,,,,,
06/15/16,11:30:00,14.6353,80.029,,,,,
06/15/16,11:30:54,,,,Logged,,,
06/15/16,11:31:12,,,,,Logged,,
06/15/16,11:31:30,,,,,,Logged,Logged
