,Date,Aasu_rain[in],Amouli_rain[in],Fagaalu_rain[in],Fagaitua_rain[in],Fagalii_rain[in],Malaeimi_rain[in],Malaeloa_rain[in],Nua_rain[in],Onenoa_rain[in],Satala_rain[in],PPG_rain[in]
0,2015-01-01,0.0,0.0,0.0,0.0,0.0,0.0,0.0,0.0,0.0,0.0,1.57
1,2015-01-02,2.15,2.56,2.65,3.16,2.74,1.81,1.42,2.34,1.61,0.273,0.28
2,2015-01-03,2.1,0.59,0.85,0.59,0.81,0.33,0.12,1.18,0.2,0.96,0.06
3,2015-01-04,0.0,0.0,0.0,0.0,0.0,0.0,0.0,0.0,0.0,0.0,2.1
4,2015-01-05,2.09,2.44,1.53,1.93,0.69,1.78,3.76,3.12,2.64,1.33,1.21
5,2015-01-06,0.53,0.7,0.8,0.81,0.4,1.23,1.22,0.53,0.79,0.65,0.69
6,2015-01-07,0.0,0.0,0.0,0.0,0.0,0.0,0.0,0.0,0.0,0.0,0.79
7,2015-01-08,2.82,0.5,0.93,1.45,2.49,1.15,1.55,3.2,0.47,0.65,0.21
8,2015-01-09,0.0,0.0,0.0,0.0,0.0,0.0,0.0,0.0,0.0,0.0,0.17
9,2015-01-10,0.3,0.49,2.92,0.53,0.69,0.7,0.08,0.19,0.74,1.4,0.23
10,2015-01-11,0.0,0.0,0.0,0.0,0.0,0.0,0.0,0.0,0.0,0.0,1.27
11,2015-01-12,0.4,0.1,0.16,0.1,0.68,0.46,1.44,1.63,0.29,0.32,0.14
12,2015-01-13,0.16,0.0,0.07,0.03,0.0,0.0,0.05,0.0,0.0,1.02,0.96
13,2015-01-14,0.86,0.07,0.86,0.09,1.21,0.51,0.51,1.13,0.18,0.49,0.01
14,2015-01-15,0.0,0.0,0.0,0.0,0.0,0.0,0.0,0.0,0.0,0.0,0.0
15,2015-01-16,0.0,0.0,0.0,0.0,0.0,0.0,0.0,0.0,0.0,0.0,0.47
16,2015-01-17,0.0,0.0,0.01,0.0,0.11,0.86,1.48,0.23,0.0,0.0,0.0
17,2015-01-18,0.0,0.0,0.0,0.0,0.0,0.0,0.0,0.0,0.0,0.0,0.1
18,2015-01-19,0.0,0.0,0.0,0.0,0.0,0.0,0.0,0.0,0.0,0.0,0.0
19,2015-01-20,4.28,2.11,1.61,1.3,4.74,4.3,2.78,3.58,2.7,1.5,4.05
20,2015-01-21,3.0,7.03,4.2,7.77,3.03,3.4,2.45,3.06,4.58,3.68,2.89
21,2015-01-22,0.0,0.0,0.0,0.0,0.0,0.0,0.0,0.0,0.0,0.0,0.01
22,2015-01-23,0.0,0.0,0.0,0.0,0.0,0.0,0.0,0.0,0.0,0.0,0.0
23,2015-01-24,0.21,0.07,0.08,0.09,0.0,0.08,0.02,0.0,0.01,0.72,0.78
24,2015-01-25,0.0,0.0,0.0,0.0,0.0,0.0,0.0,0.0,0.0,0.0,0.0
25,2015-01-26,0.99,0.71,1.04,0.83,1.02,0.97,0.51,0.92,0.55,1.05,0.86
26,2015-01-27,0.54,1.05,1.47,0.8,0.67,1.87,1.13,0.82,1.36,1.04,1.22
27,2015-01-28,0.0,0.0,0.0,0.0,0.0,0.0,0.0,0.0,0.0,0.0,1.04
28,2015-01-29,3.61,3.92,0.68,1.46,4.92,4.08,5.9,3.57,0.58,0.5,3.92
29,2015-01-30,3.44,2.62,4.33,2.61,2.02,3.78,0.7,3.19,3.03,3.69,0.7
30,2015-01-31,0.41,0.94,0.63,0.85,0.14,0.21,0.28,0.3,0.87,0.61,1.14
31,2015-02-01,0.0,0.0,0.0,0.0,0.0,0.0,0.0,0.0,0.0,0.0,0.15
32,2015-02-02,1.52,1.25,2.94,1.11,1.3,1.76,1.32,1.72,1.4,2.03,1.32
33,2015-02-03,1.07,0.18,0.39,0.24,0.78,0.89,0.7,0.74,0.21,0.51,0.0
34,2015-02-04,0.0,0.0,0.0,0.0,0.0,0.0,0.0,0.0,0.0,0.0,0.0
35,2015-02-05,0.0,0.0,0.0,0.0,0.0,0.0,0.0,0.0,0.0,0.0,0.86
36,2015-02-06,0.61,0.22,1.03,0.55,0.82,1.92,1.48,1.27,0.08,1.61,0.38
37,2015-02-07,0.11,0.46,0.36,0.6,0.3,0.07,0.37,0.24,1.33,0.16,0.37
38,2015-02-08,0.0,0.0,0.0,0.0,0.0,0.0,0.0,0.0,0.0,0.0,2.92
39,2015-02-09,1.97,0.21,1.97,0.5,1.72,0.12,2.33,2.49,0.3,0.9,0.12
40,2015-02-10,1.0,1.27,2.99,0.7,0.8,1.74,1.61,1.15,0.94,2.0,0.66
41,2015-02-11,0.0,0.0,0.0,0.0,0.0,0.0,0.0,0.0,0.0,0.0,0.01
42,2015-02-12,0.08,0.1,0.11,0.06,0.89,0.14,0.09,0.73,0.12,0.5,0.06
43,2015-02-13,0.43,0.0,0.55,0.0,0.4,0.32,0.29,0.14,0.0,0.65,0.32
44,2015-02-14,1.08,0.22,0.41,0.58,0.18,0.47,0.22,0.48,0.2,0.37,0.26
45,2015-02-15,0.0,0.0,0.0,0.0,0.0,0.0,0.0,0.0,0.0,0.0,0.22
46,2015-02-16,2.18,0.65,1.26,1.02,1.22,1.55,1.17,1.67,0.92,1.82,0.92
47,2015-02-17,0.69,1.73,0.77,1.07,0.26,0.78,0.71,0.54,0.89,0.62,0.54
48,2015-02-18,0.0,0.0,0.0,0.0,0.0,0.0,0.0,0.0,0.0,0.0,0.05
49,2015-02-19,0.11,0.04,0.09,0.02,0.2,0.36,0.3,0.22,0.01,0.62,0.0
50,2015-02-20,0.1,0.0,0.16,0.0,0.04,0.04,0.14,0.25,0.0,0.45,0.42
51,2015-02-21,0.13,0.0,0.1,0.04,0.0,0.47,0.61,0.0,0.0,0.05,0.87
52,2015-02-22,0.0,0.0,0.0,0.0,0.0,0.0,0.0,0.0,0.0,0.0,1.59
53,2015-02-23,2.87,0.99,2.3,1.47,4.82,2.76,2.3,4.72,0.75,2.04,0.0
54,2015-02-24,0.16,0.0,0.01,0.0,0.0,0.09,3.72,0.15,0.0,0.0,0.0
55,2015-02-25,0.0,0.0,0.0,0.0,0.0,0.0,0.0,0.0,0.0,0.0,0.02
56,2015-02-26,0.05,0.0,0.03,0.04,0.28,0.04,0.13,1.76,0.07,0.06,0.06
57,2015-02-27,0.03,0.06,0.05,0.21,0.44,0.01,0.03,0.02,0.01,0.29,0.04
58,2015-02-28,0.38,0.0,0.04,0.0,0.18,0.17,0.33,0.29,0.0,0.05,0.06
59,2015-03-01,0.0,0.0,0.0,0.0,0.0,0.0,0.0,0.0,0.0,0.0,0.13
60,2015-03-02,0.0,0.0,0.0,0.0,0.0,0.0,0.0,0.0,0.0,2.03,0.0
61,2015-03-03,1.3,0.0,0.49,0.0,0.89,0.64,2.71,0.72,0.0,0.46,0.0
62,2015-03-04,0.15,1.11,0.03,0.69,0.1,0.135,0.8,0.37,0.48,0.15,0.01
63,2015-03-05,0.52,0.39,0.05,0.14,0.42,0.36,1.37,0.66,0.49,0.09,0.55
64,2015-03-06,0.36,0.97,0.97,0.82,0.17,0.29,0.22,0.15,0.81,0.7,0.2
65,2015-03-07,0.05,0.74,0.09,0.25,0.0,0.01,0.01,0.0,0.5,0.07,0.04
66,2015-03-08,0.0,0.0,0.0,0.0,0.0,0.0,0.0,0.0,0.0,0.0,0.0
67,2015-03-09,0.25,0.15,0.28,0.2,0.13,1.55,0.05,0.23,0.28,0.15,0.06
68,2015-03-10,0.23,0.04,1.09,0.12,0.11,0.17,0.24,0.26,0.01,0.61,0.7
69,2015-03-11,1.96,1.19,0.51,0.62,1.98,1.33,3.14,1.67,0.68,0.89,0.04
70,2015-03-12,0.0,0.0,0.0,0.0,0.0,0.0,0.0,0.0,0.0,0.0,0.0
71,2015-03-13,0.0,0.0,0.0,0.0,0.0,0.0,0.0,0.0,0.0,0.0,0.42
72,2015-03-14,0.0,0.0,0.0,0.0,0.0,0.0,0.0,0.0,0.0,0.0,0.47
73,2015-03-15,0.0,0.0,0.0,0.0,0.0,0.0,0.0,0.0,0.0,0.0,0.0
74,2015-03-16,0.45,1.02,1.31,0.38,0.07,0.2,0.03,0.07,0.47,2.05,0.65
75,2015-03-17,1.15,0.0,0.0,0.0,1.8,0.78,1.26,2.42,0.0,0.0,0.02
76,2015-03-18,0.0,0.0,0.0,0.0,0.0,0.0,0.0,0.0,0.0,0.0,0.01
77,2015-03-19,0.09,3.3,1.41,3.21,0.0,0.09,0.09,0.0,1.15,1.07,0.0
78,2015-03-20,0.22,0.0,0.44,0.0,0.37,0.62,0.19,0.2,0.0,0.07,0.25
79,2015-03-21,0.13,0.62,0.02,0.8,0.0,0.06,0.09,0.0,0.37,0.02,0.05
80,2015-03-22,0.0,0.0,0.0,0.0,0.0,0.0,0.0,0.0,0.0,0.0,0.93
81,2015-03-23,0.55,1.15,1.14,1.17,0.53,0.64,0.77,0.41,0.94,0.95,0.06
82,2015-03-24,0.22,0.0,0.07,0.44,0.0,0.21,0.13,0.0,0.0,0.39,0.19
83,2015-03-25,0.0,0.0,0.0,0.0,0.0,0.0,0.0,0.0,0.0,0.0,0.21
84,2015-03-26,2.64,1.53,2.46,1.65,3.9,1.49,1.06,3.11,1.32,2.7,1.25
85,2015-03-27,0.59,1.22,0.9,1.41,0.59,1.29,0.7,0.48,0.67,0.41,0.04
86,2015-03-28,0.0,0.0,0.0,0.0,0.0,0.0,0.0,0.0,0.0,0.0,0.0
87,2015-03-29,0.0,0.0,0.0,0.0,0.0,0.0,0.0,0.0,0.0,0.0,0.37
88,2015-03-30,0.98,1.7,1.46,2.8,0.79,1.4,1.81,1.73,1.24,1.49,0.18
89,2015-03-31,0.0,0.0,0.0,0.0,0.0,0.0,0.0,0.0,0.0,0.0,0.03
90,2015-04-01,1.16,0.05,0.48,0.37,1.02,0.76,0.33,1.07,0.03,0.59,0.56
91,2015-04-02,0.56,0.9,1.03,0.97,0.8,0.59,0.48,0.57,0.6,0.68,0.58
92,2015-04-03,0.64,0.2,1.38,0.95,0.31,2.02,2.15,0.49,0.85,0.95,1.21
93,2015-04-04,0.0,0.0,0.0,0.0,0.0,0.0,0.0,0.0,0.0,0.0,0.45
94,2015-04-05,0.0,0.0,0.0,0.0,0.0,0.0,0.0,0.0,0.0,0.0,0.65
95,2015-04-06,0.19,0.28,0.4,0.55,0.08,0.72,1.45,0.12,0.31,0.39,0.01
96,2015-04-07,0.09,0.09,0.35,0.06,0.0,0.17,0.04,0.0,0.07,0.85,0.02
97,2015-04-08,0.0,0.0,0.0,0.0,0.0,0.0,0.0,0.0,0.0,0.0,0.0
98,2015-04-09,0.12,0.16,0.31,0.1,0.1,0.0,0.02,0.24,0.02,0.27,0.01
99,2015-04-10,0.0,0.0,0.0,0.0,0.0,0.0,0.0,0.0,0.0,0.0,0.35
100,2015-04-11,0.0,0.0,0.0,0.0,0.0,0.0,0.0,0.0,0.0,0.0,0.05
101,2015-04-12,0.0,0.0,0.0,0.0,0.0,0.0,0.0,0.0,0.0,0.0,0.0
102,2015-04-13,0.15,0.0,0.62,0.1,0.0,0.77,0.53,0.11,0.0,0.39,0.23
103,2015-04-14,1.47,0.04,0.65,0.04,0.42,0.57,4.6,0.8,0.11,0.19,0.57
104,2015-04-15,0.0,0.0,0.04,0.0,0.0,0.02,0.02,0.0,0.0,0.02,0.18
105,2015-04-16,0.23,0.03,0.16,0.06,0.1,0.27,0.08,0.07,0.02,0.07,0.05
106,2015-04-17,0.0,0.0,0.0,0.0,0.0,0.0,0.0,0.0,0.0,0.0,0.35
107,2015-04-18,0.2,0.29,0.11,0.32,0.84,0.32,0.47,0.67,0.71,0.46,2.47
108,2015-04-19,0.0,0.0,0.0,0.0,0.0,0.0,0.0,0.0,0.0,0.0,0.0
109,2015-04-20,2.79,0.38,2.57,0.86,1.6,3.07,3.24,3.36,0.2,1.5,0.01
110,2015-04-21,0.0,0.0,0.0,0.0,0.0,0.0,0.0,0.0,0.0,0.0,0.0
111,2015-04-22,0.57,0.41,0.71,0.57,0.53,0.95,0.84,0.58,5.32,5.32,5.32
112,2015-04-23,1.55,4.74,4.87,2.61,0.65,4.83,3.1,1.49,4.62,2.28,0.26
113,2015-04-24,0.06,0.0,0.33,0.0,0.02,0.24,0.1,0.09,0.0,0.42,0.66
114,2015-04-25,0.75,0.55,0.82,0.67,0.0,0.5,0.74,0.84,0.38,0.76,0.28
115,2015-04-26,0.0,0.0,0.0,0.0,0.0,0.0,0.0,0.0,0.0,0.0,0.0
116,2015-04-27,0.35,0.42,0.35,0.3,0.94,0.36,0.35,0.35,0.33,0.48,0.0
117,2015-04-28,0.0,0.0,0.0,0.0,0.0,0.0,0.0,0.0,0.0,0.0,0.0
118,2015-04-29,0.09,0.05,0.12,0.05,1.16,0.05,0.01,1.06,0.1,0.51,0.0
119,2015-04-30,0.28,0.05,0.16,0.08,0.27,0.02,0.11,0.37,0.16,0.42,0.08
120,2015-05-01,0.07,0.3,0.14,0.32,0.17,0.05,0.8,0.15,0.16,0.25,0.31
121,2015-05-02,0.0,0.0,0.0,0.0,0.0,0.0,0.0,0.0,0.0,0.0,0.06
122,2015-05-03,0.0,0.0,0.0,0.0,0.0,0.0,0.0,0.0,0.0,0.0,0.98
123,2015-05-04,3.36,3.51,3.44,2.67,3.25,2.35,2.05,2.22,4.24,3.21,0.42
124,2015-05-05,0.25,0.12,0.13,0.25,0.358,0.03,0.03,0.05,0.08,0.8,0.27
125,2015-05-06,0.72,0.08,0.26,0.07,0.8,0.64,0.3,0.7,0.08,2.1,3.49
126,2015-05-07,0.73,0.5,1.0,0.7,0.66,1.93,2.1,0.86,0.4,1.02,1.58
127,2015-05-08,2.55,1.62,1.78,1.95,1.22,1.37,2.65,1.4,0.95,1.43,0.03
128,2015-05-09,0.0,0.0,0.0,0.0,0.0,0.0,0.0,0.0,0.0,0.0,0.0
129,2015-05-10,0.0,0.0,0.0,0.0,0.0,0.0,0.0,0.0,0.0,0.0,1.71
130,2015-05-11,0.34,1.15,0.82,0.65,0.08,0.92,0.38,0.19,0.43,0.43,0.43
131,2015-05-12,0.0,0.0,0.0,0.0,0.0,0.0,0.0,0.0,0.0,0.0,0.08
132,2015-05-13,1.04,0.14,1.09,0.42,1.03,1.05,0.76,0.49,0.53,0.98,0.08
133,2015-05-14,0.0,0.0,0.0,0.0,0.0,0.0,0.0,0.0,0.0,0.0,0.13
134,2015-05-15,0.41,0.31,0.44,0.08,0.52,1.27,1.82,0.77,0.23,0.52,0.31
135,2015-05-16,0.0,0.0,0.0,0.0,0.0,0.0,0.0,0.0,0.0,0.0,0.3
136,2015-05-17,0.0,0.0,0.0,0.0,0.0,0.0,0.0,0.0,0.0,0.0,1.54
137,2015-05-18,4.8,2.33,3.77,3.36,1.32,4.25,3.92,2.58,2.44,2.4,0.0
138,2015-05-19,0.0,0.0,0.0,0.0,0.0,0.0,0.0,0.0,0.0,0.0,0.09
139,2015-05-20,0.9,0.1,0.46,0.3,0.1,0.5,0.12,0.1,0.2,0.33,0.01
140,2015-05-21,0.02,0.08,0.31,0.08,0.02,0.06,0.35,0.19,0.05,0.16,0.72
141,2015-05-22,1.6,2.37,2.6,2.42,1.2,1.8,1.35,1.18,2.37,2.33,1.5
142,2015-05-23,0.0,0.0,0.0,0.0,0.0,0.0,0.0,0.0,0.0,0.0,0.54
143,2015-05-24,0.0,0.0,0.0,0.0,0.0,0.0,0.0,0.0,0.0,0.0,0.73
144,2015-05-25,3.72,1.28,2.45,1.99,1.32,3.62,3.75,2.46,1.38,2.94,0.31
145,2015-05-26,0.0,0.0,0.0,0.0,0.0,0.0,0.0,0.0,0.0,0.0,0.0
146,2015-05-27,0.45,0.22,0.6,0.2,0.08,0.22,0.26,0.08,0.46,0.41,0.26
147,2015-05-28,0.0,0.0,0.0,0.0,0.0,0.0,0.0,0.0,0.0,0.0,0.22
148,2015-05-29,2.3,1.05,0.34,0.6,1.12,0.44,0.7,1.27,1.5,0.84,0.16
149,2015-05-30,0.46,0.1,0.12,0.42,0.36,0.93,0.51,0.34,0.57,0.17,0.33
150,2015-05-31,0.0,0.0,0.0,0.0,0.0,0.0,0.0,0.0,0.0,0.0,0.0
151,2015-06-01,0.18,0.55,0.4,0.91,0.18,0.25,0.28,0.12,0.7,0.86,0.0
152,2015-06-02,0.0,0.0,0.0,0.0,0.0,0.0,0.0,0.0,0.0,0.0,0.0
153,2015-06-03,0.0,0.0,0.0,0.0,0.0,0.0,0.0,0.0,0.0,0.0,0.0
154,2015-06-04,0.9,0.01,0.0,0.02,0.58,0.12,0.2,0.74,0.02,0.17,0.0
155,2015-06-05,0.1,0.02,0.05,0.03,0.25,0.08,0.23,0.24,0.01,0.03,0.11
156,2015-06-06,0.0,0.0,0.0,0.0,0.0,0.0,0.0,0.0,0.0,0.0,0.0
157,2015-06-07,0.0,0.0,0.0,0.0,0.0,0.0,0.0,0.0,0.0,0.0,0.08
158,2015-06-08,0.5,0.05,0.22,0.05,0.07,0.16,0.05,0.1,0.05,0.11,0.0
159,2015-06-09,0.01,0.0,0.02,0.02,0.29600000000000004,0.02,0.02,0.3,0.0,0.04,0.0
160,2015-06-10,0.0,0.0,0.0,0.0,0.0,0.0,0.0,0.0,0.0,0.0,0.0
161,2015-06-11,0.21,0.14,0.1,0.18,0.16,0.12,0.3,0.4,0.18,0.07,0.11
162,2015-06-12,2.16,0.78,1.38,0.67,1.38,1.94,1.2,1.24,0.46,0.37,1.35
163,2015-06-13,5.16,3.04,2.75,3.1,3.24,2.7,3.18,6.0,2.9,4.45,1.57
164,2015-06-14,0.0,0.0,0.0,0.0,0.0,0.0,0.0,0.0,0.0,0.0,0.01
165,2015-06-15,4.61,0.7,2.05,0.88,2.14,1.19,0.87,2.11,0.67,1.4,0.52
166,2015-06-16,0.0,0.0,0.0,0.0,0.0,0.0,0.0,0.0,0.0,0.0,0.0
167,2015-06-17,0.7,0.9,1.0,0.9,0.5,0.7,0.8,0.8,1.0,1.12,1.34
168,2015-06-18,2.1,1.0,1.35,2.03,2.05,3.04,1.6,2.0,1.4,3.0,1.34
169,2015-06-19,0.0,0.0,0.0,0.0,0.0,0.0,0.0,0.0,0.0,0.0,0.0
170,2015-06-20,0.0,0.0,0.0,0.0,0.0,0.0,0.0,0.0,0.0,0.0,0.0
171,2015-06-21,0.0,0.0,0.0,0.0,0.0,0.0,0.0,0.0,0.0,0.0,0.0
172,2015-06-22,0.0,0.0,0.0,0.0,0.0,0.0,0.0,0.0,0.0,0.0,0.0
173,2015-06-23,0.0,0.0,0.0,0.0,0.0,0.0,0.0,0.0,0.0,0.0,0.15
174,2015-06-24,0.0,0.0,0.0,0.0,0.0,0.0,0.0,0.0,0.0,0.0,1.41
175,2015-06-25,2.42,1.18,1.79,1.27,0.72,2.72,1.91,0.95,1.16,2.67,0.01
176,2015-06-26,0.0,0.0,0.0,0.0,0.0,0.0,0.0,0.0,0.0,0.0,0.0
177,2015-06-27,0.0,0.0,0.0,0.0,0.0,0.0,0.0,0.0,0.0,0.0,0.02
178,2015-06-28,0.0,0.0,0.0,0.0,0.0,0.0,0.0,0.0,0.0,0.0,0.02
179,2015-06-29,3.36,0.61,0.7,0.74,1.72,0.86,1.25,1.42,0.51,1.16,1.02
180,2015-06-30,2.28,0.72,0.98,0.94,1.5,0.73,0.8,1.13,0.71,1.59,0.01
181,2015-07-01,0.0,0.0,0.0,0.0,0.0,0.0,0.0,0.0,0.0,0.0,0.49
182,2015-07-02,3.38,1.34,1.37,1.7,1.83,1.42,1.11,1.56,1.02,2.04,0.32
183,2015-07-03,1.22,0.12,0.33,0.28,0.51,0.26,0.3,0.5,0.09,0.54,0.03
184,2015-07-04,0.0,0.0,0.0,0.0,0.0,0.0,0.0,0.0,0.0,0.0,0.0
185,2015-07-05,0.0,0.0,0.0,0.0,0.0,0.0,0.0,0.0,0.0,0.0,0.15
186,2015-07-06,0.22,0.03,0.1,0.03,0.06,0.17,0.06,0.07,0.0,0.05,0.0
187,2015-07-07,0.07,0.02,0.03,0.02,0.01,0.02,0.03,0.02,0.01,0.06,0.15
188,2015-07-08,0.369,0.07,0.07,0.05,0.05,0.15,0.09,0.12,0.07,0.05,0.04
189,2015-07-09,0.0,0.0,0.0,0.0,0.0,0.0,0.0,0.0,0.0,0.0,0.86
190,2015-07-10,1.65,0.16,0.79,0.17,0.64,3.11,3.13,0.84,0.16,1.39,0.65
191,2015-07-11,4.8,0.04,1.84,0.16,3.67,2.28,0.98,2.68,0.02,0.05,0.05
192,2015-07-12,0.0,0.0,0.0,0.0,0.0,0.0,0.0,0.0,0.0,0.0,0.08
193,2015-07-13,1.83,0.37,0.83,0.44,0.29,0.84,1.42,0.97,0.12,2.06,0.4
194,2015-07-14,1.5,0.34,0.54,0.34,0.87,0.58,0.6,0.67,0.46,1.0,0.0
195,2015-07-15,0.0,0.0,0.0,0.0,0.0,0.0,0.0,0.0,0.0,0.0,0.0
196,2015-07-16,0.0,0.0,0.0,0.0,0.0,0.0,0.0,0.0,0.0,0.0,0.0
197,2015-07-17,0.0,0.0,0.05,0.0,0.0,0.0,0.0,0.0,0.0,0.0,0.0
198,2015-07-18,0.0,0.0,0.0,0.0,0.0,0.0,0.0,0.0,0.0,0.0,0.0
199,2015-07-19,0.0,0.0,0.0,0.0,0.0,0.0,0.0,0.0,0.0,0.0,0.0
200,2015-07-20,0.0,0.0,0.0,0.0,0.0,0.0,0.0,0.0,0.0,0.0,0.0
201,2015-07-21,0.0,0.0,0.0,0.0,0.0,0.0,0.0,0.0,0.0,0.0,0.0
202,2015-07-22,0.0,0.0,0.0,0.0,0.0,0.0,0.0,0.0,0.0,0.0,0.08
203,2015-07-23,0.0,0.0,0.0,0.0,0.0,0.0,0.0,0.0,0.0,0.0,0.01
204,2015-07-24,0.0,0.0,0.0,0.0,0.0,0.0,0.0,0.0,0.0,0.0,0.06
205,2015-07-25,0.0,0.0,0.0,0.0,0.0,0.0,0.0,0.0,0.0,0.0,0.16
206,2015-07-26,0.0,0.0,0.0,0.0,0.0,0.0,0.0,0.0,0.0,0.0,0.31
207,2015-07-27,1.32,0.8,0.64,1.07,1.15,2.83,0.78,0.93,0.97,1.38,0.06
208,2015-07-28,0.07,0.01,0.06,0.01,0.02,0.03,0.04,0.03,0.0,0.02,0.02
209,2015-07-29,0.0,0.0,0.0,0.0,0.0,0.0,0.0,0.0,0.0,0.0,0.0
210,2015-07-30,0.0,0.0,0.0,0.0,0.0,0.0,0.0,0.0,0.0,0.0,0.01
211,2015-07-31,0.94,0.09,0.1,0.15,0.44,0.2,0.37,0.39,0.06,0.22,0.06
212,2015-08-01,0.41,0.02,0.18,0.03,0.12,0.08,0.15,0.16,0.01,0.1,0.61
213,2015-08-02,0.0,0.0,0.0,0.0,0.0,0.0,0.0,0.0,0.0,0.0,0.29
214,2015-08-03,3.58,0.29,0.96,0.31,1.84,2.0,3.27,2.68,0.27,1.52,0.0
215,2015-08-04,0.0,0.0,0.0,0.0,0.0,0.0,0.0,0.0,0.0,0.0,0.01
216,2015-08-05,0.0,0.0,0.0,0.0,0.0,0.0,0.0,0.0,0.0,0.0,0.0
217,2015-08-06,0.0,0.0,0.0,0.0,0.0,0.0,0.0,0.0,0.0,0.0,0.0
218,2015-08-07,0.0,0.0,0.0,0.0,0.0,0.0,0.0,0.0,0.0,0.0,0.16
219,2015-08-08,0.61,0.2,0.32,0.27,1.06,3.8,0.73,1.04,0.17,0.23,0.36
220,2015-08-09,0.0,0.0,0.0,0.0,0.0,0.0,0.0,0.0,0.0,3.38,0.87
221,2015-08-10,3.22,0.62,3.12,1.62,2.65,3.24,2.05,2.4,0.53,1.08,2.38
222,2015-08-11,2.21,1.25,0.8,0.95,0.9,1.89,1.83,1.39,1.07,2.68,1.79
223,2015-08-12,2.79,0.07,1.8,0.28,0.9,0.61,0.67,0.21,0.08,0.61,0.03
224,2015-08-13,1.79,0.08,0.2,0.08,0.0,0.52,0.38,1.0,0.2,0.0,0.09
225,2015-08-14,0.0,0.0,0.0,0.0,0.0,0.0,0.0,0.0,0.0,0.0,0.0
226,2015-08-15,0.0,0.0,0.0,0.0,0.0,0.0,0.0,0.0,0.0,0.0,0.0
227,2015-08-16,0.0,0.0,0.0,0.0,0.0,0.0,0.0,0.0,0.0,0.0,0.0
228,2015-08-17,0.0,0.0,0.0,0.0,0.0,0.0,0.0,0.0,0.0,0.0,0.0
229,2015-08-18,0.0,0.0,0.0,0.0,0.0,0.0,0.0,0.0,0.0,0.0,0.02
230,2015-08-19,0.0,0.0,0.0,0.0,0.0,0.0,0.0,0.0,0.0,0.0,0.04
231,2015-08-20,0.0,0.0,0.0,0.0,0.0,0.0,0.0,0.0,0.0,0.0,0.0
232,2015-08-21,0.25,0.07,0.19,0.07,0.17,0.08,0.24,0.19,0.03,0.13,0.0
233,2015-08-22,0.0,0.0,0.0,0.0,0.0,0.0,0.0,0.0,0.0,0.0,0.0
234,2015-08-23,0.0,0.0,0.0,0.0,0.0,0.0,0.0,0.0,0.0,0.0,0.02
235,2015-08-24,0.51,0.02,0.14,0.02,0.2,0.23,0.13,0.27,0.0,0.1,0.0
236,2015-08-25,0.25,0.02,0.05,0.03,0.01,0.08,0.03,0.02,0.01,0.16,0.01
237,2015-08-26,0.29,0.02,0.0,0.02,0.19,0.06,0.05,0.13,0.14,0.02,0.0
238,2015-08-27,0.0,0.0,0.0,0.0,0.0,0.0,0.0,0.0,0.0,0.0,0.0
239,2015-08-28,0.37,0.23,0.18,0.14,0.24,0.04,0.1,0.17,0.2,0.3,0.07
240,2015-08-29,0.0,0.0,0.0,0.0,0.0,0.0,0.0,0.0,0.0,0.0,0.0
241,2015-08-30,0.0,0.0,0.0,0.0,0.0,0.0,0.0,0.0,0.0,0.0,0.0
242,2015-08-31,0.0,0.0,0.0,0.0,0.1,0.02,0.0,0.05,0.0,0.0,0.0
243,2015-09-01,0.0,0.0,0.0,0.0,0.0,0.0,0.0,0.0,0.0,0.0,0.0
244,2015-09-02,0.0,0.0,0.0,0.0,0.0,0.0,0.0,0.0,0.0,0.0,0.0
245,2015-09-03,0.0,0.0,0.0,0.0,0.0,0.0,0.0,0.0,0.0,0.0,0.0
246,2015-09-04,0.0,0.0,0.0,0.0,0.0,0.0,0.0,0.0,0.0,0.0,0.0
247,2015-09-05,0.0,0.0,0.0,0.0,0.0,0.0,0.0,0.0,0.0,0.0,0.0
248,2015-09-06,0.0,0.0,0.0,0.0,0.0,0.0,0.0,0.0,0.0,0.0,0.0
249,2015-09-07,0.0,0.0,0.0,0.0,0.0,0.0,0.0,0.0,0.0,0.0,0.0
250,2015-09-08,0.0,0.0,0.0,0.0,0.0,0.0,0.0,0.0,0.0,0.0,0.0
251,2015-09-09,0.0,0.0,0.0,0.0,0.0,0.0,0.0,0.0,0.0,0.0,0.0
252,2015-09-10,1.13,0.05,0.1,0.08,0.41,0.09,0.11,0.21,0.02,0.2,0.11
253,2015-09-11,0.8,0.07,0.2,0.19,0.17,1.03,0.68,0.44,0.05,0.4,0.38
254,2015-09-12,0.0,0.0,0.0,0.0,0.0,0.0,0.0,0.0,0.0,0.0,0.0
255,2015-09-13,0.0,0.0,0.0,0.0,0.0,0.0,0.0,0.0,0.0,0.0,0.04
256,2015-09-14,0.16,0.08,0.38,0.12,0.04,0.19,0.15,0.07,0.07,0.23,0.04
257,2015-09-15,0.35,0.02,0.07,0.03,0.05,0.19,0.19,0.08,0.02,0.04,0.0
258,2015-09-16,0.29,0.09,0.21,0.07,0.28,0.13,0.19,0.18,0.07,0.1,0.12
259,2015-09-17,0.13,0.0,0.0,0.0,0.0,0.06,0.06,0.0,0.0,0.05,0.0
260,2015-09-18,0.31,0.04,0.03,0.08,0.02,0.08,0.04,0.03,0.07,0.09,0.01
261,2015-09-19,0.0,0.0,0.0,0.0,0.0,0.0,0.0,0.0,0.0,0.0,0.02
262,2015-09-20,0.0,0.0,0.0,0.0,0.0,0.0,0.0,0.0,0.0,0.0,0.24
263,2015-09-21,1.55,0.36,0.752,0.45,0.7,0.64,0.56,0.48,0.2,0.76,0.14
264,2015-09-22,0.0,0.0,0.0,0.0,0.0,0.0,0.0,0.0,0.0,0.0,0.0
265,2015-09-23,0.0,0.0,0.0,0.0,0.0,0.0,0.0,0.0,0.0,0.0,0.0
266,2015-09-24,0.0,0.0,0.0,0.0,0.0,0.0,0.0,0.0,0.0,0.0,0.0
267,2015-09-25,0.0,0.0,0.0,0.0,0.0,0.0,0.0,0.0,0.0,0.0,0.0
268,2015-09-26,0.0,0.0,0.0,0.0,0.0,0.0,0.0,0.0,0.0,0.0,0.0
269,2015-09-27,0.0,0.0,0.0,0.0,0.0,0.0,0.0,0.0,0.0,0.0,0.02
270,2015-09-28,0.52,0.14,0.01,0.11,0.36,0.09,0.1,1.03,0.1,0.34,0.0
271,2015-09-29,0.0,0.0,0.0,0.0,0.0,0.0,0.0,0.0,0.0,0.0,0.06
272,2015-09-30,0.37,0.03,0.1,0.03,0.26,0.1,0.28,0.18,0.03,0.15,0.02
273,2015-10-01,0.28,0.1,0.2,0.17,0.52,0.14,0.38,0.43,0.1,0.15,0.14
274,2015-10-02,0.03,0.0,0.02,0.01,0.01,0.03,0.02,0.02,0.0,0.03,0.0
275,2015-10-03,0.0,0.0,0.0,0.0,0.0,0.0,0.0,0.0,0.0,0.0,0.9
276,2015-10-04,0.0,0.0,0.0,0.0,0.0,0.0,0.0,0.0,0.0,0.0,0.13
277,2015-10-05,5.25,1.36,2.81,1.42,3.03,1.9,1.94,3.19,0.91,5.22,0.94
278,2015-10-06,0.12,1.48,1.7,1.66,0.12,1.3,1.59,2.93,1.83,3.59,0.12
279,2015-10-07,0.29,0.02,0.06,0.05,0.05,0.1,0.11,0.07,0.01,0.11,0.01
280,2015-10-08,0.75,0.03,0.06,0.07,0.4,0.12,0.2,0.2,0.04,0.25,0.03
281,2015-10-09,0.64,0.01,0.2,0.07,0.3,0.25,0.16,0.35,0.02,0.39,0.05
282,2015-10-10,0.73,0.1,0.06,0.1,0.34,0.18,0.2,0.3,0.1,0.3,1.46
283,2015-10-11,0.0,0.0,0.0,0.0,0.0,0.0,0.0,0.0,0.0,0.0,2.04
284,2015-10-12,3.44,1.85,3.17,2.5,3.49,4.38,0.18,3.08,1.34,3.35,0.18
285,2015-10-13,0.29,0.06,0.11,0.08,0.11,0.29,0.39,0.16,0.06,0.12,0.93
286,2015-10-14,3.0,2.5,3.57,4.18,2.11,1.33,2.42,2.74,1.7,3.57,0.76
287,2015-10-15,1.21,0.08,0.44,0.1,0.4,0.57,0.8,0.37,0.06,0.44,0.07
288,2015-10-16,0.92,0.04,0.45,0.15,0.57,0.2,0.21,0.39,0.03,0.45,0.12
289,2015-10-17,0.0,0.0,0.0,0.0,0.0,0.0,0.0,0.0,0.0,0.0,0.02
290,2015-10-18,0.0,0.0,0.0,0.0,0.0,0.0,0.0,0.0,0.0,0.0,0.04
291,2015-10-19,2.59,0.23,0.35,0.32,1.61,0.31,0.31,0.96,0.22,0.9470000000000001,0.0
292,2015-10-20,0.0,0.0,0.0,0.0,0.0,0.0,0.0,0.0,0.0,0.0,0.0
293,2015-10-21,0.11,0.01,0.02,0.01,0.05,0.05,0.02,0.03,0.01,0.03,0.06
294,2015-10-22,0.11,0.02,0.07,0.03,0.04,0.06,0.04,0.05,0.02,0.07,0.04
295,2015-10-23,0.01,0.01,0.01,0.01,0.06,0.01,0.03,0.01,0.01,0.01,0.01
296,2015-10-24,0.0,0.0,0.0,0.0,0.0,0.0,0.0,0.0,0.0,0.0,0.0
297,2015-10-25,0.0,0.0,0.0,0.0,0.0,0.0,0.0,0.0,0.0,0.0,0.05
298,2015-10-26,0.21,0.04,0.06,0.0,0.1,0.02,0.03,0.04,0.04,0.18,0.01
299,2015-10-27,0.23,0.0,0.03,0.0,0.2,0.01,0.01,0.01,0.0,0.01,0.0
300,2015-10-28,0.06,0.0,0.01,0.0,0.01,0.02,0.01,0.01,0.0,0.04,0.01
301,2015-10-29,0.0,0.0,0.0,0.0,0.0,0.0,0.0,0.0,0.0,0.0,0.03
302,2015-10-30,0.0,0.0,0.0,0.0,0.0,0.0,0.0,0.0,0.0,0.0,0.0
303,2015-10-31,0.0,0.0,0.0,0.0,0.0,0.0,0.0,0.0,0.0,0.0,0.15
304,2015-11-01,0.0,0.0,0.0,0.0,0.0,0.0,0.0,0.0,0.0,0.0,0.0
305,2015-11-02,2.42,0.21,0.8,0.08,2.0,1.0,0.84,2.1,0.16,0.9,0.08
306,2015-11-03,0.0,0.0,0.0,0.0,0.0,0.0,0.0,0.0,0.0,0.0,0.0
307,2015-11-04,0.0,0.0,0.0,0.0,0.0,0.0,0.0,0.0,0.0,0.0,0.0
308,2015-11-05,0.02,0.01,0.01,0.0,0.37,0.01,0.03,0.1,0.01,0.03,0.0
309,2015-11-06,0.26,0.0,0.0,0.0,0.03,0.14,0.02,0.12,0.0,0.0,0.0
310,2015-11-07,0.0,0.0,0.0,0.0,0.0,0.0,0.0,0.0,0.0,0.0,0.15
311,2015-11-08,0.0,0.0,0.0,0.0,0.0,0.0,0.0,0.0,0.0,0.0,0.0
312,2015-11-09,0.22,0.04,0.29,0.0,0.02,0.46,2.48,0.07,0.02,0.16,0.0
313,2015-11-10,0.0,0.0,0.0,0.0,0.0,0.0,0.0,0.0,0.0,0.0,0.0
314,2015-11-11,0.0,0.0,0.0,0.0,0.0,0.0,0.0,0.0,0.0,0.0,0.0
315,2015-11-12,0.0,0.0,0.0,0.0,0.0,0.0,0.0,0.0,0.0,0.0,0.23
316,2015-11-13,0.77,0.59,1.04,0.71,0.35,0.27,0.55,1.84,0.95,0.16,0.12
317,2015-11-14,0.0,0.0,0.0,0.0,0.0,0.0,0.0,0.0,0.0,0.0,0.7
318,2015-11-15,0.0,0.0,0.0,0.0,0.0,0.0,0.0,0.0,0.0,0.0,2.37
319,2015-11-16,0.17,1.44,0.17,1.47,0.17,3.96,3.15,4.6,1.71,0.17,0.17
320,2015-11-17,0.65,0.04,0.09,0.04,0.5,0.05,0.74,0.6,0.04,0.12,0.09
321,2015-11-18,0.14,0.4,0.12,0.28,0.17,0.15,0.12,0.12,0.22,0.13,0.1
322,2015-11-19,0.27,0.0,0.0,0.0,0.15,0.04,0.07,0.27,0.0,0.02,0.37
323,2015-11-20,1.67,0.91,2.22,1.89,0.88,0.92,0.7,1.81,0.98,2.14,0.85
324,2015-11-21,2.1,0.9,2.0,0.8,2.0,1.61,2.22,2.28,0.9,1.14,1.83
325,2015-11-22,0.0,0.0,0.0,0.0,0.0,0.0,0.0,0.0,0.0,0.0,0.64
326,2015-11-23,4.45,1.24,2.91,1.6,0.52,2.97,3.18,4.58,0.75,2.15,0.52
327,2015-11-24,0.0,0.0,0.0,0.0,0.0,0.0,0.0,0.0,0.0,0.0,0.89
328,2015-11-25,1.01,0.76,0.99,0.79,0.8,1.0,0.9,0.88,0.72,0.92,1.52
329,2015-11-26,3.06,3.08,2.95,3.0,3.56,2.69,3.39,3.0,3.03,3.29,2.69
330,2015-11-27,2.08,0.6,0.94,0.79,2.0,2.55,1.29,2.11,0.5,1.21,4.08
331,2015-11-28,5.09,6.0,7.94,5.31,3.05,8.0,5.8,4.09,5.2,7.72,3.74
332,2015-11-29,0.0,0.0,0.0,0.0,0.0,0.0,0.0,0.0,0.0,0.0,0.04
333,2015-11-30,0.32,0.58,0.08,0.31,0.3,0.35,0.28,0.4,0.16,0.07,0.16
334,2015-12-01,0.17,0.12,0.2,0.3,0.11,0.21,0.03,0.12,0.11,0.13,0.24
335,2015-12-02,0.32,0.2,0.3,0.31,0.2,0.2,0.12,0.22,0.22,0.12,0.07
336,2015-12-03,0.02,0.0,0.0,0.0,0.0,0.08,0.01,0.0,0.0,0.01,0.0
337,2015-12-04,0.77,0.01,0.06,0.04,0.72,0.12,0.11,0.11,0.15,0.03,0.14
338,2015-12-05,0.0,0.0,0.0,0.0,0.0,0.0,0.0,0.0,0.0,0.0,0.0
339,2015-12-06,0.0,0.0,0.0,0.0,0.0,0.0,0.0,0.0,0.0,0.0,0.0
340,2015-12-07,0.0,0.0,0.0,0.0,0.0,0.0,0.0,0.0,0.0,0.0,0.0
341,2015-12-08,0.0,0.0,0.0,0.0,0.0,0.0,0.0,0.0,0.0,0.0,0.0
342,2015-12-09,0.0,0.0,0.0,0.0,0.0,0.0,0.0,0.0,0.0,0.0,0.0
343,2015-12-10,0.0,0.0,0.0,0.0,0.0,0.0,0.0,0.0,0.0,0.0,0.0
344,2015-12-11,0.0,0.0,0.0,0.0,0.0,0.0,0.0,0.0,0.0,0.0,0.0
345,2015-12-12,0.0,0.0,0.0,0.0,0.0,0.0,0.0,0.0,0.0,0.0,0.0
346,2015-12-13,0.0,0.0,0.0,0.0,0.0,0.0,0.0,0.0,0.0,0.0,0.17
347,2015-12-14,1.02,0.15,0.29,0.15,0.88,0.72,1.28,0.84,0.15,0.24,0.67
348,2015-12-15,0.47,0.7,0.93,0.4,0.2,0.31,0.16,0.27,0.12,0.81,0.54
349,2015-12-16,0.14,2.06,1.1,2.6,0.45,0.29,0.63,0.6,2.0,0.02,1.23
350,2015-12-17,0.34,0.12,0.39,0.34,0.3,0.35,1.1,0.33,0.1,0.22,0.42
351,2015-12-18,1.17,2.04,2.4,2.14,0.73,2.2,2.53,1.03,2.19,1.14,2.17
352,2015-12-19,0.0,0.0,0.0,0.0,0.0,0.0,0.0,0.0,0.0,0.0,0.09
353,2015-12-20,0.0,0.0,0.0,0.0,0.0,0.0,0.0,0.0,0.0,0.0,0.0
354,2015-12-21,0.0,0.0,0.0,0.0,0.0,0.0,0.0,0.0,0.0,0.0,0.05
355,2015-12-22,0.0,0.0,0.0,0.0,0.0,0.0,0.0,0.0,0.0,0.0,0.11
356,2015-12-23,0.86,1.0,1.08,0.4,1.0,0.87,0.41,2.03,0.4,1.3,0.2
357,2015-12-24,1.78,1.0,2.4,0.43,1.64,2.07,1.48,2.7,0.82,1.87,0.59
358,2015-12-25,0.0,0.0,0.0,0.0,0.0,0.0,0.0,0.0,0.0,0.0,0.17
359,2015-12-26,1.96,2.54,1.84,2.88,0.36,2.38,0.42,0.38,1.46,0.9,4.35
360,2015-12-27,0.0,0.0,0.0,0.0,0.0,0.0,0.0,0.0,0.0,0.0,3.49
361,2015-12-28,7.65,6.82,7.19,6.61,6.74,8.37,10.07,7.22,5.42,7.47,5.69
362,2015-12-29,1.78,1.71,2.66,1.4,1.99,1.82,1.93,2.28,1.02,2.56,0.11
363,2015-12-30,1.56,0.88,1.25,0.78,1.42,1.82,1.63,1.46,1.23,1.47,2.74
364,2015-12-31,1.78,3.77,2.47,2.95,1.23,2.25,1.3,1.24,3.07,2.22,0.29
365,2016-01-01,0.0,0.0,0.0,0.0,0.0,0.0,0.0,0.0,0.0,0.0,1.07
366,2016-01-02,1.38,0.4,1.1,0.41,0.5,1.97,0.51,0.55,0.25,1.32,0.02
367,2016-01-03,0.0,0.0,0.0,0.0,0.0,0.0,0.0,0.0,0.0,0.0,0.01
368,2016-01-04,0.15,0.03,0.12,0.23,0.03,0.1,0.04,0.02,0.02,0.28,0.0
369,2016-01-05,0.0,0.0,0.0,0.0,0.0,0.0,0.0,0.0,0.0,0.0,0.0
370,2016-01-06,0.0,0.0,0.0,0.0,0.0,0.0,0.0,0.0,0.0,0.0,0.03
371,2016-01-07,0.08,0.01,0.02,0.02,0.03,0.02,0.03,0.09,0.01,0.1,0.67
372,2016-01-08,1.45,1.5,1.27,1.35,0.7,1.23,1.18,0.92,1.1,1.08,0.51
373,2016-01-09,0.48,0.56,0.33,0.51,0.42,0.27,0.3,0.67,0.5,0.47,0.32
374,2016-01-10,0.0,0.0,0.0,0.0,0.0,0.0,0.0,0.0,0.0,0.0,0.0
375,2016-01-11,0.27,0.28,0.4,0.23,0.38,0.49,0.47,0.43,0.15,0.32,0.08
376,2016-01-12,0.35,0.17,0.17,0.28,0.32,0.22,0.36,0.3,0.24,0.49,0.34
377,2016-01-13,0.17,0.1,0.2,0.2,0.1,0.05,0.14,0.13,0.2,0.15,0.09
378,2016-01-14,0.12,0.12,0.08,0.14,0.06,0.08,0.05,0.06,0.12,0.16,0.14
379,2016-01-15,0.35,0.23,0.2,0.24,0.15,0.1,0.15,0.15,0.3,0.3,0.09
380,2016-01-16,0.0,0.0,0.0,0.0,0.0,0.0,0.0,0.0,0.0,0.0,0.03
381,2016-01-17,0.0,0.0,0.0,0.0,0.0,0.0,0.0,0.0,0.0,0.0,0.13
382,2016-01-18,0.8,0.27,0.35,0.29,0.43,0.36,0.31,0.51,0.19,0.61,0.48
383,2016-01-19,0.22,0.03,0.5,0.08,0.28,0.1,0.11,0.05,0.02,0.18,0.12
384,2016-01-20,0.02,0.0,0.02,0.0,0.0,0.05,0.0,0.0,0.0,0.01,0.0
385,2016-01-21,0.0,0.0,0.0,0.0,0.0,0.0,0.0,0.0,0.0,0.0,0.01
386,2016-01-22,0.0,0.0,0.1,0.1,0.03,0.03,0.01,0.02,0.0,0.05,0.0
387,2016-01-23,0.0,0.0,0.0,0.0,0.0,0.0,0.0,0.0,0.0,0.0,0.01
388,2016-01-24,0.0,0.0,0.0,0.0,0.0,0.0,0.0,0.0,0.0,0.0,0.0
389,2016-01-25,0.23,0.06,0.07,0.41,0.22,0.05,0.02,0.06,0.06,0.07,0.0
390,2016-01-26,0.2,0.07,0.05,0.05,0.04,0.05,0.15,0.09,0.03,0.27,0.18
391,2016-01-27,0.2,0.15,0.29,0.1,0.05,0.17,0.3,0.4,0.03,0.149,0.01
392,2016-01-28,0.05,0.02,0.03,0.01,0.02,0.05,0.07,0.06,0.01,0.02,0.0
393,2016-01-29,0.05,0.0,0.0,0.0,0.01,0.16,0.02,0.02,0.0,0.02,0.1
394,2016-01-30,0.0,0.0,0.0,0.0,0.0,0.0,0.0,0.0,0.0,0.0,0.0
395,2016-01-31,0.0,0.0,0.0,0.0,0.0,0.0,0.0,0.0,0.0,0.0,0.0
396,2016-02-01,0.06,0.22,0.01,0.03,0.01,0.04,0.03,0.02,0.12,0.05,0.0
397,2016-02-02,0.0,0.0,0.0,0.0,0.0,0.0,0.0,0.0,0.0,0.0,0.02
398,2016-02-03,0.03,0.0,0.0,0.0,0.04,0.17,0.04,0.02,0.0,0.0,0.0
399,2016-02-04,0.08,0.0,0.0,0.0,0.15,0.08,0.05,0.05,0.0,0.07,0.12
400,2016-02-05,0.08,0.07,0.04,0.03,0.07,0.11,0.04,0.08,0.01,0.1,0.0
401,2016-02-06,0.0,0.0,0.0,0.0,0.0,0.0,0.0,0.0,0.0,0.0,0.0
402,2016-02-07,0.0,0.0,0.0,0.0,0.0,0.0,0.0,0.0,0.0,0.0,0.0
403,2016-02-08,0.07,0.0,0.0,0.0,0.18,0.26,0.0,0.11,0.0,0.07,0.0
404,2016-02-09,0.0,0.0,0.0,0.0,0.0,0.0,0.0,0.0,0.0,0.0,0.0
405,2016-02-10,0.01,0.0,0.01,0.0,0.0,0.0,0.02,0.01,0.0,0.0,0.08
406,2016-02-11,0.11,0.11,0.02,0.03,0.02,0.02,0.11,0.02,0.07,0.02,0.0
407,2016-02-12,0.0,0.0,0.02,0.0,0.0,0.0,0.0,0.0,0.0,0.02,0.0
408,2016-02-13,0.0,0.0,0.0,0.0,0.0,0.0,0.0,0.0,0.0,0.0,0.0
409,2016-02-14,0.0,0.0,0.0,0.0,0.0,0.0,0.0,0.0,0.0,0.0,0.0
410,2016-02-15,0.25,0.17,0.21,0.1,0.66,0.34,0.0,0.76,0.05,0.08,0.67
411,2016-02-16,0.13,2.63,0.67,1.7,0.35,0.26,0.33,0.44,3.0,0.62,0.4
412,2016-02-17,0.82,0.4,1.24,0.54,0.7,1.19,0.41,0.59,0.56,0.66,0.34
413,2016-02-18,0.26,0.16,0.4,0.22,0.15,0.25,0.21,0.18,0.2,0.63,0.06
414,2016-02-19,0.37,0.23,0.15,0.12,0.38,0.43,0.41,0.52,0.07,0.19,0.39
415,2016-02-20,0.66,0.91,0.67,0.7,0.62,0.66,0.45,0.65,1.058,0.91,0.98
416,2016-02-21,0.0,0.0,0.0,0.0,0.0,0.0,0.0,0.0,0.0,0.0,0.05
417,2016-02-22,0.97,1.4,0.86,2.0,1.11,0.48,1.3,1.6,1.8,0.85,1.76
418,2016-02-23,1.5,1.07,0.97,1.12,1.46,1.19,1.38,1.8,1.0,0.91,0.87
419,2016-02-24,0.87,0.67,1.15,0.77,0.39,0.95,0.73,1.31,0.64,0.95,0.31
420,2016-02-25,0.05,0.01,0.03,0.02,0.01,0.03,0.01,0.02,0.01,0.02,0.02
421,2016-02-26,0.64,0.01,0.2,0.09,0.1,0.32,0.06,0.19,0.0,0.23,0.39
422,2016-02-27,0.32,0.25,0.65,0.03,0.42,0.28,0.15,0.1,0.26,0.7,0.0
423,2016-02-28,0.0,0.0,0.0,0.0,0.0,0.0,0.0,0.0,0.0,0.0,0.01
424,2016-02-29,0.12,0.03,0.22,0.0,0.03,0.08,0.0,0.0,0.02,0.36,0.02
425,2016-03-01,0.0,0.0,0.0,0.0,0.0,0.0,0.0,0.0,0.0,0.0,0.02
426,2016-03-02,0.24,0.7,0.06,1.0,0.1,0.16,0.28,1.3,0.7,0.14,0.06
427,2016-03-03,2.39,0.22,0.8,1.23,0.09,0.81,0.92,1.49,0.11,1.5,0.39
428,2016-03-04,0.0,0.0,0.0,0.0,0.0,0.0,0.0,0.0,0.0,0.0,0.0
429,2016-03-05,0.0,0.0,0.0,0.0,0.0,0.0,0.0,0.0,0.0,0.0,0.02
430,2016-03-06,0.0,0.0,0.0,0.0,0.0,0.0,0.0,0.0,0.0,0.0,0.0
431,2016-03-07,0.62,0.42,0.31,0.314,0.1,0.39,0.02,0.08,0.39,0.66,1.1
432,2016-03-08,2.77,0.64,0.88,0.59,2.37,1.54,1.75,1.71,0.6,1.08,0.32
433,2016-03-09,0.76,0.31,0.7,0.31,0.53,0.66,0.69,0.53,0.33,0.86,0.28
434,2016-03-10,1.7,0.27,0.22,0.28,1.86,0.6,1.02,1.68,0.31,0.42,2.2
435,2016-03-11,2.6,2.96,2.88,3.34,1.73,2.21,2.21,2.04,3.47,3.13,0.24
436,2016-03-12,0.08,0.01,0.02,0.02,0.01,0.03,0.05,0.02,0.02,0.01,0.23
437,2016-03-13,0.0,0.0,0.0,0.0,0.0,0.0,0.0,0.0,0.0,0.0,0.1
438,2016-03-14,0.32,2.72,0.7,3.62,0.61,1.8,0.46,1.03,2.5,0.59,1.23
439,2016-03-15,1.68,0.04,0.47,0.68,0.02,0.86,0.24,0.07,0.32,0.3,0.05
440,2016-03-16,0.16,0.03,0.02,0.09,0.03,0.05,0.05,0.07,0.02,0.24,0.05
441,2016-03-17,0.26,0.03,0.15,0.12,0.2,0.14,0.23,0.43,0.03,0.53,0.06
442,2016-03-18,0.01,0.0,0.18,0.0,0.07,0.17,0.58,0.1,0.0,0.01,0.0
443,2016-03-19,0.0,0.0,0.0,0.0,0.0,0.0,0.0,0.0,0.0,0.0,0.12
444,2016-03-20,0.0,0.0,0.0,0.0,0.0,0.0,0.0,0.0,0.0,0.0,0.16
445,2016-03-21,0.58,0.47,0.79,0.62,0.79,1.58,2.58,0.94,0.38,0.51,0.26
446,2016-03-22,0.02,0.01,0.01,0.01,0.0,0.02,0.0,0.0,0.02,0.01,0.0
447,2016-03-23,0.82,0.0,0.0,0.0,0.54,0.0,0.83,0.71,0.0,0.0,0.01
448,2016-03-24,0.02,0.19,0.03,0.15,0.01,0.0,0.01,0.01,0.41,0.0,0.0
449,2016-03-25,0.0,0.09,0.0,0.18,0.05,0.03,0.33,0.08,0.03,0.04,0.55
450,2016-03-26,0.6,0.0,0.19,0.02,0.32,0.33,0.55,0.59,0.0,0.55,0.28
451,2016-03-27,0.0,0.0,0.0,0.0,0.0,0.0,0.0,0.0,0.0,0.0,1.58
452,2016-03-28,1.01,1.41,2.64,1.46,1.0,1.78,0.32,0.31,2.05,0.05,0.05
453,2016-03-29,0.51,0.03,0.32,0.11,0.49,0.29,0.52,0.47,0.02,0.94,1.16
454,2016-03-30,1.6,0.58,1.86,0.59,1.77,1.07,1.07,1.11,1.16,1.27,0.24
455,2016-03-31,0.01,0.01,0.01,0.02,0.01,0.01,0.01,0.01,0.01,0.01,0.0
456,2016-04-01,0.0,0.0,0.0,0.0,0.0,0.0,0.0,0.0,0.0,0.0,2.15
457,2016-04-02,1.65,1.22,4.59,3.54,2.67,3.06,1.4,1.93,0.92,3.89,1.78
458,2016-04-03,0.0,0.0,0.0,0.0,0.0,0.0,0.0,0.0,0.0,0.0,0.03
459,2016-04-04,0.8,2.37,1.2,2.69,0.06,0.31,0.58,0.21,1.75,2.05,0.15
460,2016-04-05,0.02,0.08,0.27,0.18,0.02,0.1,0.02,0.02,0.02,0.23,0.03
461,2016-04-06,0.21,0.61,0.6,1.22,0.16,0.21,0.46,0.18,0.79,0.32,0.08
462,2016-04-07,0.0,0.0,0.0,0.0,0.0,0.0,0.0,0.0,0.0,0.0,0.46
463,2016-04-08,0.46,0.2,0.13,0.35,0.23,0.43,0.37,0.25,0.15,0.25,0.03
464,2016-04-09,3.57,0.83,3.0,1.92,2.0,2.0,4.05,3.02,0.63,3.45,2.55
465,2016-04-10,0.0,0.0,0.0,0.0,0.0,0.0,0.0,0.0,0.0,0.0,2.97
466,2016-04-11,5.78,4.57,4.08,5.06,4.95,4.5,4.27,4.95,4.07,4.17,1.03
467,2016-04-12,1.56,3.93,1.88,3.5,1.08,1.67,1.36,1.12,3.32,2.69,0.58
468,2016-04-13,0.66,2.53,0.87,1.88,1.34,0.69,1.42,1.23,0.75,2.06,1.72
469,2016-04-14,3.04,4.76,2.27,4.76,3.45,1.25,1.61,2.05,4.1,4.82,1.45
470,2016-04-15,5.11,2.52,3.38,2.98,3.0,4.1,3.85,3.46,2.86,4.81,1.93
471,2016-04-16,0.49,0.89,0.34,0.41,0.95,0.29,0.33,0.52,0.42,0.61,0.35
472,2016-04-17,0.0,0.0,0.0,0.0,0.0,0.0,0.0,0.0,0.0,0.0,0.37
473,2016-04-18,0.45,1.84,1.13,1.92,1.04,0.81,0.65,0.3,1.34,0.9,0.62
474,2016-04-19,2.23,1.57,1.3,1.3,0.3,0.6,0.14,0.38,1.73,1.75,0.77
475,2016-04-20,1.0,0.13,0.1,0.46,2.14,0.41,0.96,2.4,0.06,0.07,0.07
476,2016-04-21,0.02,0.0,0.01,0.0,0.01,0.02,0.02,0.02,0.0,0.02,0.0
477,2016-04-22,0.0,0.0,0.0,0.0,0.0,0.0,0.0,0.0,0.0,0.0,1.98
478,2016-04-23,3.38,3.21,3.92,2.99,2.59,4.17,4.04,3.06,2.45,3.85,1.1
479,2016-04-24,0.0,0.0,0.0,0.0,0.0,0.0,0.0,0.0,0.0,0.0,0.03
480,2016-04-25,0.2,0.08,0.09,0.06,0.15,0.2,0.03,0.09,0.07,0.18,0.02
481,2016-04-26,0.82,1.86,1.11,1.0,0.3,1.11,0.38,0.31,2.12,0.99,1.25
482,2016-04-27,0.5,0.05,0.55,0.12,0.8,0.3,0.58,0.59,0.05,0.2,0.0
483,2016-04-28,0.18,0.01,0.13,0.05,0.39,0.13,0.5,0.4,0.09,0.07,0.45
484,2016-04-29,0.0,0.0,0.0,0.0,0.0,0.0,0.0,0.0,0.0,0.0,4.59
485,2016-04-30,5.27,5.38,5.56,4.45,3.58,5.54,4.76,3.9,4.63,4.57,2.33
486,2016-05-01,0.0,0.0,0.0,0.0,0.0,0.0,0.0,0.0,0.0,0.0,2.37
487,2016-05-02,0.34,2.67,5.24,3.16,2.84,0.34,0.34,4.02,2.57,4.59,0.34
488,2016-05-03,0.08,0.46,0.2,0.8,0.09,0.06,0.02,0.3,0.77,0.24,0.0
489,2016-05-04,0.04,0.02,0.06,0.03,0.01,0.04,0.5,0.01,0.02,0.15,0.91
490,2016-05-05,0.03,0.01,2.07,0.02,0.2,0.31,1.63,0.2,0.01,0.18,0.01
491,2016-05-06,0.0,0.0,0.0,0.0,0.0,0.0,0.0,0.0,0.0,0.0,0.0
492,2016-05-07,0.0,0.0,0.0,0.0,0.0,0.0,0.0,0.0,0.0,0.0,0.2
493,2016-05-08,0.0,0.0,0.0,0.0,0.0,0.0,0.0,0.0,0.0,0.0,0.01
494,2016-05-09,0.83,0.12,0.33,0.18,0.41,0.36,0.63,0.55,0.09,0.3,0.01
495,2016-05-10,0.09,0.2,0.03,0.02,0.09,0.04,0.17,0.09,0.04,0.08,0.54
496,2016-05-11,4.0,2.39,2.44,2.03,2.7,3.5,3.45,2.8,2.06,2.56,2.04
497,2016-05-12,0.97,0.57,0.75,0.64,0.8,0.41,0.46,0.48,0.7,0.87,0.01
498,2016-05-13,0.0,0.0,0.0,0.0,0.0,0.0,0.0,0.0,0.0,0.0,0.0
499,2016-05-14,0.0,0.0,0.0,0.0,0.0,0.0,0.0,0.0,0.0,0.0,0.0
500,2016-05-15,0.0,0.0,0.0,0.0,0.0,0.0,0.0,0.0,0.0,0.0,0.01
501,2016-05-16,0.66,0.28,0.17,0.03,0.89,0.12,0.1,0.4,0.04,0.0,0.0
502,2016-05-17,0.0,0.0,0.0,0.0,0.0,0.0,0.0,0.0,0.0,0.0,0.12
503,2016-05-18,0.46,0.38,0.35,0.36,0.16,0.31,0.1,0.15,0.27,0.8,0.05
504,2016-05-19,0.0,0.0,0.0,0.0,0.0,0.0,0.0,0.0,0.0,0.0,0.01
505,2016-05-20,0.22,0.05,0.13,0.06,0.05,0.04,0.02,0.07,0.05,0.07,0.0
506,2016-05-21,0.0,0.0,0.0,0.0,0.0,0.0,0.0,0.0,0.0,0.0,2.49
507,2016-05-22,0.0,0.0,0.0,0.0,0.0,0.0,0.0,0.0,0.0,0.0,0.07
508,2016-05-23,0.88,0.58,1.28,0.62,0.16,0.58,0.64,0.7,0.51,1.46,0.06
509,2016-05-24,0.98,0.69,0.46,0.5,0.08,0.36,0.13,1.01,0.59,0.6,0.48
510,2016-05-25,0.26,0.41,0.35,0.09,0.2,0.23,0.51,0.5,0.09,0.27,0.0
511,2016-05-26,0.17,0.02,0.12,0.04,0.04,0.12,0.03,0.17,0.03,0.05,0.13
512,2016-05-27,0.19,0.01,0.04,0.01,0.1,0.07,0.14,0.05,0.01,0.22,0.03
513,2016-05-28,0.0,0.0,0.0,0.0,0.0,0.0,0.0,0.0,0.0,0.0,0.0
514,2016-05-29,0.0,0.0,0.0,0.0,0.0,0.0,0.0,0.0,0.0,0.0,0.0
515,2016-05-30,0.03,0.03,0.0,0.03,0.03,0.01,0.02,0.04,0.02,0.44,0.0
516,2016-05-31,0.0,0.0,0.0,0.0,0.0,0.0,0.0,0.0,0.0,0.0,0.0
517,2016-06-01,0.0,0.0,0.0,0.0,0.0,0.0,0.0,0.0,0.0,0.0,0.0
518,2016-06-02,0.0,0.0,0.0,0.0,0.0,0.0,0.0,0.0,0.0,0.0,0.03
519,2016-06-03,0.0,0.0,0.0,0.0,0.0,0.0,0.0,0.0,0.0,0.0,0.1
520,2016-06-04,0.0,0.0,0.0,0.0,0.0,0.0,0.0,0.0,0.0,0.0,0.0
521,2016-06-05,0.0,0.0,0.0,0.0,0.0,0.0,0.0,0.0,0.0,0.0,0.05
522,2016-06-06,0.32,0.02,0.07,0.02,0.16,0.12,0.53,0.23,0.02,0.14,0.0
523,2016-06-07,0.0,0.0,0.0,0.0,0.0,0.0,0.0,0.0,0.0,0.0,0.0
524,2016-06-08,0.59,0.2,0.32,0.26,0.05,0.2,0.11,0.08,0.18,0.34,0.15
525,2016-06-09,0.55,0.06,0.12,0.06,0.63,0.27,0.44,0.4,0.05,0.16,0.03
526,2016-06-10,0.87,0.06,0.16,0.18,0.88,0.35,0.35,0.78,0.05,0.28,1.39
527,2016-06-11,1.84,1.93,1.81,3.67,1.27,1.63,1.23,1.43,2.02,1.19,0.61
528,2016-06-12,0.0,0.0,0.0,0.0,0.0,0.0,0.0,0.0,0.0,0.0,0.19
529,2016-06-13,0.47,0.14,0.23,0.25,0.29,0.57,1.7,0.3,0.12,0.81,0.19
530,2016-06-14,0.42,0.17,0.2,0.26,0.15,0.2,0.05,0.11,0.16,0.92,0.13
531,2016-06-15,0.1,0.09,0.07,0.03,0.45,0.48,0.5,0.3,0.07,0.05,0.37
532,2016-06-16,0.94,0.4,0.53,0.4,0.14,0.39,0.2,0.24,0.35,0.39,0.05
533,2016-06-17,0.67,0.07,1.0,0.1,0.12,0.5,0.12,0.15,0.05,0.2,0.03
534,2016-06-18,0.0,0.0,0.0,0.0,0.0,0.0,0.0,0.0,0.0,0.0,0.0
535,2016-06-19,0.0,0.0,0.0,0.0,0.0,0.0,0.0,0.0,0.0,0.0,0.13
536,2016-06-20,0.18,0.07,0.01,0.02,0.47,0.17,0.1,0.06,0.06,0.15,0.04
537,2016-06-21,0.2,0.1,0.2,0.02,0.05,0.12,0.07,0.04,0.2,0.51,0.09
538,2016-06-22,0.0,0.0,0.0,0.0,0.0,0.02,0.0,0.0,0.0,0.01,0.0
539,2016-06-23,0.0,0.0,0.0,0.0,0.0,0.0,0.0,0.0,0.0,0.0,0.0
540,2016-06-24,0.0,0.0,0.0,0.0,0.0,0.0,0.0,0.0,0.0,0.0,0.02
541,2016-06-25,0.0,0.0,0.0,0.0,0.0,0.0,0.0,0.0,0.0,0.0,0.0
542,2016-06-26,0.0,0.0,0.0,0.0,0.0,0.0,0.0,0.0,0.0,0.0,0.01
543,2016-06-27,0.21,0.02,0.07,0.03,0.32,0.07,0.22,0.18,0.06,0.07,0.01
544,2016-06-28,0.0,0.0,0.0,0.0,0.0,0.0,0.0,0.0,0.0,0.0,0.26
545,2016-06-29,0.83,0.17,0.42,0.3,0.44,0.5,0.46,0.59,0.15,0.41,0.0
546,2016-06-30,0.0,0.0,0.0,0.0,0.0,0.0,0.0,0.0,0.0,0.0,0.0
547,2016-07-01,0.0,0.0,0.0,0.0,0.0,0.0,0.0,0.0,0.0,0.0,0.0
548,2016-07-02,0.0,0.0,0.0,0.0,0.0,0.0,0.0,0.0,0.0,0.0,0.0
549,2016-07-03,0.0,0.0,0.0,0.0,0.0,0.0,0.0,0.0,0.0,0.0,0.04
550,2016-07-04,0.05,0.0,0.0,0.0,0.07,0.05,0.03,0.04,0.0,0.0,0.0
551,2016-07-05,0.32,0.66,0.18,0.51,0.3,0.05,0.22,0.2,0.31,0.08,0.18
552,2016-07-06,0.03,0.0,0.02,0.0,0.02,0.02,0.01,0.01,0.0,0.01,0.0
553,2016-07-07,0.0,0.0,0.0,0.0,0.0,0.0,0.0,0.0,0.0,0.0,0.0
554,2016-07-08,0.0,0.0,0.0,0.0,0.0,0.0,0.0,0.0,0.0,0.0,0.0
555,2016-07-09,0.0,0.0,0.0,0.0,0.0,0.0,0.0,0.0,0.0,0.0,0.08
556,2016-07-10,0.0,0.0,0.0,0.0,0.0,0.0,0.0,0.0,0.0,0.0,0.27
557,2016-07-11,0.7,0.56,0.65,0.75,1.06,0.87,0.58,1.0,0.3,0.69,0.02
558,2016-07-12,0.0,0.0,0.0,0.0,0.0,0.0,0.0,0.0,0.0,0.0,0.51
559,2016-07-13,0.66,0.04,0.42,0.05,0.5,0.53,0.56,0.8,0.06,0.07,0.0
560,2016-07-14,0.0,0.0,0.0,0.0,0.0,0.0,0.0,0.0,0.0,0.0,0.0
561,2016-07-15,0.0,0.0,0.0,0.0,0.0,0.0,0.0,0.0,0.0,0.0,0.0
562,2016-07-16,0.0,0.0,0.0,0.0,0.0,0.0,0.0,0.0,0.0,0.0,0.0
563,2016-07-17,0.0,0.0,0.0,0.0,0.0,0.0,0.0,0.0,0.0,0.0,0.0
564,2016-07-18,0.0,0.0,0.0,0.0,0.0,0.0,0.0,0.0,0.0,0.0,0.75
565,2016-07-19,2.15,3.76,2.6,3.44,2.29,4.53,2.21,2.2,2.59,5.9,2.21
566,2016-07-20,0.3,0.13,1.93,0.22,0.52,0.4,0.1,0.8,0.06,0.66,0.18
567,2016-07-21,0.61,0.1,0.06,0.01,0.26,0.29,0.23,0.36,0.07,0.39,0.0
568,2016-07-22,0.0,0.0,0.0,0.0,0.0,0.0,0.0,0.0,0.0,0.0,0.07
569,2016-07-23,0.7,0.33,0.11,0.28,0.9,0.42,0.46,0.57,0.64,0.27,0.12
570,2016-07-24,0.0,0.0,0.0,0.0,0.0,0.0,0.0,0.0,0.0,0.0,0.01
571,2016-07-25,0.05,0.05,0.02,0.03,0.03,0.03,0.02,0.02,0.01,0.06,0.0
572,2016-07-26,0.0,0.0,0.0,0.0,0.0,0.0,0.0,0.0,0.0,0.0,0.0
573,2016-07-27,0.0,0.0,0.0,0.0,0.0,0.0,0.0,0.0,0.0,0.0,0.0
574,2016-07-28,0.0,0.0,0.0,0.0,0.0,0.0,0.0,0.0,0.0,0.0,0.0
575,2016-07-29,0.53,0.05,0.08,0.06,0.37,0.02,0.07,0.32,0.05,0.23,0.0
576,2016-07-30,0.15,0.02,0.02,0.03,0.25,0.18,0.24,0.12,0.02,0.04,0.04
577,2016-07-31,0.0,0.0,0.0,0.0,0.0,0.0,0.0,0.0,0.0,0.0,0.0
578,2016-08-01,0.02,0.04,0.0,0.01,0.01,0.02,0.0,0.01,0.06,0.01,0.0
579,2016-08-02,0.02,0.5,0.48,0.0,0.03,0.17,0.66,0.02,0.1,0.02,0.0
580,2016-08-03,0.29,0.0,0.03,0.0,0.07,0.05,0.05,0.04,0.0,0.06,0.0
581,2016-08-04,0.02,0.02,0.03,0.01,0.01,0.01,0.01,0.01,0.02,0.17,0.0
582,2016-08-05,0.96,0.25,0.09,0.17,0.23,0.38,0.43,1.12,0.36,0.04,0.35
583,2016-08-06,0.0,0.0,0.0,0.0,0.0,0.0,0.0,0.0,0.0,0.0,0.0
584,2016-08-07,0.0,0.0,0.0,0.0,0.0,0.0,0.0,0.0,0.0,0.0,0.04
585,2016-08-08,0.22,0.05,0.19,0.02,0.07,0.34,0.12,0.09,0.01,0.21,0.01
586,2016-08-09,0.13,0.11,0.06,0.22,0.02,0.15,0.11,0.14,0.04,0.28,0.0
587,2016-08-10,0.0,0.0,0.0,0.0,0.0,0.0,0.0,0.0,0.0,0.0,0.07
588,2016-08-11,0.3,0.0,0.0,0.0,0.32,0.29,0.15,0.26,0.0,0.01,0.11
589,2016-08-12,2.37,2.25,1.7,1.78,1.26,1.82,0.77,0.95,2.12,1.5,0.96
590,2016-08-13,0.0,0.0,0.0,0.0,0.0,0.0,0.0,0.0,0.0,0.0,0.0
591,2016-08-14,0.0,0.0,0.0,0.0,0.0,0.0,0.0,0.0,0.0,0.0,0.42
592,2016-08-15,0.48,1.0,0.44,0.5,0.33,0.39,0.9,0.81,0.5,0.51,0.19
593,2016-08-16,0.5,0.11,0.3,0.03,0.57,0.44,0.12,0.7,0.03,0.05,0.14
594,2016-08-17,0.01,0.01,0.02,0.01,0.01,0.07,0.07,0.01,0.01,0.02,0.01
595,2016-08-18,0.05,0.0,0.0,0.0,0.02,0.12,0.03,0.03,0.0,0.0,0.0
596,2016-08-19,0.0,0.0,0.0,0.0,0.0,0.0,0.0,0.0,0.0,0.0,0.0
597,2016-08-20,0.0,0.0,0.0,0.0,0.0,0.0,0.0,0.0,0.0,0.0,0.52
598,2016-08-21,0.0,0.0,0.0,0.0,0.0,0.0,0.0,0.0,0.0,0.0,0.17
599,2016-08-22,4.32,2.19,2.32,2.27,4.66,1.4,1.34,3.43,1.72,2.0,0.32
600,2016-08-23,1.11,2.14,1.05,1.7,1.04,0.77,1.03,1.3,0.45,1.47,0.79
601,2016-08-24,1.98,0.44,0.75,0.77,0.53,0.51,0.35,0.41,0.38,1.26,0.03
602,2016-08-25,0.45,0.01,0.1,0.01,0.01,0.12,0.05,0.02,0.01,0.02,0.0
603,2016-08-26,0.0,0.0,0.0,0.0,0.0,0.0,0.0,0.0,0.0,0.0,0.0
604,2016-08-27,0.0,0.0,0.0,0.0,0.0,0.0,0.0,0.0,0.0,0.0,0.0
605,2016-08-28,0.0,0.0,0.0,0.0,0.0,0.0,0.0,0.0,0.0,0.0,0.04
606,2016-08-29,0.15,0.06,0.06,0.02,0.31,0.09,0.14,0.34,0.02,0.06,0.02
607,2016-08-30,0.18,0.1,0.04,0.04,0.06,0.38,0.86,0.1,0.01,0.02,0.19
608,2016-08-31,0.24,0.01,0.29,0.02,0.05,0.16,0.06,0.05,0.01,0.15,0.11
609,2016-09-01,0.02,0.0,0.01,0.0,0.0,0.04,0.02,0.0,0.0,0.0,0.0
610,2016-09-02,0.0,0.0,0.0,0.0,0.0,0.0,0.0,0.0,0.0,0.0,0.25
611,2016-09-03,2.41,0.42,0.95,0.84,2.05,1.05,1.24,1.14,0.31,1.4,0.57
612,2016-09-04,0.0,0.0,0.0,0.0,0.0,0.0,0.0,0.0,0.0,0.0,0.68
613,2016-09-05,2.61,1.83,1.82,1.85,2.22,1.49,1.45,1.31,1.51,2.43,0.15
614,2016-09-06,0.39,0.12,0.07,0.23,0.58,0.2,0.33,0.36,0.0,0.13,0.13
615,2016-09-07,0.34,0.09,0.27,0.03,0.26,0.2,0.08,0.27,0.02,0.1,0.03
616,2016-09-08,0.1,0.0,0.01,0.01,0.05,0.05,0.03,0.07,0.0,0.01,0.23
617,2016-09-09,0.7,1.29,0.82,0.79,0.89,0.67,0.7,0.65,1.06,0.83,0.16
618,2016-09-10,0.0,0.0,0.0,0.0,0.0,0.0,0.0,0.0,0.0,0.0,0.43
619,2016-09-11,0.0,0.0,0.0,0.0,0.0,0.0,0.0,0.0,0.0,0.0,0.0
620,2016-09-12,0.44,0.16,0.17,0.05,1.28,0.71,0.0,1.96,0.45,0.18,0.0
621,2016-09-13,0.0,0.0,0.0,0.0,0.0,0.0,0.0,0.0,0.0,0.0,0.14
622,2016-09-14,0.24,0.01,0.02,0.03,0.17,0.14,0.66,0.43,0.01,0.1,0.02
623,2016-09-15,0.08,0.01,0.08,0.08,0.18,0.04,0.1,0.15,0.01,0.22,0.07
624,2016-09-16,0.0,0.0,0.0,0.0,0.0,0.0,0.0,0.0,0.0,0.0,0.0
625,2016-09-17,0.0,0.0,0.0,0.0,0.0,0.0,0.0,0.0,0.0,0.0,0.33
626,2016-09-18,0.0,0.0,0.0,0.0,0.0,0.0,0.0,0.0,0.0,0.0,0.11
627,2016-09-19,1.36,0.13,0.95,0.22,1.67,0.9,0.91,1.71,0.1,0.12,0.27
628,2016-09-20,2.88,1.95,0.72,2.05,0.16,2.37,1.67,1.71,0.66,1.07,0.03
629,2016-09-21,0.0,0.0,0.0,0.0,0.0,0.0,0.0,0.0,0.0,0.0,0.02
630,2016-09-22,0.0,0.0,0.0,0.0,0.0,0.0,0.0,0.0,0.0,0.0,0.04
631,2016-09-23,0.0,0.0,0.0,0.0,0.0,0.0,0.0,0.0,0.0,0.0,0.36
632,2016-09-24,0.02,0.0,0.01,0.0,0.08,0.02,0.29,0.4,0.0,0.0,0.9
633,2016-09-25,2.75,0.6,0.24,0.61,2.45,0.54,0.43,2.3,0.26,0.2,0.22
634,2016-09-26,0.0,0.0,0.0,0.0,0.0,0.0,0.0,0.0,0.0,0.0,0.03
635,2016-09-27,0.0,1.35,0.55,0.84,0.0,0.66,2.02,0.0,0.54,0.51,0.01
636,2016-09-28,0.35,0.1,0.37,0.0,0.57,0.36,0.25,0.9,0.1,1.17,0.22
637,2016-09-29,0.42,0.07,0.07,0.02,0.22,0.38,0.41,0.36,0.04,0.16,0.05
638,2016-09-30,0.1,0.02,0.16,0.02,0.02,0.15,0.03,0.03,0.01,0.05,0.0
639,2016-10-01,0.0,0.0,0.0,0.0,0.0,0.0,0.0,0.0,0.0,0.0,0.0
640,2016-10-02,0.0,0.0,0.0,0.0,0.0,0.0,0.0,0.0,0.0,0.0,0.0
641,2016-10-03,1.89,0.0,0.0,0.0,0.02,0.01,0.18,0.09,0.0,0.79,0.0
642,2016-10-04,0.0,0.0,0.0,0.0,0.0,0.0,0.0,0.0,0.0,0.0,0.0
643,2016-10-05,0.0,0.0,0.0,0.0,0.0,0.0,0.0,0.0,0.0,0.0,0.0
644,2016-10-06,0.0,0.0,0.0,0.0,0.0,0.0,0.0,0.0,0.0,0.0,0.0
645,2016-10-07,0.07,0.04,0.06,0.07,0.05,0.04,0.04,0.06,0.02,0.03,0.0
646,2016-10-08,0.0,0.0,0.0,0.0,0.0,0.0,0.0,0.0,0.0,0.0,0.09
647,2016-10-09,0.0,0.0,0.0,0.0,0.0,0.0,0.0,0.0,0.0,0.0,0.5
648,2016-10-10,1.68,0.5,0.77,0.7,0.07,0.92,0.81,1.13,0.7,1.52,0.03
649,2016-10-11,0.74,0.26,0.58,0.3,0.75,0.33,0.4,0.95,0.22,0.75,0.39
650,2016-10-12,0.02,0.03,0.27,0.08,0.02,0.01,0.01,0.02,0.02,0.72,0.0
651,2016-10-13,0.04,0.07,0.03,0.18,0.0,0.03,0.02,0.0,0.13,0.24,0.0
652,2016-10-14,0.0,0.0,0.0,0.0,0.0,0.0,0.0,0.0,0.0,0.0,0.71
653,2016-10-15,0.0,0.0,0.0,0.0,0.0,0.0,0.0,0.0,0.0,0.0,0.0
654,2016-10-16,0.0,0.0,0.0,0.0,0.0,0.0,0.0,0.0,0.0,0.0,0.03
655,2016-10-17,0.74,0.33,0.15,0.13,0.92,0.59,0.39,0.45,0.56,0.46,0.14
656,2016-10-18,0.0,0.0,0.0,0.0,0.0,0.0,0.0,0.0,0.0,0.0,0.58
657,2016-10-19,0.35,0.66,0.4,0.45,0.21,0.53,1.02,0.58,0.15,0.72,0.0
658,2016-10-20,0.0,0.0,0.0,0.0,0.0,0.0,0.0,0.0,0.0,0.0,0.0
659,2016-10-21,0.0,0.0,0.0,0.0,0.0,0.0,0.0,0.0,0.0,0.0,0.0
660,2016-10-22,0.0,0.0,0.0,0.0,0.0,0.0,0.0,0.0,0.0,0.0,0.69
661,2016-10-23,0.0,0.0,0.0,0.0,0.0,0.0,0.0,0.0,0.0,0.0,0.36
662,2016-10-24,0.34,0.1,1.41,0.4,1.33,0.15,1.48,0.15,0.12,1.35,0.09
663,2016-10-25,0.35,0.02,0.46,0.02,1.08,0.04,0.24,1.72,0.01,0.36,0.12
664,2016-10-26,0.09,0.01,0.02,0.02,0.03,0.09,0.06,0.02,0.01,0.23,0.05
665,2016-10-27,0.74,0.4,0.42,0.24,0.69,0.58,0.98,0.27,0.17,0.52,0.3
666,2016-10-28,0.13,0.37,0.27,0.17,0.02,0.09,0.01,0.01,0.03,0.82,0.04
667,2016-10-29,0.22,0.14,0.52,0.23,0.05,0.55,1.12,0.5,0.04,0.41,0.01
668,2016-10-30,0.0,0.0,0.0,0.0,0.0,0.0,0.0,0.0,0.0,0.0,0.11
669,2016-10-31,0.4,0.27,0.42,0.82,0.32,0.1,0.17,0.15,0.16,0.53,0.88
670,2016-11-01,0.82,0.82,0.95,1.17,0.14,1.34,0.48,0.21,1.06,0.98,0.03
671,2016-11-02,0.0,0.0,0.0,0.0,0.0,0.0,0.0,0.0,0.0,0.0,0.0
672,2016-11-03,0.32,0.17,0.04,0.02,0.64,0.2,0.26,0.17,0.0,0.09,0.06
673,2016-11-04,0.54,0.21,0.09,0.1,0.4,0.51,0.36,0.5,0.07,0.02,0.1
674,2016-11-05,0.0,0.0,0.0,0.0,0.0,0.0,0.0,0.0,0.0,0.0,0.0
675,2016-11-06,0.0,0.0,0.0,0.0,0.0,0.0,0.0,0.0,0.0,0.0,2.19
676,2016-11-07,3.5,6.33,6.12,8.35,1.58,0.638,4.68,2.24,3.84,4.14,5.11
677,2016-11-08,0.0,0.0,0.0,0.0,0.0,0.0,0.0,0.0,0.0,0.0,0.19
678,2016-11-09,0.87,0.91,0.54,0.73,1.07,1.21,1.43,1.2,0.64,0.55,0.31
679,2016-11-10,2.06,0.44,0.6,0.24,1.53,1.32,1.22,1.76,0.27,0.44,3.27
680,2016-11-11,2.99,2.57,3.19,3.89,2.53,2.96,1.79,2.2,2.57,2.52,0.0
681,2016-11-12,0.0,0.0,0.0,0.0,0.0,0.0,0.0,0.0,0.0,0.0,0.0
682,2016-11-13,0.0,0.0,0.0,0.0,0.0,0.0,0.0,0.0,0.0,0.0,0.0
683,2016-11-14,0.01,0.34,0.57,0.07,0.1,0.04,0.23,0.6,0.32,0.04,0.05
684,2016-11-15,0.0,0.0,0.03,0.0,0.02,0.01,0.0,0.04,0.0,0.0,0.09
685,2016-11-16,0.55,0.04,0.03,0.2,0.0,0.02,0.0,0.0,0.03,0.17,0.07
686,2016-11-17,0.15,0.97,0.28,0.31,0.08,0.08,0.19,0.07,1.47,0.55,0.14
687,2016-11-18,0.39,0.05,0.66,0.47,0.0,0.31,0.01,0.02,0.02,0.14,0.15
688,2016-11-19,0.51,0.29,0.18,0.31,0.9,0.67,0.92,1.37,0.03,0.32,0.25
689,2016-11-20,0.0,0.0,0.0,0.0,0.0,0.0,0.0,0.0,0.0,0.0,0.06
690,2016-11-21,0.48,0.12,0.5,0.3,0.72,0.11,1.06,1.4,0.3,0.33,0.05
691,2016-11-22,0.38,0.03,0.07,0.05,0.18,0.4,0.06,0.1,0.03,0.05,0.1
692,2016-11-23,1.14,0.24,1.03,0.12,0.49,0.01,0.08,0.39,0.17,0.48,0.06
693,2016-11-24,0.01,0.25,0.02,0.1,0.35,0.03,0.06,0.4,0.01,0.03,0.05
694,2016-11-25,0.24,0.0,0.01,0.0,0.0,0.4,0.4,2.05,0.0,0.0,0.19
695,2016-11-26,0.47,1.58,0.75,0.84,0.01,0.47,0.18,0.01,0.8,0.45,0.34
696,2016-11-27,0.0,0.0,0.0,0.0,0.0,0.0,0.0,0.0,0.0,0.0,0.0
697,2016-11-28,0.49,0.03,0.07,0.07,0.0,0.56,0.49,0.01,0.01,0.0,0.0
698,2016-11-29,0.01,0.0,0.03,0.0,0.02,0.28,0.05,0.02,0.0,0.0,0.0
699,2016-11-30,0.0,0.0,0.0,0.0,0.0,0.0,0.0,0.0,0.0,0.0,0.0
700,2016-12-01,0.0,0.0,0.0,0.0,0.0,0.0,0.0,0.0,0.0,0.0,0.0
701,2016-12-02,0.0,0.0,0.02,0.0,0.0,0.0,0.0,0.0,0.0,0.33,0.0
702,2016-12-03,0.0,0.0,0.0,0.0,0.0,0.0,0.0,0.0,0.0,0.0,0.14
703,2016-12-04,0.0,0.0,0.0,0.0,0.0,0.0,0.0,0.0,0.0,0.0,0.0
704,2016-12-05,0.34,0.17,0.69,0.5,0.13,0.58,0.62,0.36,0.13,0.42,0.42
705,2016-12-06,1.56,0.3,1.07,0.52,1.11,0.95,1.32,1.37,0.4,0.64,0.07
706,2016-12-07,0.0,0.0,0.0,0.0,0.0,0.0,0.0,0.0,0.0,0.0,0.37
707,2016-12-08,0.06,0.0,0.02,0.0,0.0,1.46,1.03,0.55,0.0,0.07,0.2
708,2016-12-09,0.22,0.05,0.25,0.11,0.59,0.06,0.41,0.53,0.03,0.54,0.04
709,2016-12-10,0.0,0.0,0.0,0.0,0.0,0.0,0.0,0.0,0.0,0.0,0.03
710,2016-12-11,0.0,0.0,0.0,0.0,0.0,0.0,0.0,0.0,0.0,0.0,0.04
711,2016-12-12,1.68,0.28,0.72,0.3,1.43,1.28,1.09,1.71,0.42,1.12,0.44
712,2016-12-13,0.07,0.08,0.34,0.11,0.03,0.18,0.04,0.04,0.06,0.14,0.28
713,2016-12-14,0.13,0.02,0.15,0.1,0.02,0.13,0.12,0.03,0.02,0.09,0.76
714,2016-12-15,0.08,0.0,0.03,0.16,0.02,0.36,0.06,0.03,0.0,0.05,0.22
715,2016-12-16,0.29,0.52,2.16,2.05,0.2,0.8,0.1,0.16,0.17,0.15,0.15
716,2016-12-17,0.02,0.31,0.52,0.03,0.08,0.17,0.37,0.07,0.13,0.37,2.18
717,2016-12-18,0.0,0.0,0.0,0.0,0.0,0.0,0.0,0.0,0.0,0.0,0.02
718,2016-12-19,2.24,2.78,3.62,2.08,2.05,2.61,1.64,2.1,2.87,2.1,1.31
719,2016-12-20,0.66,3.16,0.66,1.47,0.8,2.08,0.58,0.08,3.02,1.18,0.18
720,2016-12-21,0.2,0.61,0.08,0.36,0.03,0.39,0.03,0.04,1.06,0.15,0.38
721,2016-12-22,2.45,0.37,1.03,0.64,1.69,3.33,2.46,2.1,0.09,0.32,1.44
722,2016-12-23,2.03,3.26,1.27,3.83,2.35,1.66,2.2,2.1,3.0,2.63,1.27
723,2016-12-24,0.0,0.0,0.0,0.0,0.0,0.0,0.0,0.0,0.0,0.0,0.34
724,2016-12-25,0.0,0.0,0.0,0.0,0.0,0.0,0.0,0.0,0.0,0.0,0.1
725,2016-12-26,1.36,0.54,1.05,0.74,1.03,0.65,1.21,0.6,0.75,1.38,0.0
726,2016-12-27,0.01,0.0,0.01,0.0,0.0,0.01,0.01,0.0,0.0,0.01,0.01
727,2016-12-28,0.02,0.04,0.01,0.09,0.1,0.37,0.09,0.41,0.02,0.28,0.86
728,2016-12-29,0.18,0.7,2.1,0.96,0.06,0.67,0.11,0.08,0.56,2.03,0.05
729,2016-12-30,3.51,2.16,1.37,2.87,2.43,3.15,2.95,2.75,2.43,1.28,2.86
730,2016-12-31,0.12,0.21,0.74,0.51,0.05,0.12,0.07,0.07,0.13,0.51,0.08
731,2017-01-01,0.0,0.0,0.0,0.0,0.0,0.0,0.0,0.0,0.0,0.0,0.14
732,2017-01-02,0.29,0.06,0.16,0.34,0.43,0.1,0.48,0.3,0.04,0.47,0.0
733,2017-01-03,0.2,0.04,0.13,0.11,0.39,0.42,0.6,0.23,0.02,0.07,0.54
734,2017-01-04,0.91,0.41,0.4,0.27,0.76,0.63,0.53,0.77,0.94,0.22,0.25
735,2017-01-05,0.61,0.11,0.15,0.24,0.34,0.11,0.1,0.23,0.13,0.32,0.02
736,2017-01-06,0.47,0.03,0.24,0.04,0.23,0.59,0.1,0.19,0.02,0.91,0.35
737,2017-01-07,0.43,0.7,0.3,0.42,0.2,0.22,0.28,0.27,0.72,0.37,0.16
738,2017-01-08,0.0,0.0,0.0,0.0,0.0,0.0,0.0,0.0,0.0,0.0,0.0
739,2017-01-09,0.09,1.2,0.48,1.2,0.02,0.22,0.22,0.09,1.3,0.61,0.2
740,2017-01-10,0.06,0.09,0.03,0.08,0.06,0.05,0.01,0.03,0.04,0.06,0.0
741,2017-01-11,0.3,0.18,0.09,0.25,0.2,0.1,0.2,0.1,0.18,0.19,0.24
742,2017-01-12,0.02,0.0,0.22,0.0,0.02,0.01,0.02,0.02,0.0,0.01,0.03
743,2017-01-13,0.15,0.03,0.27,0.04,0.2,0.04,0.2,0.21,0.02,0.35,1.03
744,2017-01-14,0.41,0.0,0.03,0.0,0.03,0.93,0.01,0.05,0.0,0.0,0.77
745,2017-01-15,0.0,0.0,0.0,0.0,0.0,0.0,0.0,0.0,0.0,0.0,0.03
746,2017-01-16,1.49,1.37,0.17,0.74,0.31,0.4,0.2,0.59,0.66,0.98,0.16
747,2017-01-17,0.44,0.47,0.66,0.54,0.41,0.86,0.13,0.35,0.71,0.61,0.32
748,2017-01-18,0.0,0.0,0.0,0.0,0.0,0.0,0.0,0.0,0.0,0.0,0.0
749,2017-01-19,0.0,0.0,0.0,0.0,0.0,0.0,0.0,0.0,0.0,0.0,0.26
750,2017-01-20,0.2,0.67,1.63,1.02,0.0,0.71,0.01,0.0,0.55,1.29,0.25
751,2017-01-21,0.71,0.04,1.09,0.4,1.72,0.04,0.82,1.0,0.02,0.5,0.03
752,2017-01-22,0.0,0.0,0.0,0.0,0.0,0.0,0.0,0.0,0.0,0.0,1.25
753,2017-01-23,1.9,0.17,0.95,0.25,0.07,2.48,0.37,0.03,0.39,0.54,0.01
754,2017-01-24,0.0,0.0,0.0,0.0,0.0,0.0,0.0,0.0,0.0,0.0,0.17
755,2017-01-25,0.64,0.36,0.54,0.34,0.31,0.48,0.13,0.73,0.3,0.83,0.08
756,2017-01-26,1.5,0.4,0.6,0.18,1.25,0.21,0.98,0.32,0.35,0.65,0.29
757,2017-01-27,3.97,1.5,1.17,2.12,2.24,0.14,2.91,2.32,1.33,0.41,0.2
758,2017-01-28,0.0,0.0,0.0,0.0,0.0,0.0,0.0,0.0,0.0,0.0,0.0
759,2017-01-29,0.0,0.0,0.0,0.0,0.0,0.0,0.0,0.0,0.0,0.0,0.58
760,2017-01-30,0.86,0.55,0.87,0.31,0.85,1.48,0.71,0.71,0.54,1.08,1.85
761,2017-01-31,1.55,0.78,0.78,0.59,0.95,1.17,1.43,1.26,0.75,1.0,0.36
762,2017-02-01,0.74,1.69,0.4,0.89,1.35,0.37,0.48,0.95,1.49,0.27,0.16
763,2017-02-02,0.21,0.15,0.18,0.16,0.09,0.36,0.4,0.2,0.11,0.22,0.51
764,2017-02-03,0.06,0.02,0.07,0.02,0.0,0.04,0.01,0.01,0.02,0.12,0.0
765,2017-02-04,0.62,0.0,0.6,0.01,0.05,0.22,0.08,0.23,0.0,0.86,0.25
766,2017-02-05,0.0,0.0,0.0,0.0,0.0,0.0,0.0,0.0,0.0,0.0,0.09
767,2017-02-06,1.15,0.58,2.63,0.54,1.48,0.85,0.67,0.95,0.3,1.05,0.81
768,2017-02-07,0.47,0.49,0.22,0.5,0.56,0.89,0.62,0.39,0.67,0.7,0.67
769,2017-02-08,2.86,1.18,2.6,1.54,3.24,3.07,1.9,2.92,0.94,2.45,3.27
770,2017-02-09,0.87,0.62,3.64,0.8,0.84,0.84,0.77,1.16,0.42,3.2,0.71
771,2017-02-10,1.47,0.35,1.02,0.58,1.4,2.66,2.04,1.76,0.26,1.15,1.37
772,2017-02-11,0.44,0.11,1.46,0.64,0.23,0.21,0.29,0.33,0.06,1.09,0.2
773,2017-02-12,0.0,0.0,0.0,0.0,0.0,0.0,0.0,0.0,0.0,0.0,0.0
774,2017-02-13,0.0,0.18,0.17,0.01,0.0,0.05,0.01,0.0,0.13,0.17,0.02
775,2017-02-14,0.1,0.01,0.02,0.03,0.0,0.15,0.18,0.14,0.01,0.01,0.45
776,2017-02-15,3.09,0.13,1.32,0.93,0.19,3.3,2.11,1.47,0.13,1.37,2.98
777,2017-02-16,0.54,1.5,4.35,2.0,0.1,1.15,0.93,0.86,1.1,1.66,0.52
778,2017-02-17,0.49,0.06,0.48,0.1,0.2,0.08,0.23,0.35,0.08,1.29,0.21
779,2017-02-18,0.39,0.84,0.8,0.69,0.63,0.83,0.46,0.41,0.66,0.45,2.82
780,2017-02-19,0.0,0.0,0.0,0.0,0.0,0.0,0.0,0.0,0.0,0.0,1.01
781,2017-02-20,3.6,1.43,2.86,2.13,4.03,3.93,3.07,3.84,0.92,2.7,0.41
782,2017-02-21,0.83,0.09,0.26,0.21,0.55,0.52,0.55,0.53,0.07,0.25,0.29
783,2017-02-22,0.11,0.09,0.29,0.53,0.13,0.21,0.13,0.2,0.09,0.33,0.35
784,2017-02-23,0.3,0.34,1.06,1.22,0.12,0.8,0.21,0.25,0.1,1.31,0.48
785,2017-02-24,0.24,0.05,0.06,0.08,0.36,0.4,0.27,0.21,0.04,0.05,0.43
786,2017-02-25,0.38,0.74,1.06,1.27,0.22,0.46,0.3,0.28,0.76,0.52,0.0
787,2017-02-26,0.0,0.0,0.0,0.0,0.0,0.0,0.0,0.0,0.0,0.0,0.02
788,2017-02-27,0.13,0.01,0.02,0.02,0.05,0.04,0.15,0.14,0.01,0.05,0.05
789,2017-02-28,0.33,0.02,0.23,0.05,0.21,0.23,0.37,0.2,0.02,0.18,0.28
790,2017-03-01,0.22,0.12,0.06,0.01,0.15,0.23,0.45,0.86,0.42,0.13,0.06
791,2017-03-02,0.77,0.02,0.04,0.02,0.43,0.03,0.15,0.44,0.01,0.45,0.03
792,2017-03-03,0.0,0.0,0.0,0.0,0.0,0.0,0.0,0.0,0.0,0.01,0.24
793,2017-03-04,0.41,0.45,0.8,0.12,0.21,0.65,0.41,0.5,0.35,0.92,0.0
794,2017-03-05,0.0,0.0,0.0,0.0,0.0,0.0,0.0,0.0,0.0,0.0,0.0
795,2017-03-06,0.02,0.07,0.0,0.14,0.0,0.01,0.0,0.0,0.02,0.06,0.02
796,2017-03-07,0.22,0.02,0.27,0.02,0.34,0.03,0.26,0.49,0.01,0.71,0.09
797,2017-03-08,0.07,0.12,0.26,0.11,0.11,0.11,0.14,0.16,0.02,0.07,0.22
798,2017-03-09,0.42,0.25,0.18,0.45,0.24,0.66,0.24,0.32,0.5,0.18,0.52
799,2017-03-10,0.39,0.18,0.4,0.29,0.25,0.27,0.09,0.12,0.14,0.64,0.06
800,2017-03-11,0.25,0.02,0.1,0.02,0.18,0.02,0.06,0.3,0.01,0.37,0.03
801,2017-03-12,0.0,0.0,0.0,0.0,0.0,0.0,0.0,0.0,0.0,0.0,1.21
802,2017-03-13,1.63,1.47,1.63,0.66,1.01,1.01,3.0,2.11,2.02,1.79,0.03
803,2017-03-14,0.0,0.0,0.0,0.0,0.0,0.0,0.0,0.0,0.0,0.0,0.02
804,2017-03-15,0.04,0.0,0.01,0.0,0.08,0.31,1.55,0.19,0.0,0.01,0.0
805,2017-03-16,0.0,0.17,0.04,0.12,0.32,0.04,0.09,0.0,0.66,0.05,0.06
806,2017-03-17,0.57,1.6,1.04,2.0,0.08,0.61,0.99,0.97,2.38,0.91,1.07
807,2017-03-18,0.47,0.02,0.31,0.04,0.27,0.28,0.47,0.31,0.02,0.56,0.11
808,2017-03-19,0.0,0.0,0.0,0.0,0.01,0.0,0.0,0.0,0.0,0.0,0.0
809,2017-03-20,0.63,0.56,0.35,1.28,0.58,0.44,0.46,0.41,0.57,0.77,0.25
810,2017-03-21,0.02,0.01,0.11,0.02,0.22,0.01,0.02,0.01,0.01,0.07,0.0
811,2017-03-22,1.33,0.21,0.2,0.28,0.13,0.65,0.22,0.5,0.21,0.18,0.38
812,2017-03-23,0.33,0.02,0.08,0.02,0.0,0.03,0.09,0.09,0.01,0.03,0.08
813,2017-03-24,0.36,0.07,0.21,0.12,0.0,0.17,0.1,0.16,0.1,0.77,0.05
814,2017-03-25,0.0,0.0,0.0,0.0,0.59,0.0,0.0,0.0,0.0,0.0,0.01
815,2017-03-26,0.0,0.0,0.0,0.0,0.76,0.0,0.0,0.0,0.0,0.0,0.06
816,2017-03-27,0.43,0.26,0.33,0.36,0.03,0.29,0.54,0.38,0.1,0.59,0.14
817,2017-03-28,0.77,0.11,0.09,0.09,0.16,0.31,0.21,0.39,0.2,0.23,0.11
818,2017-03-29,0.14,0.54,0.2,0.6,0.4,0.08,0.12,0.06,0.06,0.27,0.1
819,2017-03-30,0.36,0.25,0.03,0.44,,0.2,0.21,0.11,0.5,0.12,0.25
820,2017-03-31,0.42,0.05,0.11,0.4,,0.33,0.28,0.46,0.05,0.77,0.3
821,2017-04-01,,,,,,,,,,,0.05
822,2017-04-02,,,,,,,,,,,0.04
823,2017-04-03,,,,,,,,,,,0.74
824,2017-04-04,,,,,,,,,,,0.74
825,2017-04-05,,,,,,,,,,,1.38
826,2017-04-06,,,,,,,,,,,0.0
827,2017-04-07,,,,,,,,,,,0.0
828,2017-04-08,,,,,,,,,,,0.24
829,2017-04-09,,,,,,,,,,,0.43
830,2017-04-10,,,,,,,,,,,1.18
831,2017-04-11,,,,,,,,,,,0.63
832,2017-04-12,,,,,,,,,,,0.26
833,2017-04-13,,,,,,,,,,,0.0
834,2017-04-14,,,,,,,,,,,0.26
835,2017-04-15,,,,,,,,,,,0.0
836,2017-04-16,,,,,,,,,,,0.08
837,2017-04-17,,,,,,,,,,,0.0
838,2017-04-18,,,,,,,,,,,0.0
839,2017-04-19,,,,,,,,,,,0.0
840,2017-04-20,,,,,,,,,,,0.0
841,2017-04-21,,,,,,,,,,,0.06
842,2017-04-22,,,,,,,,,,,0.0
843,2017-04-23,,,,,,,,,,,0.0
844,2017-04-24,,,,,,,,,,,0.55
845,2017-04-25,,,,,,,,,,,0.01
846,2017-04-26,,,,,,,,,,,0.09
847,2017-04-27,,,,,,,,,,,0.01
848,2017-04-28,,,,,,,,,,,0.0
849,2017-04-29,,,,,,,,,,,0.77
850,2017-04-30,,,,,,,,,,,0.62
851,2017-05-01,,,,,,,,,,,0.25
852,2017-05-02,,,,,,,,,,,0.37
853,2017-05-03,,,,,,,,,,,0.68
854,2017-05-04,,,,,,,,,,,0.36
855,2017-05-05,,,,,,,,,,,0.07
856,2017-05-06,,,,,,,,,,,1.17
857,2017-05-07,,,,,,,,,,,0.22
858,2017-05-08,,,,,,,,,,,0.64
859,2017-05-09,,,,,,,,,,,1.11
860,2017-05-10,,,,,,,,,,,8.03
861,2017-05-11,,,,,,,,,,,2.5
862,2017-05-12,,,,,,,,,,,0.03
863,2017-05-13,,,,,,,,,,,1.72
864,2017-05-14,,,,,,,,,,,0.09
865,2017-05-15,,,,,,,,,,,2.25
866,2017-05-16,,,,,,,,,,,0.86
867,2017-05-17,,,,,,,,,,,0.15
868,2017-05-18,,,,,,,,,,,0.05
869,2017-05-19,,,,,,,,,,,0.06
870,2017-05-20,,,,,,,,,,,0.66
871,2017-05-21,,,,,,,,,,,0.08
872,2017-05-22,,,,,,,,,,,0.79
873,2017-05-23,,,,,,,,,,,0.56
874,2017-05-24,,,,,,,,,,,0.17
875,2017-05-25,,,,,,,,,,,0.11
876,2017-05-26,,,,,,,,,,,0.13
877,2017-05-27,,,,,,,,,,,0.0
878,2017-05-28,,,,,,,,,,,0.09
879,2017-05-29,,,,,,,,,,,0.0
880,2017-05-30,,,,,,,,,,,0.02
881,2017-05-31,,,,,,,,,,,0.01
