"Date","Time, GMT-11:00","Abs Pres, psi","Temp, °F","Coupler Detached","Coupler Attached","Host Connected","End Of File"
11/08/17,03:45:00 PM,14.5937,79.151,Logged,,,
11/08/17,04:00:00 PM,14.5918,78.975,,,,
11/08/17,04:15:00 PM,14.5927,78.800,,,,
11/08/17,04:30:00 PM,14.5937,78.624,,,,
11/08/17,04:45:00 PM,14.5956,78.800,,,,
11/08/17,05:00:00 PM,14.5970,78.800,,,,
11/08/17,05:15:00 PM,14.6038,78.624,,,,
11/08/17,05:30:00 PM,14.6111,78.624,,,,
11/08/17,05:45:00 PM,14.6092,78.975,,,,
11/08/17,06:00:00 PM,14.6131,79.326,,,,
11/08/17,06:15:00 PM,14.6131,79.853,,,,
11/08/17,06:30:00 PM,14.6156,80.206,,,,
11/08/17,06:45:00 PM,14.6181,80.559,,,,
11/08/17,07:00:00 PM,14.6220,80.911,,,,
11/08/17,07:15:00 PM,14.6226,81.090,,,,
11/08/17,07:30:00 PM,14.6265,81.442,,,,
11/08/17,07:45:00 PM,14.6279,81.442,,,,
11/08/17,08:00:00 PM,14.6255,81.621,,,,
11/08/17,08:15:00 PM,14.6289,81.797,,,,
11/08/17,08:30:00 PM,14.6289,81.797,,,,
11/08/17,08:45:00 PM,14.6352,81.975,,,,
11/08/17,09:00:00 PM,14.6381,81.975,,,,
11/08/17,09:15:00 PM,14.6387,82.152,,,,
11/08/17,09:30:00 PM,14.6401,82.152,,,,
11/08/17,09:45:00 PM,14.6405,82.330,,,,
11/08/17,10:00:00 PM,14.6391,82.330,,,,
11/08/17,10:15:00 PM,14.6411,82.508,,,,
11/08/17,10:30:00 PM,14.6430,82.686,,,,
11/08/17,10:45:00 PM,14.6416,82.686,,,,
11/08/17,11:00:00 PM,14.6407,82.864,,,,
11/08/17,11:15:00 PM,14.6349,82.864,,,,
11/08/17,11:30:00 PM,14.6349,82.864,,,,
11/08/17,11:45:00 PM,14.6320,82.864,,,,
11/09/17,12:00:00 AM,14.6276,82.864,,,,
11/09/17,12:15:00 AM,14.6268,83.043,,,,
11/09/17,12:30:00 AM,14.6282,83.043,,,,
11/09/17,12:45:00 AM,14.6253,83.043,,,,
11/09/17,01:00:00 AM,14.6210,83.043,,,,
11/09/17,01:15:00 AM,14.6210,83.043,,,,
11/09/17,01:30:00 AM,14.6224,83.043,,,,
11/09/17,01:45:00 AM,14.6181,83.043,,,,
11/09/17,02:00:00 AM,14.6181,83.043,,,,
11/09/17,02:15:00 AM,14.6152,83.043,,,,
11/09/17,02:30:00 AM,14.6123,83.043,,,,
11/09/17,02:45:00 AM,14.6146,82.864,,,,
11/09/17,03:00:00 AM,14.6146,82.864,,,,
11/09/17,03:15:00 AM,14.6160,82.864,,,,
11/09/17,03:30:00 AM,14.6131,82.864,,,,
11/09/17,03:45:00 AM,14.6146,82.864,,,,
11/09/17,04:00:00 AM,14.6175,82.864,,,,
11/09/17,04:15:00 AM,14.6169,82.686,,,,
11/09/17,04:30:00 AM,14.6198,82.686,,,,
11/09/17,04:45:00 AM,14.6184,82.686,,,,
11/09/17,05:00:00 AM,14.6227,82.686,,,,
11/09/17,05:15:00 AM,14.6242,82.686,,,,
11/09/17,05:30:00 AM,14.6256,82.686,,,,
11/09/17,05:45:00 AM,14.6252,82.508,,,,
11/09/17,06:00:00 AM,14.6252,82.508,,,,
11/09/17,06:15:00 AM,14.6281,82.508,,,,
11/09/17,06:30:00 AM,14.6339,82.508,,,,
11/09/17,06:45:00 AM,14.6368,82.508,,,,
11/09/17,07:00:00 AM,14.6382,82.508,,,,
11/09/17,07:15:00 AM,14.6382,82.508,,,,
11/09/17,07:30:00 AM,14.6391,82.330,,,,
11/09/17,07:45:00 AM,14.6410,81.975,,,,
11/09/17,08:00:00 AM,14.6395,81.442,,,,
11/09/17,08:15:00 AM,14.6400,81.090,,,,
11/09/17,08:30:00 AM,14.6398,80.559,,,,
11/09/17,08:45:00 AM,14.6374,80.206,,,,
11/09/17,09:00:00 AM,14.6398,80.029,,,,
11/09/17,09:15:00 AM,14.6369,80.029,,,,
11/09/17,09:30:00 AM,14.6355,80.029,,,,
11/09/17,09:45:00 AM,14.6340,80.029,,,,
11/09/17,10:00:00 AM,14.6334,79.853,,,,
11/09/17,10:15:00 AM,14.6305,79.853,,,,
11/09/17,10:30:00 AM,14.6287,79.678,,,,
11/09/17,10:45:00 AM,14.6287,79.678,,,,
11/09/17,11:00:00 AM,14.6276,79.853,,,,
11/09/17,11:15:00 AM,14.6247,79.853,,,,
11/09/17,11:30:00 AM,14.6224,80.029,,,,
11/09/17,11:45:00 AM,14.6224,80.029,,,,
11/09/17,12:00:00 PM,14.6185,80.206,,,,
11/09/17,12:15:00 PM,14.6162,80.382,,,,
11/09/17,12:30:00 PM,14.6118,80.382,,,,
11/09/17,12:45:00 PM,14.6104,80.382,,,,
11/09/17,01:00:00 PM,14.6118,80.382,,,,
11/09/17,01:15:00 PM,14.6098,80.206,,,,
11/09/17,01:30:00 PM,14.6108,80.029,,,,
11/09/17,01:45:00 PM,14.6102,79.853,,,,
11/09/17,02:00:00 PM,14.6112,79.678,,,,
11/09/17,02:15:00 PM,14.6078,79.502,,,,
11/09/17,02:30:00 PM,14.6063,79.502,,,,
11/09/17,02:45:00 PM,14.6073,79.326,,,,
11/09/17,03:00:00 PM,14.6044,79.326,,,,
11/09/17,03:15:00 PM,14.6030,79.326,,,,
11/09/17,03:30:00 PM,14.6044,79.326,,,,
11/09/17,03:45:00 PM,14.6020,79.502,,,,
11/09/17,04:00:00 PM,14.5982,79.678,,,,
11/09/17,04:15:00 PM,14.6011,79.678,,,,
11/09/17,04:30:00 PM,14.6015,79.853,,,,
11/09/17,04:45:00 PM,14.6065,80.029,,,,
11/09/17,05:00:00 PM,14.6040,80.206,,,,
11/09/17,05:15:00 PM,14.6085,80.735,,,,
11/09/17,05:30:00 PM,14.6056,81.266,,,,
11/09/17,05:45:00 PM,14.6086,81.797,,,,
11/09/17,06:00:00 PM,14.6091,81.975,,,,
11/09/17,06:15:00 PM,14.6115,82.330,,,,
11/09/17,06:30:00 PM,14.6179,82.508,,,,
11/09/17,06:45:00 PM,14.6213,82.686,,,,
11/09/17,07:00:00 PM,14.6233,82.864,,,,
11/09/17,07:15:00 PM,14.6253,83.043,,,,
11/09/17,07:30:00 PM,14.6282,83.043,,,,
11/09/17,07:45:00 PM,14.6272,83.221,,,,
11/09/17,08:00:00 PM,14.6307,83.399,,,,
11/09/17,08:15:00 PM,14.6278,83.399,,,,
11/09/17,08:30:00 PM,14.6311,83.579,,,,
11/09/17,08:45:00 PM,14.6326,83.579,,,,
11/09/17,09:00:00 PM,14.6360,83.757,,,,
11/09/17,09:15:00 PM,14.6331,83.757,,,,
11/09/17,09:30:00 PM,14.6317,83.757,,,,
11/09/17,09:45:00 PM,14.6331,83.757,,,,
11/09/17,10:00:00 PM,14.6375,83.757,,,,
11/09/17,10:15:00 PM,14.6352,83.935,,,,
11/09/17,10:30:00 PM,14.6381,83.935,,,,
11/09/17,10:45:00 PM,14.6366,83.935,,,,
11/09/17,11:00:00 PM,14.6323,83.935,,,,
11/09/17,11:15:00 PM,14.6337,83.935,,,,
11/09/17,11:30:00 PM,14.6308,83.935,,,,
11/09/17,11:45:00 PM,14.6263,83.935,,,,
11/10/17,12:00:00 AM,14.6263,83.935,,,,
11/10/17,12:15:00 AM,14.6249,83.935,,,,
11/10/17,12:30:00 AM,14.6220,83.935,,,,
11/10/17,12:45:00 AM,14.6234,83.935,,,,
11/10/17,01:00:00 AM,14.6205,83.935,,,,
11/10/17,01:15:00 AM,14.6176,83.935,,,,
11/10/17,01:30:00 AM,14.6128,83.757,,,,
11/10/17,01:45:00 AM,14.6099,83.757,,,,
11/10/17,02:00:00 AM,14.6085,83.757,,,,
11/10/17,02:15:00 AM,14.6070,83.757,,,,
11/10/17,02:30:00 AM,14.6041,83.757,,,,
11/10/17,02:45:00 AM,14.6027,83.757,,,,
11/10/17,03:00:00 AM,14.5998,83.757,,,,
11/10/17,03:15:00 AM,14.6027,83.757,,,,
11/10/17,03:30:00 AM,14.6041,83.757,,,,
11/10/17,03:45:00 AM,14.6070,83.757,,,,
11/10/17,04:00:00 AM,14.6099,83.757,,,,
11/10/17,04:15:00 AM,14.6099,83.757,,,,
11/10/17,04:30:00 AM,14.6128,83.757,,,,
11/10/17,04:45:00 AM,14.6128,83.757,,,,
11/10/17,05:00:00 AM,14.6128,83.757,,,,
11/10/17,05:15:00 AM,14.6137,83.579,,,,
11/10/17,05:30:00 AM,14.6123,83.579,,,,
11/10/17,05:45:00 AM,14.6137,83.579,,,,
11/10/17,06:00:00 AM,14.6181,83.579,,,,
11/10/17,06:15:00 AM,14.6224,83.579,,,,
11/10/17,06:30:00 AM,14.6224,83.579,,,,
11/10/17,06:45:00 AM,14.6282,83.579,,,,
11/10/17,07:00:00 AM,14.6311,83.579,,,,
11/10/17,07:15:00 AM,14.6302,83.757,,,,
11/10/17,07:30:00 AM,14.6346,83.757,,,,
11/10/17,07:45:00 AM,14.6346,83.757,,,,
11/10/17,08:00:00 AM,14.6308,83.935,,,,
11/10/17,08:15:00 AM,14.6366,83.935,,,,
11/10/17,08:30:00 AM,14.6371,84.115,,,,
11/10/17,08:45:00 AM,14.6356,84.115,,,,
11/10/17,09:00:00 AM,14.6362,84.295,,,,
11/10/17,09:15:00 AM,14.6352,84.474,,,,
11/10/17,09:30:00 AM,14.6387,84.654,,,,
11/10/17,09:45:00 AM,14.6372,84.654,,,,
11/10/17,10:00:00 AM,14.6363,84.834,,,,
11/10/17,10:15:00 AM,14.6339,85.014,,,,
11/10/17,10:30:00 AM,14.6330,85.194,,,,
11/10/17,10:45:00 AM,14.6276,85.374,,,,
11/10/17,11:00:00 AM,14.6282,85.554,,,,
11/10/17,11:15:00 AM,14.6259,85.735,,,,
11/10/17,11:30:00 AM,14.6244,85.735,,,,
11/10/17,11:45:00 AM,14.6234,85.915,,,,
11/10/17,12:00:00 PM,14.6168,86.097,,,,
11/10/17,12:15:00 PM,14.6157,86.277,,,,
11/10/17,12:30:00 PM,14.6163,86.459,,,,
11/10/17,12:45:00 PM,14.6126,86.641,,,,
11/10/17,01:00:00 PM,14.6115,86.823,,,,
11/10/17,01:15:00 PM,14.6121,87.004,,,,
11/10/17,01:30:00 PM,14.6063,87.004,,,,
11/10/17,01:45:00 PM,14.6069,87.186,,,,
11/10/17,02:00:00 PM,14.6044,87.368,,,,
11/10/17,02:15:00 PM,14.6050,87.552,,,,
11/10/17,02:30:00 PM,14.6007,87.552,,,,
11/10/17,02:45:00 PM,14.6036,87.552,,,,
11/10/17,03:00:00 PM,14.6027,87.733,,,,
11/10/17,03:15:00 PM,14.5983,87.733,,,,
11/10/17,03:30:00 PM,14.5988,87.915,,,,
11/10/17,03:45:00 PM,14.5973,87.915,,,,
11/10/17,04:00:00 PM,14.5959,87.915,,,,
11/10/17,04:15:00 PM,14.5979,88.099,,,,
11/10/17,04:30:00 PM,14.5979,88.099,,,,
11/10/17,04:45:00 PM,14.5994,88.099,,,,
11/10/17,05:00:00 PM,14.6008,88.099,,,,
11/10/17,05:15:00 PM,14.6037,88.099,,,,
11/10/17,05:30:00 PM,14.6037,88.099,,,,
11/10/17,05:45:00 PM,14.6052,88.099,,,,
11/10/17,06:00:00 PM,14.6081,88.099,,,,
11/10/17,06:15:00 PM,14.6124,88.099,,,,
11/10/17,06:30:00 PM,14.6104,87.915,,,,
11/10/17,06:45:00 PM,14.6133,87.915,,,,
11/10/17,07:00:00 PM,14.6118,87.915,,,,
11/10/17,07:15:00 PM,14.6186,87.733,,,,
11/10/17,07:30:00 PM,14.6210,87.552,,,,
11/10/17,07:45:00 PM,14.6253,87.552,,,,
11/10/17,08:00:00 PM,14.6249,87.368,,,,
11/10/17,08:15:00 PM,14.6278,87.368,,,,
11/10/17,08:30:00 PM,14.6301,87.186,,,,
11/10/17,08:45:00 PM,14.6316,87.186,,,,
11/10/17,09:00:00 PM,14.6310,87.004,,,,
11/10/17,09:15:00 PM,14.6353,87.004,,,,
11/10/17,09:30:00 PM,14.6349,86.823,,,,
11/10/17,09:45:00 PM,14.6349,86.823,,,,
11/10/17,10:00:00 PM,14.6349,86.823,,,,
11/10/17,10:15:00 PM,14.6320,86.823,,,,
11/10/17,10:30:00 PM,14.6349,86.823,,,,
11/10/17,10:45:00 PM,14.6305,86.823,,,,
11/10/17,11:00:00 PM,14.6320,86.823,,,,
11/10/17,11:15:00 PM,14.6300,86.641,,,,
11/10/17,11:30:00 PM,14.6329,86.641,,,,
11/10/17,11:45:00 PM,14.6285,86.641,,,,
11/11/17,12:00:00 AM,14.6265,86.459,,,,
11/11/17,12:15:00 AM,14.6265,86.459,,,,
11/11/17,12:30:00 AM,14.6246,86.277,,,,
11/11/17,12:45:00 AM,14.6172,86.277,,,,
11/11/17,01:00:00 AM,14.6168,86.097,,,,
11/11/17,01:15:00 AM,14.6153,86.097,,,,
11/11/17,01:30:00 AM,14.6124,86.097,,,,
11/11/17,01:45:00 AM,14.6133,85.915,,,,
11/11/17,02:00:00 AM,14.6104,85.915,,,,
11/11/17,02:15:00 AM,14.6099,85.735,,,,
11/11/17,02:30:00 AM,14.6056,85.735,,,,
11/11/17,02:45:00 AM,14.6050,85.554,,,,
11/11/17,03:00:00 AM,14.6036,85.554,,,,
11/11/17,03:15:00 AM,14.6021,85.554,,,,
11/11/17,03:30:00 AM,14.6015,85.374,,,,
11/11/17,03:45:00 AM,14.6044,85.374,,,,
11/11/17,04:00:00 AM,14.6073,85.374,,,,
11/11/17,04:15:00 AM,14.6102,85.374,,,,
11/11/17,04:30:00 AM,14.6083,85.194,,,,
11/11/17,04:45:00 AM,14.6141,85.194,,,,
11/11/17,05:00:00 AM,14.6127,85.194,,,,
11/11/17,05:15:00 AM,14.6127,85.194,,,,
11/11/17,05:30:00 AM,14.6150,85.014,,,,
11/11/17,05:45:00 AM,14.6121,85.014,,,,
11/11/17,06:00:00 AM,14.6136,85.014,,,,
11/11/17,06:15:00 AM,14.6173,84.834,,,,
11/11/17,06:30:00 AM,14.6188,84.834,,,,
11/11/17,06:45:00 AM,14.6217,84.834,,,,
11/11/17,07:00:00 AM,14.6202,84.834,,,,
11/11/17,07:15:00 AM,14.6246,84.834,,,,
11/11/17,07:30:00 AM,14.6246,84.834,,,,
11/11/17,07:45:00 AM,14.6276,84.834,,,,
11/11/17,08:00:00 AM,14.6276,84.834,,,,
11/11/17,08:15:00 AM,14.6295,85.014,,,,
11/11/17,08:30:00 AM,14.6310,85.014,,,,
11/11/17,08:45:00 AM,14.6330,85.194,,,,
11/11/17,09:00:00 AM,14.6291,85.374,,,,
11/11/17,09:15:00 AM,14.6291,85.374,,,,
11/11/17,09:30:00 AM,14.6268,85.554,,,,
11/11/17,09:45:00 AM,14.6288,85.735,,,,
11/11/17,10:00:00 AM,14.6259,85.735,,,,
11/11/17,10:15:00 AM,14.6278,85.915,,,,
11/11/17,10:30:00 AM,14.6269,86.097,,,,
11/11/17,10:45:00 AM,14.6246,86.277,,,,
11/11/17,11:00:00 AM,14.6186,86.277,,,,
11/11/17,11:15:00 AM,14.6207,86.459,,,,
11/11/17,11:30:00 AM,14.6198,86.641,,,,
11/11/17,11:45:00 AM,14.6173,86.823,,,,
11/11/17,12:00:00 PM,14.6165,87.004,,,,
11/11/17,12:15:00 PM,14.6136,87.004,,,,
11/11/17,12:30:00 PM,14.6127,87.186,,,,
11/11/17,12:45:00 PM,14.6088,87.368,,,,
11/11/17,01:00:00 PM,14.6065,87.552,,,,
11/11/17,01:15:00 PM,14.6056,87.733,,,,
11/11/17,01:30:00 PM,14.6046,87.915,,,,
11/11/17,01:45:00 PM,14.6002,87.915,,,,
11/11/17,02:00:00 PM,14.6008,88.099,,,,
11/11/17,02:15:00 PM,14.5999,88.282,,,,
11/11/17,02:30:00 PM,14.6004,88.466,,,,
11/11/17,02:45:00 PM,14.6004,88.466,,,,
11/11/17,03:00:00 PM,14.5980,88.650,,,,
11/11/17,03:15:00 PM,14.5980,88.650,,,,
11/11/17,03:30:00 PM,14.5972,88.833,,,,
11/11/17,03:45:00 PM,14.5899,88.833,,,,
11/11/17,04:00:00 PM,14.5928,88.833,,,,
11/11/17,04:15:00 PM,14.5943,88.833,,,,
11/11/17,04:30:00 PM,14.5943,88.833,,,,
11/11/17,04:45:00 PM,14.5957,88.833,,,,
11/11/17,05:00:00 PM,14.5972,88.833,,,,
11/11/17,05:15:00 PM,14.5972,88.833,,,,
11/11/17,05:30:00 PM,14.5980,88.650,,,,
11/11/17,05:45:00 PM,14.6024,88.650,,,,
11/11/17,06:00:00 PM,14.6097,88.650,,,,
11/11/17,06:15:00 PM,14.6107,88.466,,,,
11/11/17,06:30:00 PM,14.6130,88.282,,,,
11/11/17,06:45:00 PM,14.6130,88.282,,,,
11/11/17,07:00:00 PM,14.6139,88.099,,,,
11/11/17,07:15:00 PM,14.6207,87.915,,,,
11/11/17,07:30:00 PM,14.6192,87.915,,,,
11/11/17,07:45:00 PM,14.6201,87.733,,,,
11/11/17,08:00:00 PM,14.6244,87.733,,,,
11/11/17,08:15:00 PM,14.6253,87.552,,,,
11/11/17,08:30:00 PM,14.6253,87.552,,,,
11/11/17,08:45:00 PM,14.6278,87.368,,,,
11/11/17,09:00:00 PM,14.6301,87.186,,,,
11/11/17,09:15:00 PM,14.6301,87.186,,,,
11/11/17,09:30:00 PM,14.6330,87.186,,,,
11/11/17,09:45:00 PM,14.6339,87.004,,,,
11/11/17,10:00:00 PM,14.6368,87.004,,,,
11/11/17,10:15:00 PM,14.6353,87.004,,,,
11/11/17,10:30:00 PM,14.6368,87.004,,,,
11/11/17,10:45:00 PM,14.6324,87.004,,,,
11/11/17,11:00:00 PM,14.6324,87.004,,,,
11/11/17,11:15:00 PM,14.6291,86.823,,,,
11/11/17,11:30:00 PM,14.6276,86.823,,,,
11/11/17,11:45:00 PM,14.6320,86.823,,,,
11/12/17,12:00:00 AM,14.6271,86.641,,,,
11/12/17,12:15:00 AM,14.6242,86.641,,,,
11/12/17,12:30:00 AM,14.6227,86.641,,,,
11/12/17,12:45:00 AM,14.6163,86.459,,,,
11/12/17,01:00:00 AM,14.6149,86.459,,,,
11/12/17,01:15:00 AM,14.6128,86.277,,,,
11/12/17,01:30:00 AM,14.6099,86.277,,,,
11/12/17,01:45:00 AM,14.6052,86.097,,,,
11/12/17,02:00:00 AM,14.6052,86.097,,,,
11/12/17,02:15:00 AM,14.6046,85.915,,,,
11/12/17,02:30:00 AM,14.6017,85.915,,,,
11/12/17,02:45:00 AM,14.6041,85.735,,,,
11/12/17,03:00:00 AM,14.5996,85.735,,,,
11/12/17,03:15:00 AM,14.6021,85.554,,,,
11/12/17,03:30:00 AM,14.6050,85.554,,,,
11/12/17,03:45:00 AM,14.6073,85.374,,,,
11/12/17,04:00:00 AM,14.6088,85.374,,,,
11/12/17,04:15:00 AM,14.6069,85.194,,,,
11/12/17,04:30:00 AM,14.6083,85.194,,,,
11/12/17,04:45:00 AM,14.6112,85.194,,,,
11/12/17,05:00:00 AM,14.6121,85.014,,,,
11/12/17,05:15:00 AM,14.6107,85.014,,,,
11/12/17,05:30:00 AM,14.6130,84.834,,,,
11/12/17,05:45:00 AM,14.6173,84.834,,,,
11/12/17,06:00:00 AM,14.6184,84.654,,,,
11/12/17,06:15:00 AM,14.6227,84.654,,,,
11/12/17,06:30:00 AM,14.6236,84.474,,,,
11/12/17,06:45:00 AM,14.6279,84.474,,,,
11/12/17,07:00:00 AM,14.6289,84.295,,,,
11/12/17,07:15:00 AM,14.6304,84.295,,,,
11/12/17,07:30:00 AM,14.6318,84.295,,,,
11/12/17,07:45:00 AM,14.6347,84.295,,,,
11/12/17,08:00:00 AM,14.6362,84.295,,,,
11/12/17,08:15:00 AM,14.6391,84.295,,,,
11/12/17,08:30:00 AM,14.6410,84.474,,,,
11/12/17,08:45:00 AM,14.6424,84.474,,,,
11/12/17,09:00:00 AM,14.6445,84.654,,,,
11/12/17,09:15:00 AM,14.6430,84.654,,,,
11/12/17,09:30:00 AM,14.6407,84.834,,,,
11/12/17,09:45:00 AM,14.6421,84.834,,,,
11/12/17,10:00:00 AM,14.6382,85.014,,,,
11/12/17,10:15:00 AM,14.6397,85.014,,,,
11/12/17,10:30:00 AM,14.6388,85.194,,,,
11/12/17,10:45:00 AM,14.6363,85.374,,,,
11/12/17,11:00:00 AM,14.6349,85.374,,,,
11/12/17,11:15:00 AM,14.6340,85.554,,,,
11/12/17,11:30:00 AM,14.6331,85.735,,,,
11/12/17,11:45:00 AM,14.6273,85.735,,,,
11/12/17,12:00:00 PM,14.6220,85.915,,,,
11/12/17,12:15:00 PM,14.6211,86.097,,,,
11/12/17,12:30:00 PM,14.6186,86.277,,,,
11/12/17,12:45:00 PM,14.6186,86.277,,,,
11/12/17,01:00:00 PM,14.6163,86.459,,,,
11/12/17,01:15:00 PM,14.6169,86.641,,,,
11/12/17,01:30:00 PM,14.6144,86.823,,,,
11/12/17,01:45:00 PM,14.6092,87.004,,,,
11/12/17,02:00:00 PM,14.6049,87.004,,,,
11/12/17,02:15:00 PM,14.6040,87.186,,,,
11/12/17,02:30:00 PM,14.6015,87.368,,,,
11/12/17,02:45:00 PM,14.6021,87.552,,,,
11/12/17,03:00:00 PM,14.6007,87.552,,,,
11/12/17,03:15:00 PM,14.5978,87.552,,,,
11/12/17,03:30:00 PM,14.5969,87.733,,,,
11/12/17,03:45:00 PM,14.5983,87.733,,,,
11/12/17,04:00:00 PM,14.5954,87.733,,,,
11/12/17,04:15:00 PM,14.5969,87.733,,,,
11/12/17,04:30:00 PM,14.5940,87.733,,,,
11/12/17,04:45:00 PM,14.5988,87.915,,,,
11/12/17,05:00:00 PM,14.6031,87.915,,,,
11/12/17,05:15:00 PM,14.6046,87.915,,,,
11/12/17,05:30:00 PM,14.6056,87.733,,,,
11/12/17,05:45:00 PM,14.6070,87.733,,,,
11/12/17,06:00:00 PM,14.6085,87.733,,,,
11/12/17,06:15:00 PM,14.6108,87.552,,,,
11/12/17,06:30:00 PM,14.6123,87.552,,,,
11/12/17,06:45:00 PM,14.6181,87.552,,,,
11/12/17,07:00:00 PM,14.6189,87.368,,,,
11/12/17,07:15:00 PM,14.6185,87.186,,,,
11/12/17,07:30:00 PM,14.6214,87.186,,,,
11/12/17,07:45:00 PM,14.6208,87.004,,,,
11/12/17,08:00:00 PM,14.6208,87.004,,,,
11/12/17,08:15:00 PM,14.6202,86.823,,,,
11/12/17,08:30:00 PM,14.6246,86.823,,,,
11/12/17,08:45:00 PM,14.6271,86.641,,,,
11/12/17,09:00:00 PM,14.6285,86.641,,,,
11/12/17,09:15:00 PM,14.6300,86.641,,,,
11/12/17,09:30:00 PM,14.6323,86.459,,,,
11/12/17,09:45:00 PM,14.6323,86.459,,,,
11/12/17,10:00:00 PM,14.6337,86.459,,,,
11/12/17,10:15:00 PM,14.6352,86.459,,,,
11/12/17,10:30:00 PM,14.6352,86.459,,,,
11/12/17,10:45:00 PM,14.6337,86.459,,,,
11/12/17,11:00:00 PM,14.6323,86.459,,,,
11/12/17,11:15:00 PM,14.6308,86.459,,,,
11/12/17,11:30:00 PM,14.6308,86.459,,,,
11/12/17,11:45:00 PM,14.6279,86.459,,,,
11/13/17,12:00:00 AM,14.6236,86.459,,,,
11/13/17,12:15:00 AM,14.6217,86.277,,,,
11/13/17,12:30:00 AM,14.6186,86.277,,,,
11/13/17,12:45:00 AM,14.6124,86.097,,,,
11/13/17,01:00:00 AM,14.6095,86.097,,,,
11/13/17,01:15:00 AM,14.6089,85.915,,,,
11/13/17,01:30:00 AM,14.6060,85.915,,,,
11/13/17,01:45:00 AM,14.5996,85.735,,,,
11/13/17,02:00:00 AM,14.6027,85.735,,,,
11/13/17,02:15:00 AM,14.6021,85.554,,,,
11/13/17,02:30:00 AM,14.5978,85.554,,,,
11/13/17,02:45:00 AM,14.5957,85.374,,,,
11/13/17,03:00:00 AM,14.6001,85.374,,,,
11/13/17,03:15:00 AM,14.6001,85.374,,,,
11/13/17,03:30:00 AM,14.5967,85.194,,,,
11/13/17,03:45:00 AM,14.5996,85.194,,,,
11/13/17,04:00:00 AM,14.6011,85.194,,,,
11/13/17,04:15:00 AM,14.6020,85.014,,,,
11/13/17,04:30:00 AM,14.6063,85.014,,,,
11/13/17,04:45:00 AM,14.6034,85.014,,,,
11/13/17,05:00:00 AM,14.6049,85.014,,,,
11/13/17,05:15:00 AM,14.6057,84.834,,,,
11/13/17,05:30:00 AM,14.6057,84.834,,,,
11/13/17,05:45:00 AM,14.6072,84.834,,,,
11/13/17,06:00:00 AM,14.6097,84.654,,,,
11/13/17,06:15:00 AM,14.6140,84.654,,,,
11/13/17,06:30:00 AM,14.6184,84.654,,,,
11/13/17,06:45:00 AM,14.6213,84.654,,,,
11/13/17,07:00:00 AM,14.6207,84.474,,,,
11/13/17,07:15:00 AM,14.6279,84.474,,,,
11/13/17,07:30:00 AM,14.6304,84.295,,,,
11/13/17,07:45:00 AM,14.6331,83.757,,,,
11/13/17,08:00:00 AM,14.6345,83.221,,,,
11/13/17,08:15:00 AM,14.6343,82.686,,,,
11/13/17,08:30:00 AM,14.6329,82.152,,,,
11/13/17,08:45:00 AM,14.6356,81.621,,,,
11/13/17,09:00:00 AM,14.6331,81.266,,,,
11/13/17,09:15:00 AM,14.6342,81.090,,,,
11/13/17,09:30:00 AM,14.6307,80.911,,,,
11/13/17,09:45:00 AM,14.6331,80.735,,,,
11/13/17,10:00:00 AM,14.6302,80.735,,,,
11/13/17,10:15:00 AM,14.6317,80.735,,,,
11/13/17,10:30:00 AM,14.6307,80.911,,,,
11/13/17,10:45:00 AM,14.6292,80.911,,,,
11/13/17,11:00:00 AM,14.6284,81.090,,,,
11/13/17,11:15:00 AM,14.6263,80.911,,,,
11/13/17,11:30:00 AM,14.6234,80.911,,,,
11/13/17,11:45:00 AM,14.6220,80.911,,,,
11/13/17,12:00:00 PM,14.6205,80.911,,,,
11/13/17,12:15:00 PM,14.6191,80.911,,,,
11/13/17,12:30:00 PM,14.6176,80.911,,,,
11/13/17,12:45:00 PM,14.6176,80.911,,,,
11/13/17,01:00:00 PM,14.6110,81.090,,,,
11/13/17,01:15:00 PM,14.6095,81.090,,,,
11/13/17,01:30:00 PM,14.6081,81.090,,,,
11/13/17,01:45:00 PM,14.6066,81.090,,,,
11/13/17,02:00:00 PM,14.6060,80.911,,,,
11/13/17,02:15:00 PM,14.6056,80.735,,,,
11/13/17,02:30:00 PM,14.6056,80.735,,,,
11/13/17,02:45:00 PM,14.6041,80.735,,,,
11/13/17,03:00:00 PM,14.6041,80.735,,,,
11/13/17,03:15:00 PM,14.6041,80.735,,,,
11/13/17,03:30:00 PM,14.6041,80.735,,,,
11/13/17,03:45:00 PM,14.6041,80.735,,,,
11/13/17,04:00:00 PM,14.5992,80.559,,,,
11/13/17,04:15:00 PM,14.5992,80.559,,,,
11/13/17,04:30:00 PM,14.6021,80.559,,,,
11/13/17,04:45:00 PM,14.6060,80.382,,,,
11/13/17,05:00:00 PM,14.6075,80.382,,,,
11/13/17,05:15:00 PM,14.6099,80.735,,,,
11/13/17,05:30:00 PM,14.6124,81.090,,,,
11/13/17,05:45:00 PM,14.6153,81.621,,,,
11/13/17,06:00:00 PM,14.6126,82.152,,,,
11/13/17,06:15:00 PM,14.6144,82.330,,,,
11/13/17,06:30:00 PM,14.6169,82.686,,,,
11/13/17,06:45:00 PM,14.6189,82.864,,,,
11/13/17,07:00:00 PM,14.6228,83.221,,,,
11/13/17,07:15:00 PM,14.6234,83.399,,,,
11/13/17,07:30:00 PM,14.6263,83.399,,,,
11/13/17,07:45:00 PM,14.6311,83.579,,,,
11/13/17,08:00:00 PM,14.6326,83.579,,,,
11/13/17,08:15:00 PM,14.6360,83.757,,,,
11/13/17,08:30:00 PM,14.6384,83.579,,,,
11/13/17,08:45:00 PM,14.6394,83.399,,,,
11/13/17,09:00:00 PM,14.6379,83.399,,,,
11/13/17,09:15:00 PM,14.6437,83.399,,,,
11/13/17,09:30:00 PM,14.6423,83.399,,,,
11/13/17,09:45:00 PM,14.6466,83.399,,,,
11/13/17,10:00:00 PM,14.6456,83.579,,,,
11/13/17,10:15:00 PM,14.6471,83.579,,,,
11/13/17,10:30:00 PM,14.6462,83.757,,,,
11/13/17,10:45:00 PM,14.6433,83.757,,,,
11/13/17,11:00:00 PM,14.6424,83.935,,,,
11/13/17,11:15:00 PM,14.6424,83.935,,,,
11/13/17,11:30:00 PM,14.6400,84.115,,,,
11/13/17,11:45:00 PM,14.6400,84.115,,,,
11/14/17,12:00:00 AM,14.6376,84.295,,,,
11/14/17,12:15:00 AM,14.6347,84.295,,,,
11/14/17,12:30:00 AM,14.6304,84.295,,,,
11/14/17,12:45:00 AM,14.6289,84.295,,,,
11/14/17,01:00:00 AM,14.6265,84.474,,,,
11/14/17,01:15:00 AM,14.6221,84.474,,,,
11/14/17,01:30:00 AM,14.6207,84.474,,,,
11/14/17,01:45:00 AM,14.6207,84.474,,,,
11/14/17,02:00:00 AM,14.6163,84.474,,,,
11/14/17,02:15:00 AM,14.6120,84.474,,,,
11/14/17,02:30:00 AM,14.6120,84.474,,,,
11/14/17,02:45:00 AM,14.6086,84.295,,,,
11/14/17,03:00:00 AM,14.6072,84.295,,,,
11/14/17,03:15:00 AM,14.6043,84.295,,,,
11/14/17,03:30:00 AM,14.6072,84.295,,,,
11/14/17,03:45:00 AM,14.6043,84.295,,,,
11/14/17,04:00:00 AM,14.6086,84.295,,,,
11/14/17,04:15:00 AM,14.6086,84.295,,,,
11/14/17,04:30:00 AM,14.6072,84.295,,,,
11/14/17,04:45:00 AM,14.6101,84.295,,,,
11/14/17,05:00:00 AM,14.6086,84.295,,,,
11/14/17,05:15:00 AM,14.6115,84.295,,,,
11/14/17,05:30:00 AM,14.6115,84.295,,,,
11/14/17,05:45:00 AM,14.6144,84.295,,,,
11/14/17,06:00:00 AM,14.6144,84.295,,,,
11/14/17,06:15:00 AM,14.6182,84.115,,,,
11/14/17,06:30:00 AM,14.6240,84.115,,,,
11/14/17,06:45:00 AM,14.6269,84.115,,,,
11/14/17,07:00:00 AM,14.6298,84.115,,,,
11/14/17,07:15:00 AM,14.6308,83.935,,,,
11/14/17,07:30:00 AM,14.6288,83.757,,,,
11/14/17,07:45:00 AM,14.6350,83.399,,,,
11/14/17,08:00:00 AM,14.6329,82.686,,,,
11/14/17,08:15:00 AM,14.6387,82.152,,,,
11/14/17,08:30:00 AM,14.6362,81.797,,,,
11/14/17,08:45:00 AM,14.6381,81.442,,,,
11/14/17,09:00:00 AM,14.6379,80.911,,,,
11/14/17,09:15:00 AM,14.6355,80.559,,,,
11/14/17,09:30:00 AM,14.6345,80.206,,,,
11/14/17,09:45:00 AM,14.6334,79.853,,,,
11/14/17,10:00:00 AM,14.6359,79.678,,,,
11/14/17,10:15:00 AM,14.6310,79.502,,,,
11/14/17,10:30:00 AM,14.6295,79.502,,,,
11/14/17,10:45:00 AM,14.6281,79.502,,,,
11/14/17,11:00:00 AM,14.6237,79.502,,,,
11/14/17,11:15:00 AM,14.6247,79.326,,,,
11/14/17,11:30:00 AM,14.6218,79.326,,,,
11/14/17,11:45:00 AM,14.6204,79.326,,,,
11/14/17,12:00:00 PM,14.6160,79.326,,,,
11/14/17,12:15:00 PM,14.6121,79.502,,,,
11/14/17,12:30:00 PM,14.6150,79.502,,,,
11/14/17,12:45:00 PM,14.6107,79.502,,,,
11/14/17,01:00:00 PM,14.6112,79.678,,,,
11/14/17,01:15:00 PM,14.6069,79.678,,,,
11/14/17,01:30:00 PM,14.6030,79.853,,,,
11/14/17,01:45:00 PM,14.6030,79.853,,,,
11/14/17,02:00:00 PM,14.5996,79.678,,,,
11/14/17,02:15:00 PM,14.5967,79.678,,,,
11/14/17,02:30:00 PM,14.5947,79.502,,,,
11/14/17,02:45:00 PM,14.5967,79.678,,,,
11/14/17,03:00:00 PM,14.5909,79.678,,,,
11/14/17,03:15:00 PM,14.5914,79.853,,,,
11/14/17,03:30:00 PM,14.5899,79.853,,,,
11/14/17,03:45:00 PM,14.5905,80.029,,,,
11/14/17,04:00:00 PM,14.5909,80.206,,,,
11/14/17,04:15:00 PM,14.5909,80.206,,,,
11/14/17,04:30:00 PM,14.5909,80.206,,,,
11/14/17,04:45:00 PM,14.5953,80.206,,,,
11/14/17,05:00:00 PM,14.5959,80.382,,,,
11/14/17,05:15:00 PM,14.5973,80.911,,,,
11/14/17,05:30:00 PM,14.6004,81.442,,,,
11/14/17,05:45:00 PM,14.5989,81.975,,,,
11/14/17,06:00:00 PM,14.6014,82.330,,,,
11/14/17,06:15:00 PM,14.6009,82.686,,,,
11/14/17,06:30:00 PM,14.6059,82.864,,,,
11/14/17,06:45:00 PM,14.6098,83.221,,,,
11/14/17,07:00:00 PM,14.6127,83.221,,,,
11/14/17,07:15:00 PM,14.6147,83.399,,,,
11/14/17,07:30:00 PM,14.6166,83.579,,,,
11/14/17,07:45:00 PM,14.6166,83.579,,,,
11/14/17,08:00:00 PM,14.6181,83.579,,,,
11/14/17,08:15:00 PM,14.6172,83.757,,,,
11/14/17,08:30:00 PM,14.6215,83.757,,,,
11/14/17,08:45:00 PM,14.6215,83.757,,,,
11/14/17,09:00:00 PM,14.6244,83.757,,,,
11/14/17,09:15:00 PM,14.6259,83.757,,,,
11/14/17,09:30:00 PM,14.6259,83.757,,,,
11/14/17,09:45:00 PM,14.6288,83.757,,,,
11/14/17,10:00:00 PM,14.6302,83.757,,,,
11/14/17,10:15:00 PM,14.6317,83.757,,,,
11/14/17,10:30:00 PM,14.6323,83.935,,,,
11/14/17,10:45:00 PM,14.6323,83.935,,,,
11/14/17,11:00:00 PM,14.6308,83.935,,,,
11/14/17,11:15:00 PM,14.6352,83.935,,,,
11/14/17,11:30:00 PM,14.6323,83.935,,,,
11/14/17,11:45:00 PM,14.6279,83.935,,,,
11/15/17,12:00:00 AM,14.6234,83.935,,,,
11/15/17,12:15:00 AM,14.6220,83.935,,,,
11/15/17,12:30:00 AM,14.6133,83.935,,,,
11/15/17,12:45:00 AM,14.6104,83.935,,,,
11/15/17,01:00:00 AM,14.6104,83.935,,,,
11/15/17,01:15:00 AM,14.6089,83.935,,,,
11/15/17,01:30:00 AM,14.6085,83.757,,,,
11/15/17,01:45:00 AM,14.6056,83.757,,,,
11/15/17,02:00:00 AM,14.6056,83.757,,,,
11/15/17,02:15:00 AM,14.6056,83.757,,,,
11/15/17,02:30:00 AM,14.6027,83.757,,,,
11/15/17,02:45:00 AM,14.5998,83.757,,,,
11/15/17,03:00:00 AM,14.5992,83.579,,,,
11/15/17,03:15:00 AM,14.6007,83.579,,,,
11/15/17,03:30:00 AM,14.5978,83.579,,,,
11/15/17,03:45:00 AM,14.5988,83.399,,,,
11/15/17,04:00:00 AM,14.6046,83.399,,,,
11/15/17,04:15:00 AM,14.6031,83.399,,,,
11/15/17,04:30:00 AM,14.6060,83.399,,,,
11/15/17,04:45:00 AM,14.6046,83.399,,,,
11/15/17,05:00:00 AM,14.6060,83.399,,,,
11/15/17,05:15:00 AM,14.6040,83.221,,,,
11/15/17,05:30:00 AM,14.6083,83.221,,,,
11/15/17,05:45:00 AM,14.6098,83.221,,,,
11/15/17,06:00:00 AM,14.6127,83.221,,,,
11/15/17,06:15:00 AM,14.6156,83.221,,,,
11/15/17,06:30:00 AM,14.6199,83.221,,,,
11/15/17,06:45:00 AM,14.6199,83.221,,,,
11/15/17,07:00:00 AM,14.6228,83.221,,,,
11/15/17,07:15:00 AM,14.6278,83.399,,,,
11/15/17,07:30:00 AM,14.6340,83.043,,,,
11/15/17,07:45:00 AM,14.6353,82.508,,,,
11/15/17,08:00:00 AM,14.6387,82.152,,,,
11/15/17,08:01:52 AM,,,,Logged,,
11/15/17,08:02:05 AM,,,,,Logged,
11/15/17,08:02:20 AM,,,Logged,,,
11/15/17,08:15:00 AM,14.6405,81.797,,,,
11/15/17,08:30:00 AM,14.6458,81.090,,,,
11/15/17,08:45:00 AM,14.6481,80.382,,,,
11/15/17,09:00:00 AM,14.6436,79.853,,,,
11/15/17,09:15:00 AM,14.6450,79.326,,,,
11/15/17,09:30:00 AM,14.6440,78.975,,,,
11/15/17,09:45:00 AM,14.6430,78.624,,,,
11/15/17,10:00:00 AM,14.6405,78.274,,,,
11/15/17,10:15:00 AM,14.6371,78.098,,,,
11/15/17,10:30:00 AM,14.6346,77.749,,,,
11/15/17,10:45:00 AM,14.6298,77.574,,,,
11/15/17,11:00:00 AM,14.6288,77.225,,,,
11/15/17,11:15:00 AM,14.6273,77.225,,,,
11/15/17,11:30:00 AM,14.6288,77.225,,,,
11/15/17,11:45:00 AM,14.6298,77.050,,,,
11/15/17,12:00:00 PM,14.6240,77.050,,,,
11/15/17,12:15:00 PM,14.6226,77.050,,,,
11/15/17,12:30:00 PM,14.6191,76.876,,,,
11/15/17,12:45:00 PM,14.6176,76.876,,,,
11/15/17,01:00:00 PM,14.6128,76.703,,,,
11/15/17,01:15:00 PM,14.6094,76.528,,,,
11/15/17,01:30:00 PM,14.6065,76.528,,,,
11/15/17,01:45:00 PM,14.6027,76.703,,,,
11/15/17,02:00:00 PM,14.5994,77.050,,,,
11/15/17,02:15:00 PM,14.5969,77.225,,,,
11/15/17,02:30:00 PM,14.5931,77.400,,,,
11/15/17,02:45:00 PM,14.5927,77.749,,,,
11/15/17,03:00:00 PM,14.5888,77.923,,,,
11/15/17,03:15:00 PM,14.5864,78.098,,,,
11/15/17,03:30:00 PM,14.5854,78.274,,,,
11/15/17,03:45:00 PM,14.5796,78.274,,,,
11/15/17,04:00:00 PM,14.5815,78.449,,,,
11/15/17,04:15:00 PM,14.5792,78.624,,,,
11/15/17,04:30:00 PM,14.5817,78.975,,,,
11/15/17,04:45:00 PM,14.5817,79.502,,,,
11/15/17,05:00:00 PM,14.5866,79.678,,,,
11/15/17,05:15:00 PM,14.5870,79.853,,,,
11/15/17,05:30:00 PM,14.5876,80.029,,,,
11/15/17,05:45:00 PM,14.5901,80.382,,,,
11/15/17,06:00:00 PM,14.5911,80.735,,,,
11/15/17,06:15:00 PM,14.5936,81.090,,,,
11/15/17,06:30:00 PM,14.5946,81.442,,,,
11/15/17,06:45:00 PM,14.5965,81.621,,,,
11/15/17,07:00:00 PM,14.5970,81.797,,,,
11/15/17,07:15:00 PM,14.6004,81.975,,,,
11/15/17,07:30:00 PM,14.6018,81.975,,,,
11/15/17,07:45:00 PM,14.6068,82.152,,,,
11/15/17,08:00:00 PM,14.6082,82.152,,,,
11/15/17,08:15:00 PM,14.6115,82.330,,,,
11/15/17,08:30:00 PM,14.6144,82.330,,,,
11/15/17,08:45:00 PM,14.6179,82.508,,,,
11/15/17,09:00:00 PM,14.6208,82.508,,,,
11/15/17,09:15:00 PM,14.6237,82.508,,,,
11/15/17,09:30:00 PM,14.6227,82.686,,,,
11/15/17,09:45:00 PM,14.6242,82.686,,,,
11/15/17,10:00:00 PM,14.6285,82.686,,,,
11/15/17,10:15:00 PM,14.6320,82.864,,,,
11/15/17,10:30:00 PM,14.6285,82.686,,,,
11/15/17,10:45:00 PM,14.6285,82.686,,,,
11/15/17,11:00:00 PM,14.6285,82.686,,,,
11/15/17,11:15:00 PM,14.6256,82.686,,,,
11/15/17,11:30:00 PM,14.6227,82.686,,,,
11/15/17,11:45:00 PM,14.6213,82.686,,,,
11/16/17,12:00:00 AM,14.6165,82.508,,,,
11/16/17,12:15:00 AM,14.6121,82.508,,,,
11/16/17,12:30:00 AM,14.6092,82.508,,,,
11/16/17,12:45:00 AM,14.6078,82.508,,,,
11/16/17,01:00:00 AM,14.6034,82.508,,,,
11/16/17,01:15:00 AM,14.6034,82.508,,,,
11/16/17,01:30:00 AM,14.6034,82.508,,,,
11/16/17,01:45:00 AM,14.6034,82.508,,,,
11/16/17,02:00:00 AM,14.6014,82.330,,,,
11/16/17,02:15:00 AM,14.5956,82.330,,,,
11/16/17,02:30:00 AM,14.5941,82.330,,,,
11/16/17,02:45:00 AM,14.5912,82.330,,,,
11/16/17,03:00:00 AM,14.5927,82.330,,,,
11/16/17,03:15:00 AM,14.5912,82.330,,,,
11/16/17,03:30:00 AM,14.5966,82.152,,,,
11/16/17,03:45:00 AM,14.5937,82.152,,,,
11/16/17,04:00:00 AM,14.5951,82.152,,,,
11/16/17,04:15:00 AM,14.5937,82.152,,,,
11/16/17,04:30:00 AM,14.5975,81.975,,,,
11/16/17,04:45:00 AM,14.6004,81.975,,,,
11/16/17,05:00:00 AM,14.5989,81.975,,,,
11/16/17,05:15:00 AM,14.6004,81.975,,,,
11/16/17,05:30:00 AM,14.6047,81.975,,,,
11/16/17,05:45:00 AM,14.6105,81.975,,,,
11/16/17,06:00:00 AM,14.6105,81.975,,,,
11/16/17,06:15:00 AM,14.6076,81.975,,,,
11/16/17,06:30:00 AM,14.6115,81.797,,,,
11/16/17,06:45:00 AM,14.6101,81.797,,,,
11/16/17,07:00:00 AM,14.6144,81.797,,,,
11/16/17,07:15:00 AM,14.6159,81.797,,,,
11/16/17,07:30:00 AM,14.6188,81.797,,,,
11/16/17,07:45:00 AM,14.6250,81.975,,,,
11/16/17,08:00:00 AM,14.6421,82.864,,,,
11/16/17,08:15:00 AM,14.6452,83.399,,,,
11/16/17,08:30:00 AM,14.6526,83.935,,,,
11/16/17,08:45:00 AM,14.6479,84.834,,,,
11/16/17,09:00:00 AM,14.6549,85.735,,,,
11/16/17,09:15:00 AM,14.6546,86.641,,,,
11/16/17,09:30:00 AM,14.6519,87.186,,,,
11/16/17,09:45:00 AM,14.6533,87.186,,,,
11/16/17,10:00:00 AM,14.6539,87.368,,,,
11/16/17,10:15:00 AM,14.6564,87.733,,,,
11/16/17,10:30:00 AM,14.6543,87.552,,,,
11/16/17,10:45:00 AM,14.6456,87.552,,,,
11/16/17,11:00:00 AM,14.6481,87.368,,,,
11/16/17,11:15:00 AM,14.6440,88.466,,,,
11/16/17,11:30:00 AM,14.6430,90.124,,,,
11/16/17,11:45:00 AM,14.5980,91.612,,,,
11/16/17,12:00:00 PM,14.5756,92.363,,,,
11/16/17,12:15:00 PM,14.5814,92.363,,,,
11/16/17,12:30:00 PM,14.6337,92.363,,,,
11/16/17,12:45:00 PM,14.6307,93.304,,,,
11/16/17,01:00:00 PM,14.6275,93.682,,,,
11/16/17,01:15:00 PM,14.6240,93.493,,,,
11/16/17,01:30:00 PM,14.6234,93.304,,,,
11/16/17,01:45:00 PM,14.6214,93.115,,,,
11/16/17,02:00:00 PM,14.6188,92.737,,,,
11/16/17,02:15:00 PM,14.6217,92.737,,,,
11/16/17,02:30:00 PM,14.6155,92.550,,,,
11/16/17,02:45:00 PM,14.5389,92.737,,,,
11/16/17,03:00:00 PM,14.6014,92.737,,,,
11/16/17,03:15:00 PM,14.6101,92.737,,,,
11/16/17,03:30:00 PM,14.6037,92.550,,,,
11/16/17,03:45:00 PM,14.5814,92.363,,,,
11/16/17,04:00:00 PM,14.5819,91.053,,,,
11/16/17,04:15:00 PM,14.5843,89.384,,,,
11/16/17,04:30:00 PM,14.5931,88.466,,,,
11/16/17,04:45:00 PM,14.5534,88.282,,,,
11/16/17,05:00:00 PM,14.5490,88.282,,,,
11/16/17,05:15:00 PM,14.5482,88.466,,,,
11/16/17,05:30:00 PM,14.5541,89.017,,,,
11/16/17,05:45:00 PM,14.5532,89.200,,,,
11/16/17,06:00:00 PM,14.5567,89.384,,,,
11/16/17,06:15:00 PM,14.5600,89.569,,,,
11/16/17,06:30:00 PM,14.5331,89.755,,,,
11/16/17,06:45:00 PM,14.5345,89.755,,,,
11/16/17,07:00:00 PM,14.5896,89.755,,,,
11/16/17,07:15:00 PM,14.5689,89.569,,,,
11/16/17,07:30:00 PM,14.5712,89.384,,,,
11/16/17,07:45:00 PM,14.5727,89.384,,,,
11/16/17,08:00:00 PM,14.5750,89.200,,,,
11/16/17,08:15:00 PM,14.5793,89.200,,,,
11/16/17,08:30:00 PM,14.5808,89.200,,,,
11/16/17,08:45:00 PM,14.5880,89.200,,,,
11/16/17,09:00:00 PM,14.5920,89.017,,,,
11/16/17,09:15:00 PM,14.5899,88.833,,,,
11/16/17,09:30:00 PM,14.5928,88.833,,,,
11/16/17,09:45:00 PM,14.5951,88.650,,,,
11/16/17,10:00:00 PM,14.5975,88.466,,,,
11/16/17,10:15:00 PM,14.5965,88.099,,,,
11/16/17,10:30:00 PM,14.5959,87.915,,,,
11/16/17,10:45:00 PM,14.5954,87.733,,,,
11/16/17,11:00:00 PM,14.5957,87.368,,,,
11/16/17,11:15:00 PM,14.5933,87.004,,,,
11/16/17,11:30:00 PM,14.5879,86.641,,,,
11/16/17,11:45:00 PM,14.5888,86.459,,,,
11/17/17,12:00:00 AM,14.5834,86.097,,,,
11/17/17,12:15:00 AM,14.5822,85.735,,,,
11/17/17,12:30:00 AM,14.5769,85.374,,,,
11/17/17,12:45:00 AM,14.5715,85.014,,,,
11/17/17,01:00:00 AM,14.5690,84.654,,,,
11/17/17,01:15:00 AM,14.5680,84.295,,,,
11/17/17,01:30:00 AM,14.5645,84.115,,,,
11/17/17,01:45:00 AM,14.5592,83.757,,,,
11/17/17,02:00:00 AM,14.5553,83.399,,,,
11/17/17,02:15:00 AM,14.5532,83.221,,,,
11/17/17,02:30:00 AM,14.5537,82.864,,,,
11/17/17,02:45:00 AM,14.5531,82.686,,,,
11/17/17,03:00:00 AM,14.5550,82.330,,,,
11/17/17,03:15:00 AM,14.5531,82.152,,,,
11/17/17,03:30:00 AM,14.5540,81.975,,,,
11/17/17,03:45:00 AM,14.5515,81.621,,,,
11/17/17,04:00:00 AM,14.5525,81.442,,,,
11/17/17,04:15:00 AM,14.5548,81.266,,,,
11/17/17,04:30:00 AM,14.5509,80.911,,,,
11/17/17,04:45:00 AM,14.5563,80.735,,,,
11/17/17,05:00:00 AM,14.5557,80.559,,,,
11/17/17,05:15:00 AM,14.5582,80.382,,,,
11/17/17,05:30:00 AM,14.5619,80.206,,,,
11/17/17,05:45:00 AM,14.5644,80.029,,,,
11/17/17,06:00:00 AM,14.5638,79.853,,,,
11/17/17,06:15:00 AM,14.5677,79.678,,,,
11/17/17,06:30:00 AM,14.5701,79.502,,,,
11/17/17,06:45:00 AM,14.5711,79.326,,,,
11/17/17,07:00:00 AM,14.5705,79.151,,,,
11/17/17,07:15:00 AM,14.5690,79.151,,,,
11/17/17,07:30:00 AM,14.6049,79.502,,,,
11/17/17,07:45:00 AM,14.6073,79.853,,,,
11/17/17,08:00:00 AM,14.6127,80.206,,,,
11/17/17,08:15:00 AM,14.6127,80.206,,,,
11/17/17,08:30:00 AM,14.6141,80.206,,,,
11/17/17,08:45:00 AM,14.6156,80.206,,,,
11/17/17,09:00:00 AM,14.6166,80.029,,,,
11/17/17,09:15:00 AM,14.6189,79.853,,,,
11/17/17,09:30:00 AM,14.6170,79.678,,,,
11/17/17,09:45:00 AM,14.6165,79.502,,,,
11/17/17,10:00:00 AM,14.6165,79.502,,,,
11/17/17,10:15:00 AM,14.6160,79.326,,,,
11/17/17,10:30:00 AM,14.6140,79.151,,,,
11/17/17,10:45:00 AM,14.6121,78.975,,,,
11/17/17,11:00:00 AM,14.6121,78.975,,,,
11/17/17,11:15:00 AM,14.6115,78.800,,,,
11/17/17,11:30:00 AM,14.6115,78.800,,,,
11/17/17,11:45:00 AM,14.6111,78.624,,,,
11/17/17,12:00:00 PM,14.6097,78.624,,,,
11/17/17,12:15:00 PM,14.6053,78.624,,,,
11/17/17,12:30:00 PM,14.6033,78.449,,,,
11/17/17,12:45:00 PM,14.6018,78.449,,,,
11/17/17,01:00:00 PM,14.6004,78.449,,,,
11/17/17,01:15:00 PM,14.5975,78.449,,,,
11/17/17,01:30:00 PM,14.5960,78.449,,,,
11/17/17,01:45:00 PM,14.5956,78.274,,,,
11/17/17,02:00:00 PM,14.5970,78.274,,,,
11/17/17,02:15:00 PM,14.5956,78.274,,,,
11/17/17,02:30:00 PM,14.5912,78.274,,,,
11/17/17,02:45:00 PM,14.5912,78.274,,,,
11/17/17,03:00:00 PM,14.5912,78.274,,,,
11/17/17,03:15:00 PM,14.5941,78.274,,,,
11/17/17,03:30:00 PM,14.5912,78.274,,,,
11/17/17,03:45:00 PM,14.5907,78.098,,,,
11/17/17,04:00:00 PM,14.5921,78.098,,,,
11/17/17,04:15:00 PM,14.5979,78.098,,,,
11/17/17,04:30:00 PM,14.6107,78.975,,,,
11/17/17,04:45:00 PM,14.6162,80.382,,,,
11/17/17,05:00:00 PM,14.6221,81.442,,,,
11/17/17,05:15:00 PM,14.6246,82.330,,,,
11/17/17,05:30:00 PM,14.6272,83.221,,,,
11/17/17,05:45:00 PM,14.6327,84.115,,,,
11/17/17,06:00:00 PM,14.6363,84.834,,,,
11/17/17,06:15:00 PM,14.6384,85.554,,,,
11/17/17,06:30:00 PM,14.6400,86.097,,,,
11/17/17,06:45:00 PM,14.6430,86.641,,,,
11/17/17,07:00:00 PM,14.6440,87.004,,,,
11/17/17,07:15:00 PM,14.6437,87.368,,,,
11/17/17,07:30:00 PM,14.6477,87.733,,,,
11/17/17,07:45:00 PM,14.6482,87.915,,,,
11/17/17,08:00:00 PM,14.6516,88.099,,,,
11/17/17,08:15:00 PM,14.6434,88.282,,,,
11/17/17,08:30:00 PM,14.6507,88.282,,,,
11/17/17,08:45:00 PM,14.6507,88.282,,,,
11/17/17,09:00:00 PM,14.6536,88.282,,,,
11/17/17,09:15:00 PM,14.6391,88.282,,,,
11/17/17,09:30:00 PM,14.5936,88.099,,,,
11/17/17,09:45:00 PM,14.5944,87.915,,,,
11/17/17,10:00:00 PM,14.5911,87.733,,,,
11/17/17,10:15:00 PM,14.5925,87.733,,,,
11/17/17,10:30:00 PM,14.5934,87.552,,,,
11/17/17,10:45:00 PM,14.5934,87.552,,,,
11/17/17,11:00:00 PM,14.5943,87.368,,,,
11/17/17,11:15:00 PM,14.5938,87.186,,,,
11/17/17,11:30:00 PM,14.5918,87.004,,,,
11/17/17,11:45:00 PM,14.5898,86.823,,,,
11/18/17,12:00:00 AM,14.5864,86.641,,,,
11/18/17,12:15:00 AM,14.5815,86.459,,,,
11/18/17,12:30:00 AM,14.5809,86.277,,,,
11/18/17,12:45:00 AM,14.5776,86.097,,,,
11/18/17,01:00:00 AM,14.5756,85.915,,,,
11/18/17,01:15:00 AM,14.5721,85.735,,,,
11/18/17,01:30:00 AM,14.5688,85.554,,,,
11/18/17,01:45:00 AM,14.5653,85.374,,,,
11/18/17,02:00:00 AM,14.5634,85.194,,,,
11/18/17,02:15:00 AM,14.5628,85.014,,,,
11/18/17,02:30:00 AM,14.5622,84.834,,,,
11/18/17,02:45:00 AM,14.5598,84.474,,,,
11/18/17,03:00:00 AM,14.5593,84.295,,,,
11/18/17,03:15:00 AM,14.5616,84.115,,,,
11/18/17,03:30:00 AM,14.5567,83.935,,,,
11/18/17,03:45:00 AM,14.5582,83.935,,,,
11/18/17,04:00:00 AM,14.5606,83.757,,,,
11/18/17,04:15:00 AM,14.5615,83.579,,,,
11/18/17,04:30:00 AM,14.5654,83.399,,,,
11/18/17,04:45:00 AM,14.5648,83.221,,,,
11/18/17,05:00:00 AM,14.5658,83.043,,,,
11/18/17,05:15:00 AM,14.5682,82.864,,,,
11/18/17,05:30:00 AM,14.5676,82.686,,,,
11/18/17,05:45:00 AM,14.5686,82.508,,,,
11/18/17,06:00:00 AM,14.5715,82.508,,,,
11/18/17,06:15:00 AM,14.5724,82.330,,,,
11/18/17,06:30:00 AM,14.5748,82.152,,,,
11/18/17,06:45:00 AM,14.5772,81.975,,,,
11/18/17,07:00:00 AM,14.5801,81.975,,,,
11/18/17,07:15:00 AM,14.5825,81.797,,,,
11/18/17,07:30:00 AM,14.5825,81.797,,,,
11/18/17,07:45:00 AM,14.5825,81.797,,,,
11/18/17,08:00:00 AM,14.5859,81.975,,,,
11/18/17,08:15:00 AM,14.5869,82.330,,,,
11/18/17,08:30:00 AM,14.5856,82.864,,,,
11/18/17,08:45:00 AM,14.5862,83.579,,,,
11/18/17,09:00:00 AM,14.5898,84.295,,,,
11/18/17,09:15:00 AM,14.5880,85.194,,,,
11/18/17,09:30:00 AM,14.5888,86.459,,,,
11/18/17,09:45:00 AM,14.5876,87.552,,,,
11/18/17,10:00:00 AM,14.5899,88.833,,,,
11/18/17,10:15:00 AM,14.5893,90.124,,,,
11/18/17,10:30:00 AM,14.5927,91.240,,,,
11/18/17,10:45:00 AM,14.5892,92.550,,,,
11/18/17,11:00:00 AM,14.5896,93.682,,,,
11/18/17,11:15:00 AM,14.5873,94.825,,,,
11/18/17,11:30:00 AM,14.5828,95.783,,,,
11/18/17,11:45:00 AM,14.5843,96.748,,,,
11/18/17,12:00:00 PM,14.5843,97.720,,,,
11/18/17,12:15:00 PM,14.5851,98.503,,,,
11/18/17,12:30:00 PM,14.5782,99.093,,,,
11/18/17,12:45:00 PM,14.5770,99.687,,,,
11/18/17,01:00:00 PM,14.5746,100.283,,,,
11/18/17,01:15:00 PM,14.5734,100.882,,,,
11/18/17,01:30:00 PM,14.5702,101.282,,,,
11/18/17,01:45:00 PM,14.6078,101.685,,,,
11/18/17,02:00:00 PM,14.5337,101.685,,,,
11/18/17,02:15:00 PM,14.5337,101.685,,,,
11/18/17,02:30:00 PM,14.5286,101.484,,,,
11/18/17,02:45:00 PM,14.5274,101.082,,,,
11/18/17,03:00:00 PM,14.6121,100.683,,,,
11/18/17,03:15:00 PM,14.6153,100.283,,,,
11/18/17,03:30:00 PM,14.6146,100.083,,,,
11/18/17,03:45:00 PM,14.6117,100.083,,,,
11/18/17,04:00:00 PM,14.6108,100.283,,,,
11/18/17,04:15:00 PM,14.6121,100.683,,,,
11/18/17,04:30:00 PM,14.6133,101.082,,,,
11/18/17,04:45:00 PM,14.6115,101.484,,,,
11/18/17,05:00:00 PM,14.6143,101.887,,,,
11/18/17,05:15:00 PM,14.6176,102.493,,,,
11/18/17,05:30:00 PM,14.6197,102.697,,,,
11/18/17,05:45:00 PM,14.6231,102.900,,,,
11/18/17,06:00:00 PM,14.6237,103.104,,,,
11/18/17,06:15:00 PM,14.6289,102.900,,,,
11/18/17,06:30:00 PM,14.6313,102.697,,,,
11/18/17,06:45:00 PM,14.6330,102.290,,,,
11/18/17,07:00:00 PM,14.6384,101.685,,,,
11/18/17,07:15:00 PM,14.6366,101.082,,,,
11/18/17,07:30:00 PM,14.6336,100.083,,,,
11/18/17,07:45:00 PM,14.6459,98.897,,,,
11/18/17,08:00:00 PM,14.6430,97.916,,,,
11/18/17,08:15:00 PM,14.6450,97.137,,,,
11/18/17,08:30:00 PM,14.6491,96.555,,,,
11/18/17,08:45:00 PM,14.6465,96.168,,,,
11/18/17,09:00:00 PM,14.6511,95.783,,,,
11/18/17,09:15:00 PM,14.6514,95.400,,,,
11/18/17,09:30:00 PM,14.6498,94.825,,,,
11/18/17,09:45:00 PM,14.6516,94.444,,,,
11/18/17,10:00:00 PM,14.6504,94.062,,,,
11/18/17,10:15:00 PM,14.6521,93.682,,,,
11/18/17,10:30:00 PM,14.6524,93.304,,,,
11/18/17,10:45:00 PM,14.6529,92.926,,,,
11/18/17,11:00:00 PM,14.6546,92.550,,,,
11/18/17,11:15:00 PM,14.6520,92.174,,,,
11/18/17,11:30:00 PM,14.6510,91.800,,,,
11/18/17,11:45:00 PM,14.6504,91.612,,,,
11/19/17,12:00:00 AM,14.6463,91.240,,,,
11/19/17,12:15:00 AM,14.6468,90.867,,,,
11/19/17,12:30:00 AM,14.6181,90.495,,,,
11/19/17,12:45:00 AM,14.5812,90.309,,,,
11/19/17,01:00:00 AM,14.5777,90.124,,,,
11/19/17,01:15:00 AM,14.5757,89.938,,,,
11/19/17,01:30:00 AM,14.5751,89.755,,,,
11/19/17,01:45:00 AM,14.5732,89.569,,,,
11/19/17,02:00:00 AM,14.5741,89.384,,,,
11/19/17,02:15:00 AM,14.5677,89.200,,,,
11/19/17,02:30:00 AM,14.5672,89.017,,,,
11/19/17,02:45:00 AM,14.5638,88.833,,,,
11/19/17,03:00:00 AM,14.5632,88.650,,,,
11/19/17,03:15:00 AM,14.5622,88.282,,,,
11/19/17,03:30:00 AM,14.5616,88.099,,,,
11/19/17,03:45:00 AM,14.5640,87.915,,,,
11/19/17,04:00:00 AM,14.5658,87.552,,,,
11/19/17,04:15:00 AM,14.5696,87.368,,,,
11/19/17,04:30:00 AM,14.5715,87.004,,,,
11/19/17,04:45:00 AM,14.5738,86.823,,,,
11/19/17,05:00:00 AM,14.5714,86.459,,,,
11/19/17,05:15:00 AM,14.5718,86.097,,,,
11/19/17,05:30:00 AM,14.5698,85.915,,,,
11/19/17,05:45:00 AM,14.5717,85.554,,,,
11/19/17,06:00:00 AM,14.5769,85.374,,,,
11/19/17,06:15:00 AM,14.5808,85.194,,,,
11/19/17,06:30:00 AM,14.5840,84.834,,,,
11/19/17,06:45:00 AM,14.5879,84.654,,,,
11/19/17,07:00:00 AM,14.5873,84.474,,,,
11/19/17,07:15:00 AM,14.5869,84.295,,,,
11/19/17,07:30:00 AM,14.5869,84.295,,,,
11/19/17,07:45:00 AM,14.5835,84.654,,,,
11/19/17,08:00:00 AM,14.5909,85.194,,,,
11/19/17,08:15:00 AM,14.5901,85.915,,,,
11/19/17,08:30:00 AM,14.5912,86.823,,,,
11/19/17,08:45:00 AM,14.5896,87.733,,,,
11/19/17,09:00:00 AM,14.5914,88.833,,,,
11/19/17,09:15:00 AM,14.5931,89.938,,,,
11/19/17,09:30:00 AM,14.5927,91.240,,,,
11/19/17,09:45:00 AM,14.5940,92.174,,,,
11/19/17,10:00:00 AM,14.5895,93.115,,,,
11/19/17,10:15:00 AM,14.5899,94.253,,,,
11/19/17,10:30:00 AM,14.5883,95.207,,,,
11/19/17,10:45:00 AM,14.5854,96.168,,,,
11/19/17,11:00:00 AM,14.5875,97.331,,,,
11/19/17,11:15:00 AM,14.5831,98.307,,,,
11/19/17,11:30:00 AM,14.5796,99.093,,,,
11/19/17,11:45:00 AM,14.5798,100.083,,,,
11/19/17,12:00:00 PM,14.5777,100.882,,,,
11/19/17,12:15:00 PM,14.5773,101.685,,,,
11/19/17,12:30:00 PM,14.5769,102.493,,,,
11/19/17,12:45:00 PM,14.5757,103.104,,,,
11/19/17,01:00:00 PM,14.5732,103.717,,,,
11/19/17,01:15:00 PM,14.5693,104.333,,,,
11/19/17,01:30:00 PM,14.5683,104.954,,,,
11/19/17,01:45:00 PM,14.5674,105.161,,,,
11/19/17,02:00:00 PM,14.5645,105.161,,,,
11/19/17,02:15:00 PM,14.5631,105.161,,,,
11/19/17,02:30:00 PM,14.5602,105.161,,,,
11/19/17,02:45:00 PM,14.5566,104.954,,,,
11/19/17,03:00:00 PM,14.5560,104.747,,,,
11/19/17,03:15:00 PM,14.5574,104.747,,,,
11/19/17,03:30:00 PM,14.5560,104.747,,,,
11/19/17,03:45:00 PM,14.5569,104.540,,,,
11/19/17,04:00:00 PM,14.5569,104.540,,,,
11/19/17,04:15:00 PM,14.5532,104.333,,,,
11/19/17,04:30:00 PM,14.5541,104.128,,,,
11/19/17,04:45:00 PM,14.5564,103.923,,,,
11/19/17,05:00:00 PM,14.5586,103.717,,,,
11/19/17,05:15:00 PM,14.5580,103.512,,,,
11/19/17,05:30:00 PM,14.5569,103.104,,,,
11/19/17,05:45:00 PM,14.5585,102.697,,,,
11/19/17,06:00:00 PM,14.5602,102.290,,,,
11/19/17,06:15:00 PM,14.5619,101.887,,,,
11/19/17,06:30:00 PM,14.5708,101.484,,,,
11/19/17,06:45:00 PM,14.6078,100.683,,,,
11/19/17,07:00:00 PM,14.5660,99.885,,,,
11/19/17,07:15:00 PM,14.5695,99.093,,,,
11/19/17,07:30:00 PM,14.5709,98.110,,,,
11/19/17,07:45:00 PM,14.5695,97.137,,,,
11/19/17,08:00:00 PM,14.5753,96.168,,,,
11/19/17,08:15:00 PM,14.5773,95.400,,,,
11/19/17,08:30:00 PM,14.5766,94.633,,,,
11/19/17,08:45:00 PM,14.5801,93.873,,,,
11/19/17,09:00:00 PM,14.5793,93.115,,,,
11/19/17,09:15:00 PM,14.5834,92.550,,,,
11/19/17,09:30:00 PM,14.5804,91.987,,,,
11/19/17,09:45:00 PM,14.5815,91.425,,,,
11/19/17,10:00:00 PM,14.5872,90.867,,,,
11/19/17,10:15:00 PM,14.5885,90.309,,,,
11/19/17,10:30:00 PM,14.5873,89.938,,,,
11/19/17,10:45:00 PM,14.5872,89.384,,,,
11/19/17,11:00:00 PM,14.5876,89.017,,,,
11/19/17,11:15:00 PM,14.5864,88.650,,,,
11/19/17,11:30:00 PM,14.5863,88.099,,,,
11/19/17,11:45:00 PM,14.5853,87.733,,,,
11/20/17,12:00:00 AM,14.5856,87.368,,,,
11/20/17,12:15:00 AM,14.5802,87.004,,,,
11/20/17,12:30:00 AM,14.5792,86.641,,,,
11/20/17,12:45:00 AM,14.5766,86.277,,,,
11/20/17,01:00:00 AM,14.5747,86.097,,,,
11/20/17,01:15:00 AM,14.5750,85.735,,,,
11/20/17,01:30:00 AM,14.5725,85.374,,,,
11/20/17,01:45:00 AM,14.5701,85.014,,,,
11/20/17,02:00:00 AM,14.5647,84.654,,,,
11/20/17,02:15:00 AM,14.5637,84.295,,,,
11/20/17,02:30:00 AM,14.5616,84.115,,,,
11/20/17,02:45:00 AM,14.5606,83.757,,,,
11/20/17,03:00:00 AM,14.5625,83.399,,,,
11/20/17,03:15:00 AM,14.5590,83.221,,,,
11/20/17,03:30:00 AM,14.5609,82.864,,,,
11/20/17,03:45:00 AM,14.5603,82.686,,,,
11/20/17,04:00:00 AM,14.5608,82.330,,,,
11/20/17,04:15:00 AM,14.5618,82.152,,,,
11/20/17,04:30:00 AM,14.5612,81.975,,,,
11/20/17,04:45:00 AM,14.5645,81.621,,,,
11/20/17,05:00:00 AM,14.5627,81.442,,,,
11/20/17,05:15:00 AM,14.5650,81.266,,,,
11/20/17,05:30:00 AM,14.5689,81.090,,,,
11/20/17,05:45:00 AM,14.5727,80.911,,,,
11/20/17,06:00:00 AM,14.5722,80.735,,,,
11/20/17,06:15:00 AM,14.5746,80.559,,,,
11/20/17,06:30:00 AM,14.5760,80.559,,,,
11/20/17,06:45:00 AM,14.5770,80.382,,,,
11/20/17,07:00:00 AM,14.5799,80.382,,,,
11/20/17,07:15:00 AM,14.5872,80.382,,,,
11/20/17,07:30:00 AM,14.6214,80.206,,,,
11/20/17,07:45:00 AM,14.6218,79.853,,,,
11/20/17,08:00:00 AM,14.6228,79.678,,,,
11/20/17,08:15:00 AM,14.6228,79.678,,,,
11/20/17,08:30:00 AM,14.6152,80.029,,,,
11/20/17,08:45:00 AM,14.6156,80.206,,,,
11/20/17,09:00:00 AM,14.6152,80.029,,,,
11/20/17,09:15:00 AM,14.6160,79.853,,,,
11/20/17,09:30:00 AM,14.6127,79.678,,,,
11/20/17,09:45:00 AM,14.6088,79.326,,,,
11/20/17,10:00:00 AM,14.6097,79.151,,,,
11/20/17,10:15:00 AM,14.6121,78.975,,,,
11/20/17,10:23:29 AM,,,,Logged,,
11/20/17,10:23:46 AM,,,Logged,,,
11/20/17,10:23:51 AM,,,,Logged,,
11/20/17,10:24:13 AM,,,,,Logged,Logged
