,Date,Total_flow_CFS,Base_flow_CFS,Runoff_CFS,Month
0,2016-03-29,3.7192226561465365,,,3
1,2016-03-30,9.911418419437075,,,3
2,2016-03-31,1.8795145273568734,,,3
3,2016-04-01,3.4145104651661398,1.8795145273568734,1.5349959378092664,4
4,2016-04-02,38.04993742969725,1.993660675218128,36.05627675447912,4
5,2016-04-03,4.400887717207779,2.1078068230793825,2.293080894128397,4
6,2016-04-04,4.946609700707352,2.221952970940637,2.724656729766715,4
7,2016-04-05,3.9307947713816356,2.336099118801892,1.5946956525797438,4
8,2016-04-06,6.118653015409906,2.4502452666631465,3.66840774874676,4
9,2016-04-07,2.780762372847292,2.564391414524401,0.21637095832289077,4
10,2016-04-08,1.6207824096204717,2.6785375623856553,0.0,4
11,2016-04-09,25.108151793652883,2.79268371024691,22.315468083405975,4
12,2016-04-10,47.83714009864468,2.9068298581081646,44.930310240536514,4
13,2016-04-11,16.560366167735282,3.020976005969419,13.539390161765862,4
14,2016-04-12,17.16555289374919,3.1351221538306735,14.030430739918517,4
15,2016-04-13,20.730960754810667,3.249268301691928,17.48169245311874,4
16,2016-04-14,42.985684788045965,3.363414449553183,39.62227033849278,4
17,2016-04-15,25.569521456529394,3.4775605974144375,22.091960859114955,4
18,2016-04-16,10.287413278732377,3.591706745275692,6.6957065334566845,4
19,2016-04-17,7.568278572353613,3.7058528931369468,3.862425679216666,4
20,2016-04-18,9.877773298253008,3.8199990409982014,6.057774257254806,4
21,2016-04-19,12.040023710408313,3.934145188859456,8.105878521548856,4
22,2016-04-20,6.58742465189021,4.04829133672071,2.5391333151695,4
23,2016-04-21,4.1624374845819645,4.1624374845819645,0.0,4
24,2016-04-22,9.464376168035368,4.083626447283734,5.380749720751634,4
25,2016-04-23,23.023294732262023,4.004815409985505,19.01847932227652,4
26,2016-04-24,6.457885207849243,3.9260043726872746,2.531880835161968,4
27,2016-04-25,5.230524122162901,3.847193335389045,1.3833307867738562,4
28,2016-04-26,11.560604837770697,3.768382298090815,7.792222539679882,4
29,2016-04-27,6.710713646813716,3.6895712607925852,3.0211423860211304,4
30,2016-04-28,5.180876970337808,3.6107602234943554,1.5701167468434525,4
31,2016-04-29,39.27839729451122,3.531949186196125,35.7464481083151,4
32,2016-04-30,85.57975029840877,3.4531381488978954,82.12661214951088,4
33,2016-05-01,29.333849180576685,3.3743271115996656,25.95952206897702,5
34,2016-05-02,13.137190960800629,3.295516074301436,9.841674886499193,5
35,2016-05-03,7.789145679911129,3.216705037003206,4.572440642907923,5
36,2016-05-04,13.972636900843874,3.1378939997049757,10.834742901138899,5
37,2016-05-05,7.488433945811386,3.0590829624067464,4.42935098340464,5
38,2016-05-06,4.458940083333922,2.980271925108516,1.478668158225406,5
39,2016-05-07,3.4300877021342266,2.9014608878102863,0.5286268143239403,5
40,2016-05-08,2.8004090474483236,2.8226498505120565,0.0,5
41,2016-05-09,2.5862167386173667,2.7438388132138263,0.0,5
42,2016-05-10,2.812815123394382,2.665027775915597,0.14778734747878497,5
43,2016-05-11,25.759396125276037,2.5862167386173667,23.17317938665867,5
44,2016-05-12,6.9199645817187845,2.5448871210583563,4.375077460660428,5
45,2016-05-13,4.0907038734339825,2.5035575034993456,1.5871463699346369,5
46,2016-05-14,3.0270303814655746,2.4622278859403353,0.5648024955252393,5
47,2016-05-15,2.8212296811931923,2.420898268381325,0.40033141281186735,5
48,2016-05-16,2.5192278045215906,2.379568650822314,0.1396591536992764,5
49,2016-05-17,2.8069280137388932,2.338239033263304,0.4686889804755894,5
50,2016-05-18,2.41222792334265,2.2969094157042935,0.1153185076383565,5
51,2016-05-19,2.3807114022533766,2.255579798145283,0.12513160410809343,5
52,2016-05-20,2.172920563027262,2.2142501805862724,0.0,5
53,2016-05-21,13.255358956351746,2.172920563027262,11.082438393324484,5
54,2016-05-22,6.90580279962954,2.0995343814693626,4.806268418160178,5
55,2016-05-23,5.1715343592094865,2.026148199911463,3.1453861592980235,5
56,2016-05-24,4.051402183211611,1.9527620183535637,2.098640164858047,5
57,2016-05-25,3.237700334472272,1.8793758367956643,1.3583244976766076,5
58,2016-05-26,2.8140353413731,1.8059896552377648,1.0080456861353353,5
59,2016-05-27,3.074327264747263,1.7326034736798652,1.3417237910673978,5
60,2016-05-28,2.3773707872732475,1.659217292121966,0.7181534951512816,5
61,2016-05-29,2.5287519732463224,1.5858311105640666,0.9429208626822558,5
62,2016-05-30,2.736818502408129,1.512444929006167,1.2243735734019618,5
63,2016-05-31,2.4311456249772396,1.4390587474482675,0.9920868775289722,5
64,2016-06-01,2.3134206826517283,1.3656725658903681,0.9477481167613602,6
65,2016-06-02,2.62948022889942,1.2922863843324686,1.3371938445669513,6
66,2016-06-03,1.3357240231687646,1.2189002027745692,0.11682382039419537,6
67,2016-06-04,1.0721278396587703,1.1455140212166697,0.0,6
68,2016-06-05,1.2962802111573843,1.0721278396587703,0.224152371498614,6
69,2016-06-06,1.3708917266759333,1.121804124498024,0.24908760217790937,6
70,2016-06-07,1.230233720056514,1.1714804093372773,0.05875331071923684,6
71,2016-06-08,1.5262152513351697,1.2211566941765308,0.30505855715863883,6
72,2016-06-09,1.7671055866962002,1.2708329790157844,0.4962726076804158,6
73,2016-06-10,2.2482187595649865,1.320509263855038,0.9277094957099485,6
74,2016-06-11,5.248707200235152,1.3701855486942913,3.8785216515408605,6
75,2016-06-12,2.3841034974332103,1.419861833533545,0.9642416638996654,6
76,2016-06-13,2.9232366241423606,1.4695381183727985,1.4536985057695622,6
77,2016-06-14,2.324431627327948,1.519214403212052,0.8052172241158959,6
78,2016-06-15,2.903773798872716,1.5688906880513054,1.3348831108214108,6
79,2016-06-16,4.733139931065754,1.618566972890559,3.114572958175195,6
80,2016-06-17,4.694483279180141,1.6682432577298125,3.0262400214503287,6
81,2016-06-18,2.7026713591472693,1.7179195425690659,0.9847518165782034,6
82,2016-06-19,2.063333046390147,1.7675958274083194,0.2957372189818275,6
83,2016-06-20,1.817272112247573,1.817272112247573,0.0,6
84,2016-06-21,1.921817773621309,1.8113318370508944,0.1104859365704145,6
85,2016-06-22,1.6653177753179091,1.805391561854216,0.0,6
86,2016-06-23,2.559348913692344,1.7994512866575374,0.7598976270348066,6
87,2016-06-24,2.838485132836489,1.793511011460859,1.0449741213756298,6
88,2016-06-25,2.917988404308151,1.7875707362641804,1.1304176680439708,6
89,2016-06-26,2.2525184910106923,1.781630461067502,0.47088802994319034,6
90,2016-06-27,2.162165588638013,1.7756901858708234,0.3864754027671895,6
91,2016-06-28,2.9066814905425464,1.769749910674145,1.1369315798684014,6
92,2016-06-29,2.602806903721072,1.7638096354774664,0.8389972682436055,6
93,2016-06-30,2.5223971064153723,1.757869360280788,0.7645277461345843,6
94,2016-07-01,2.449563018235099,1.7519290850841094,0.6976339331509898,7
95,2016-07-02,2.2129018530243423,1.745988809887431,0.4669130431369113,7
96,2016-07-03,2.391317339783503,1.7400485346907524,0.6512688050927506,7
97,2016-07-04,2.3555356207028515,1.7341082594940738,0.6214273612087777,7
98,2016-07-05,2.1572892022034016,1.7281679842973954,0.4291212179060062,7
99,2016-07-06,1.7281679842973954,1.6769450206956467,0.05122296360174872,7
100,2016-07-07,1.6104491487906067,1.625722057093898,0.0,7
101,2016-07-08,1.719391117992928,1.574499093492149,0.14489202450077898,7
102,2016-07-09,1.9260268428066116,1.5232761298904003,0.40275071291621134,7
103,2016-07-10,2.3334596532909813,1.4720531662886516,0.8614064870023297,7
104,2016-07-11,2.088274345374426,1.4208302026869029,0.6674441426875233,7
105,2016-07-12,1.6774796081584873,1.3696072390851541,0.30787236907333315,7
106,2016-07-13,1.538798266921728,1.3183842754834054,0.22041399143832252,7
107,2016-07-14,1.5787426684228012,1.2671613118816565,0.3115813565411447,7
108,2016-07-15,1.3460970127254295,1.2159383482799078,0.1301586644455217,7
109,2016-07-16,1.2159383482799078,1.184380281439773,0.031558066840134735,7
110,2016-07-17,1.1433280920165685,1.1528222145996383,0.0,7
111,2016-07-18,9.730892744599434,1.1212641477595036,8.60962859683993,7
112,2016-07-19,21.24349635774927,1.0897060809193688,20.1537902768299,7
113,2016-07-20,6.182018565427408,1.058148014079234,5.123870551348174,7
114,2016-07-21,2.1569807287797067,1.0265899472390994,1.1303907815406073,7
115,2016-07-22,1.4478830099324684,0.9950318803989647,0.4528511295335037,7
116,2016-07-23,1.270308571113176,0.96347381355883,0.3068347575543461,7
117,2016-07-24,0.9003576798785605,0.9319157467186953,0.0,7
118,2016-07-25,1.3276288116178885,0.9003576798785605,0.42727113173932796,7
119,2016-07-26,1.4487750438870286,0.9472515989756137,0.5015234449114149,7
120,2016-07-27,1.5340117583937154,0.9941455180726668,0.5398662403210486,7
121,2016-07-28,1.5117031458493873,1.04103943716972,0.4706637086796672,7
122,2016-07-29,1.513710109676681,1.0879333562667732,0.4257767534099077,7
123,2016-07-30,1.5730459936014993,1.1348272753638264,0.4382187182376729,7
124,2016-07-31,1.6035263114308551,1.1817211944608794,0.4218051169699757,7
125,2016-08-01,1.6353011746804198,1.2286151135579328,0.40668606112248695,8
126,2016-08-02,1.47111755191053,1.2755090326549858,0.19560851925554412,8
127,2016-08-03,1.3692968708490922,1.322402951752039,0.046893919097053205,8
128,2016-08-04,1.464549452918812,1.3692968708490922,0.09525258206971965,8
129,2016-08-05,1.5581501796467436,1.3921013178453456,0.166048861801398,8
130,2016-08-06,1.6194932010903187,1.4149057648415988,0.2045874362487199,8
131,2016-08-07,1.528914298099408,1.4377102118378522,0.09120408626155574,8
132,2016-08-08,1.4833191058303588,1.4605146588341054,0.02280444699625339,8
133,2016-08-09,1.5644597504817248,1.4833191058303588,0.08114064465136606,8
134,2016-08-10,1.5658895089995704,1.4981762202775217,0.06771328872204863,8
135,2016-08-11,1.524476148236144,1.5130333347246845,0.011442813511459482,8
136,2016-08-12,9.107256330548722,1.5278904491718475,7.579365881376875,8
137,2016-08-13,1.7290698560182873,1.5427475636190102,0.1863222923992771,8
138,2016-08-14,1.5576046780661732,1.5576046780661732,0.0,8
139,2016-08-15,1.6397474691118459,1.5664227582411476,0.07332471087069825,8
140,2016-08-16,1.4339387997079533,1.5752408384161223,0.0,8
141,2016-08-17,1.6050461266282186,1.5840589185910967,0.02098720803712184,8
142,2016-08-18,1.6364355436456752,1.5928769987660714,0.04355854487960387,8
143,2016-08-19,1.6016950789410458,1.6016950789410458,0.0,8
144,2016-08-20,3.534008354625754,1.5422415555079898,1.9917667991177643,8
145,2016-08-21,3.809079246613928,1.4827880320749338,2.326291214538994,8
146,2016-08-22,8.35688481337027,1.4233345086418778,6.933550304728392,8
147,2016-08-23,13.470591355719678,1.363880985208822,12.106710370510857,8
148,2016-08-24,7.578454918205345,1.304427461775766,6.274027456429579,8
149,2016-08-25,2.9492520668698763,1.24497393834271,1.7042781285271662,8
150,2016-08-26,1.3709007037639431,1.185520414909654,0.18538028885428903,8
151,2016-08-27,0.8808668190045328,1.126066891476598,0.0,8
152,2016-08-28,0.8713800804399545,1.0666133680435421,0.0,8
153,2016-08-29,0.9190602924921698,1.0071598446104861,0.0,8
154,2016-08-30,0.9446955747282654,0.9477063211774303,0.0,8
155,2016-08-31,1.0183550355225814,0.8882527977443743,0.13010223777820717,8
156,2016-09-01,0.8438591227755563,0.8287992743113183,0.015059848464238024,9
157,2016-09-02,0.7098922274452064,0.7693457508782624,0.0,9
158,2016-09-03,6.293050931020156,0.7098922274452064,5.5831587035749495,9
159,2016-09-04,21.144445037342653,0.7144136421671667,20.430031395175487,9
160,2016-09-05,6.223865308679914,0.7189350568891272,5.504930251790786,9
161,2016-09-06,2.666383132295397,0.7234564716110875,1.9429266606843094,9
162,2016-09-07,1.3471859200471812,0.7279778863330479,0.6192080337141332,9
163,2016-09-08,1.6091773047348412,0.7324993010550083,0.876678003679833,9
164,2016-09-09,2.3537445426071413,0.7370207157769686,1.6167238268301727,9
165,2016-09-10,1.0517571003502437,0.741542130498929,0.3102149698513147,9
166,2016-09-11,0.7551063746648101,0.7460635452208894,0.009042829443920763,9
167,2016-09-12,0.8802578211488887,0.7505849599428498,0.12967286120603894,9
168,2016-09-13,1.0671103400022786,0.7551063746648101,0.31200396533746844,9
169,2016-09-14,1.1775299459405715,0.7827315565785602,0.3947983893620113,9
170,2016-09-15,1.2213236771349647,0.8103567384923104,0.4109669386426543,9
171,2016-09-16,1.4136156825909794,0.8379819204060605,0.5756337621849189,9
172,2016-09-17,1.3494704182841388,0.8656071023198105,0.4838633159643283,9
173,2016-09-18,1.317097082779623,0.8932322842335607,0.4238647985460622,9
174,2016-09-19,1.3701232506535583,0.9208574661473108,0.44926578450624755,9
175,2016-09-20,1.6992594560649636,0.9484826480610609,0.7507768080039028,9
176,2016-09-21,1.4670984923133772,0.9761078299748109,0.49099066233856625,9
177,2016-09-22,1.4289486937962805,1.003733011888561,0.4252156819077195,9
178,2016-09-23,1.3786000273244818,1.031358193802311,0.34724183352217075,9
179,2016-09-24,1.866008887297715,1.0589833757160614,0.8070255115816536,9
180,2016-09-25,1.102600470981323,1.0866085576298115,0.015991913351511622,9
181,2016-09-26,1.264343990306379,1.1142337395435615,0.15011025076281737,9
182,2016-09-27,2.30753869013962,1.1418589214573116,1.1656797686823086,9
183,2016-09-28,1.321353893304076,1.1694841033710617,0.15186978993301437,9
184,2016-09-29,1.1694841033710617,1.1942367466431747,0.0,9
185,2016-09-30,0.9801019716712623,1.2189893899152877,0.0,9
186,2016-10-01,1.2932473197316268,1.2437420331874007,0.049505286544226035,10
187,2016-10-02,1.4734556580021314,1.2684946764595137,0.20496098154261766,10
188,2016-10-03,1.606777780058552,1.2932473197316268,0.31353046032692533,10
189,2016-10-04,1.450247576786759,1.3071642069368705,0.14308336984988856,10
190,2016-10-05,1.4084573725188891,1.3210810941421143,0.08737627837677486,10
191,2016-10-06,1.47060747243519,1.334997981347358,0.13560949108783205,10
192,2016-10-07,1.4505220263459757,1.3489148685526018,0.10160715779337393,10
193,2016-10-08,1.5308252136317144,1.3628317557578455,0.16799345787386888,10
194,2016-10-09,1.6003904114104957,1.3767486429630895,0.22364176844740613,10
195,2016-10-10,1.547605962858243,1.3906655301683333,0.15694043268990976,10
196,2016-10-11,3.9877787128706927,1.404582417373577,2.5831962954971157,10
197,2016-10-12,1.4790527944956129,1.4184993045788208,0.0605534899167921,10
198,2016-10-13,1.4619206050088143,1.4324161917840645,0.029504413224749726,10
199,2016-10-14,1.4324161917840645,1.4138943162589273,0.018521875525137288,10
200,2016-10-15,1.374149590833307,1.3953724407337897,0.0,10
201,2016-10-16,1.3398068141583777,1.3768505652086525,0.0,10
202,2016-10-17,1.4258173005554353,1.358328689683515,0.06748861087192037,10
203,2016-10-18,1.558719149744348,1.3398068141583777,0.21891233558597034,10
204,2016-10-19,1.6156710618363432,1.342471585728088,0.27319947610825523,10
205,2016-10-20,1.59672138692387,1.3451363572977981,0.25158502962607177,10
206,2016-10-21,1.6723905189746322,1.3478011288675085,0.32458939010712373,10
207,2016-10-22,1.6573281463232303,1.3504659004372188,0.3068622458860115,10
208,2016-10-23,1.5408241387619486,1.353130672006929,0.18769346675501963,10
209,2016-10-24,1.7210856066281774,1.3557954435766393,0.36529016305153816,10
210,2016-10-25,1.5458558522784518,1.3584602151463496,0.18739563713210217,10
211,2016-10-26,1.558660422202731,1.36112498671606,0.19753543548667096,10
212,2016-10-27,1.9394903367683276,1.36378975828577,0.5757005784825575,10
213,2016-10-28,1.5327492196776753,1.3664545298554804,0.16629468982219486,10
214,2016-10-29,1.3664545298554804,1.3682894378165096,0.0,10
215,2016-10-30,1.6256273328435566,1.3701243457775387,0.25550298706601793,10
216,2016-10-31,2.6284785702539217,1.3719592537385679,1.2565193165153539,10
217,2016-11-01,3.461190708161752,1.373794161699597,2.087396546462155,11
218,2016-11-02,1.3756290696606261,1.3756290696606261,0.0,11
219,2016-11-03,1.4788530166128229,1.4053812375165797,0.07347177909624314,11
220,2016-11-04,1.5320382384421871,1.435133405372533,0.09690483306965403,11
221,2016-11-05,1.5243899089403936,1.4648855732284867,0.05950433571190694,11
222,2016-11-06,12.364830310548559,1.49463774108444,10.87019256946412,11
223,2016-11-07,60.487764917466265,1.5243899089403936,58.96337500852587,11
224,2016-11-08,6.563739423601964,1.4827539898045663,5.080985433797398,11
225,2016-11-09,3.5116572868831755,1.4411180706687392,2.0705392162144363,11
226,2016-11-10,41.87469342514483,1.3994821515329119,40.47521127361191,11
227,2016-11-11,12.730349230219906,1.3578462323970846,11.37250299782282,11
228,2016-11-12,4.248709551143784,1.3162103132612575,2.932499237882526,11
229,2016-11-13,2.442671022787745,1.2745743941254302,1.1680966286623147,11
230,2016-11-14,1.6767997123089657,1.232938474989603,0.44386123731936267,11
231,2016-11-15,1.4749419935166184,1.1913025558537758,0.2836394376628426,11
232,2016-11-16,1.1164720821079377,1.1496666367179484,0.0,11
233,2016-11-17,2.106764352812123,1.1080307175821213,0.9987336352300018,11
234,2016-11-18,1.2459328484993646,1.066394798446294,0.17953805005307055,11
235,2016-11-19,2.101074240778015,1.024758879310467,1.076315361467548,11
236,2016-11-20,0.9956895990114052,0.9831229601746396,0.012566638836765565,11
237,2016-11-21,0.9021694720053687,0.9414870410388123,0.0,11
238,2016-11-22,0.8998511219029851,0.8998511219029851,0.0,11
239,2016-11-23,4.624541978965028,0.9243654672553463,3.7001765117096816,11
240,2016-11-24,1.3532308170529352,0.9488798126077075,0.40435100444522776,11
241,2016-11-25,2.0087034577396614,0.9733941579600687,1.0353092997795927,11
242,2016-11-26,1.515234908611303,0.9979085033124299,0.5173264052988732,11
243,2016-11-27,1.162412135544194,1.022422848664791,0.13998928687940304,11
244,2016-11-28,1.1960895981835433,1.0469371940171521,0.1491524041663912,11
245,2016-11-29,1.0627016920054129,1.0714515393695134,0.0,11
246,2016-11-30,1.1449945754265969,1.0959658847218745,0.04902869070472238,11
247,2016-12-01,1.1973825758771373,1.1204802300742358,0.07690234580290145,12
248,2016-12-02,1.260365807501293,1.1449945754265969,0.11537123207469602,12
249,2016-12-03,2.005000161199442,1.1479701023910145,0.8570300588084276,12
250,2016-12-04,1.18435748982208,1.150945629355432,0.03341186046664779,12
251,2016-12-05,2.9031628129176976,1.15392115631985,1.7492416565978477,12
252,2016-12-06,2.277901435720666,1.1568966832842675,1.1210047524363986,12
253,2016-12-07,1.1598722102486851,1.1598722102486851,0.0,12
254,2016-12-08,1.2581725836379754,1.1537624895371437,0.10441009410083169,12
255,2016-12-09,1.189547743707333,1.1476527688256022,0.04189497488173077,12
256,2016-12-10,1.129323606690978,1.141543048114061,0.0,12
257,2016-12-11,1.3040353105558409,1.1354333274025195,0.16860198315332142,12
258,2016-12-12,2.596386357223593,1.129323606690978,1.4670627505326148,12
259,2016-12-13,1.7967181658106137,1.1981530927767452,0.5985650730338685,12
260,2016-12-14,1.5538639209807361,1.2669825788625124,0.2868813421182237,12
261,2016-12-15,6.269658423962343,1.3358120649482794,4.933846359014064,12
262,2016-12-16,3.0772578908376347,1.4046415510340466,1.672616339803588,12
263,2016-12-17,9.791138910191004,1.4734710371198139,8.31766787307119,12
264,2016-12-18,11.270147851762097,1.542300523205581,9.727847328556516,12
265,2016-12-19,8.155344661080052,1.6111300092913483,6.544214651788704,12
266,2016-12-20,5.0629097888556736,1.6799594953771155,3.382950293478558,12
267,2016-12-21,6.3928824500448815,1.7487889814628828,4.644093468581999,12
268,2016-12-22,16.36229875595636,1.8176184675486498,14.54468028840771,12
269,2016-12-23,18.98804885845571,1.886447953634417,17.101600904821293,12
270,2016-12-24,5.427625957326232,1.9552774397201842,3.472348517606048,12
271,2016-12-25,3.7427085113097385,2.024106925805951,1.7186015855037873,12
272,2016-12-26,2.3265707944320044,2.0929364118917184,0.233634382540286,12
273,2016-12-27,2.1617658979774856,2.1617658979774856,0.0,12
274,2016-12-28,8.556218785616222,2.068092446888275,6.488126338727947,12
275,2016-12-29,4.173957329013549,1.9744189957990639,2.1995383332144858,12
276,2016-12-30,27.29419122569055,1.880745544709853,25.413445680980697,12
277,2016-12-31,3.935892510409837,1.7870720936206421,2.148820416789195,12
278,2017-01-01,2.410530529236779,1.6933986425314314,0.7171318867053476,1
279,2017-01-02,2.4142284120318838,1.5997251914422204,0.8145032205896634,1
280,2017-01-03,1.0418374398208252,1.5060517403530094,0.0,1
281,2017-01-04,1.2250313870853768,1.4123782892637986,0.0,1
282,2017-01-05,1.4954200921572491,1.3187048381745878,0.1767152539826613,1
283,2017-01-06,1.5306655504990063,1.2250313870853768,0.3056341634136295,1
284,2017-01-07,1.791110479897141,1.2020368062309477,0.5890736736661932,1
285,2017-01-08,1.249053891790501,1.1790422253765185,0.07001166641398249,1
286,2017-01-09,2.8681448524462283,1.156047644522089,1.7120972079241392,1
287,2017-01-10,2.369236683881193,1.13305306366766,1.236183620213533,1
288,2017-01-11,1.8210060568947644,1.1100584828132307,0.7109475740815336,1
289,2017-01-12,1.4321001718553141,1.0870639019588015,0.3450362698965126,1
290,2017-01-13,1.0891914684953883,1.0640693211043724,0.025122147391015925,1
291,2017-01-14,0.9950855785410846,1.041074740249943,0.0,1
292,2017-01-15,1.149044984567438,1.0180801593955138,0.1309648251719242,1
293,2017-01-16,1.238964706118763,0.9950855785410846,0.24387912757767838,1
294,2017-01-17,1.4084379964749136,1.0137116060848634,0.3947263903900502,1
295,2017-01-18,1.4242099119459493,1.0323376336286425,0.39187227831730675,1
296,2017-01-19,2.946452529747048,1.0509636611724213,1.8954888685746265,1
297,2017-01-20,3.0562617216009387,1.0695896887162002,1.9866720328847385,1
298,2017-01-21,3.669984719046363,1.088215716259979,2.581769002786384,1
299,2017-01-22,1.5430102182323526,1.106841743803758,0.4361684744285945,1
300,2017-01-23,1.7232246112609177,1.125467771347537,0.5977568399133808,1
301,2017-01-24,1.7753504329292535,1.1440937988913158,0.6312566340379377,1
302,2017-01-25,1.530798864710249,1.1627198264350946,0.3680790382751544,1
303,2017-01-26,2.046180591649553,1.1813458539788737,0.8648347376706793,1
304,2017-01-27,5.418722328834378,1.1999718815226526,4.218750447311725,1
305,2017-01-28,1.2707772231342707,1.2185979090664314,0.052179314067839266,1
306,2017-01-29,1.2744759916977682,1.2372239366102105,0.03725205508755769,1
307,2017-01-30,1.957815187141268,1.2558499641539893,0.7019652229872786,1
308,2017-01-31,4.806298722905774,1.2744759916977682,3.531822731208006,1
309,2017-02-01,2.4025758392233776,1.3320605160019023,1.0705153232214752,2
310,2017-02-02,1.4083496565478861,1.3896450403060365,0.018704616241849603,2
311,2017-02-03,1.6266261059421923,1.4472295646101707,0.17939654133202154,2
312,2017-02-04,3.3443454859562194,1.504814088914305,1.8395313970419145,2
313,2017-02-05,5.901648915133721,1.562398613218439,4.339250301915282,2
314,2017-02-06,18.82289464003118,1.619983137522573,17.202911502508606,2
315,2017-02-07,4.942131671774136,1.6775676618267072,3.2645640099474287,2
316,2017-02-08,67.63413689741562,1.7351521861308414,65.89898471128477,2
317,2017-02-09,11.703517790739827,1.7927367104349756,9.91078108030485,2
318,2017-02-10,10.362921132354767,1.8503212347391098,8.512599897615658,2
319,2017-02-11,12.060863439414549,1.9079057590432438,10.152957680371305,2
320,2017-02-12,3.700940050529886,1.965490283347378,1.7354497671825082,2
321,2017-02-13,2.1382438562597805,2.023074807651512,0.11516904860826838,2
322,2017-02-14,3.6448816050031367,2.0806593319556463,1.5642222730474904,2
323,2017-02-15,20.534134081655477,2.1382438562597805,18.395890225395696,2
324,2017-02-16,23.428189811730384,2.0600451220131766,21.36814468971721,2
325,2017-02-17,10.705837745986623,1.9818463877665724,8.72399135822005,2
326,2017-02-18,24.584437588018776,1.9036476535199685,22.680789934498808,2
327,2017-02-19,23.643104714682416,1.8254489192733643,21.817655795409053,2
328,2017-02-20,8.397988794625025,1.7472501850267603,6.650738609598265,2
329,2017-02-21,5.306750888500874,1.6690514507801564,3.6376994377207175,2
330,2017-02-22,4.729793255848936,1.5908527165335524,3.1389405393153833,2
331,2017-02-23,6.9268643803314385,1.5126539822869483,5.4142103980444904,2
332,2017-02-24,10.927740756841379,1.434455248040344,9.493285508801035,2
333,2017-02-25,5.046192998677004,1.3562565137937401,3.6899364848832636,2
334,2017-02-26,2.349255963403505,1.2780577795471362,1.0711981838563687,2
335,2017-02-27,1.6340487108596033,1.1998590453005322,0.4341896655590711,2
336,2017-02-28,1.3970935219694207,1.121660311053928,0.27543321091549267,2
337,2017-03-01,1.1491787510452016,1.043461576807324,0.10571717423787752,3
338,2017-03-02,0.9652628425607198,0.9652628425607198,0.0,3
339,2017-03-03,2.4491095514965138,0.9627803940663054,1.4863291574302084,3
340,2017-03-04,1.983411887816847,0.9602979455718911,1.0231139422449558,3
341,2017-03-05,0.952850600088648,0.9578154970774767,0.0,3
342,2017-03-06,1.1372167452050088,0.9553330485830623,0.18188369662194648,3
343,2017-03-07,1.5845405807003898,0.952850600088648,0.6316899806117419,3
344,2017-03-08,0.9753211396630845,0.9582622227483074,0.017058916914777122,3
345,2017-03-09,1.2072294695446029,0.9636738454079667,0.24355562413663612,3
346,2017-03-10,0.979908713386945,0.9690854680676262,0.010823245319318775,3
347,2017-03-11,1.016427404971859,0.9744970907272855,0.041930314244573386,3
348,2017-03-12,7.561428770182854,0.979908713386945,6.581520056795909,3
349,2017-03-13,3.776758267021658,1.194501982873433,2.582256284148225,3
350,2017-03-14,1.8012455395691973,1.4090952523599207,0.3921502872092766,3
351,2017-03-15,1.4125702900973778,1.6236885218464088,0.0,3
352,2017-03-16,1.5643832783419966,1.8382817913328968,0.0,3
353,2017-03-17,6.263863515414321,2.052875060819385,4.210988454594936,3
354,2017-03-18,5.086259198567144,2.2674683303058725,2.8187908682612717,3
355,2017-03-19,4.352216454558744,2.4820615997923605,1.8701548547663833,3
356,2017-03-20,5.523628121564724,2.6966548692788486,2.8269732522858755,3
357,2017-03-21,4.37660745631344,2.9112481387653366,1.4653593175481037,3
358,2017-03-22,4.712990971302774,3.1258414082518247,1.5871495630509491,3
359,2017-03-23,4.51981613597542,3.3404346777383123,1.1793814582371076,3
360,2017-03-24,4.604979481109011,3.5550279472248003,1.0499515338842103,3
361,2017-03-25,4.198807755684264,3.7696212167112884,0.42918653897297565,3
362,2017-03-26,4.233923887792998,3.984214486197776,0.24970940159522215,3
363,2017-03-27,4.627585226741152,4.198807755684264,0.4287774710568879,3
364,2017-03-28,5.478807426205728,3.9680521858191757,1.5107552403865525,3
365,2017-03-29,5.241525277715172,3.7372966159540875,1.5042286617610845,3
366,2017-03-30,5.9653697881227865,3.5065410460889987,2.4588287420337878,3
367,2017-03-31,6.328760449107011,3.2757854762239105,3.0529749728831006,3
368,2017-04-01,5.047145935440327,3.045029906358822,2.002116029081505,4
369,2017-04-02,4.611715628134939,2.814274336493734,1.797441291641205,4
370,2017-04-03,6.70948095106248,2.5835187666286457,4.125962184433835,4
371,2017-04-04,14.29907381162115,2.352763196763557,11.946310614857595,4
372,2017-04-05,15.571614872126425,2.1220076268984687,13.449607245227956,4
373,2017-04-06,3.9651219099404265,1.8912520570333806,2.0738698529070456,4
374,2017-04-07,1.8912520570333806,1.9113422555596924,0.0,4
375,2017-04-08,3.269376749601524,1.9314324540860042,1.3379442955155196,4
376,2017-04-09,4.76300262640367,1.951522652612316,2.8114799737913536,4
377,2017-04-10,5.630062815056711,1.9716128511386277,3.658449963918083,4
378,2017-04-11,3.1677516448682863,1.9917030496649395,1.1760485952033468,4
379,2017-04-12,3.111604983734106,2.011793248191251,1.099811735542855,4
380,2017-04-13,1.6717539579159917,2.031883446717563,0.0,4
381,2017-04-14,2.092154042296498,2.0519736452438746,0.04018039705262355,4
382,2017-04-15,2.2676619858886546,2.0720638437701866,0.19559814211846804,4
383,2017-04-16,2.2506111864587073,2.092154042296498,0.15845714416220913,4
384,2017-04-17,2.359024819985094,2.1323119760972573,0.22671284388783652,4
385,2017-04-18,2.3585327953324864,2.1724699098980165,0.18606288543446992,4
386,2017-04-19,2.353245801507995,2.2126278436987756,0.14061795780921926,4
387,2017-04-20,2.343313274494149,2.252785777499535,0.09052749699461415,4
388,2017-04-21,2.3439796982204126,2.292943711300294,0.05103598692011868,4
389,2017-04-22,2.292943711300294,2.2916068679648913,0.0013368433354026266,4
390,2017-04-23,2.338565767373143,2.2902700246294883,0.04829574274365456,4
391,2017-04-24,2.28625949462328,2.2889331812940856,0.0,4
392,2017-04-25,2.4257089719882017,2.2875963379586826,0.13811263402951912,4
393,2017-04-26,2.3553800531043603,2.28625949462328,0.06912055848108034,4
394,2017-04-27,2.3777458326624163,2.2650359121215096,0.11270992054090678,4
395,2017-04-28,1.9634123024687526,2.2438123296197388,0.0,4
396,2017-04-29,2.180141582114427,2.2225887471179684,0.0,4
397,2017-04-30,9.747885750978124,2.2013651646161976,7.546520586361927,4
398,2017-05-01,2.807508997492775,2.180141582114427,0.6273674153783477,5
399,2017-05-02,4.5330922508920075,2.2087922988045783,2.3242999520874292,5
400,2017-05-03,2.541632018112901,2.23744301549473,0.30418900261817106,5
401,2017-05-04,10.482128642140875,2.266093732184881,8.216034909955994,5
402,2017-05-05,2.644312295619599,2.294744448875032,0.34956784674456687,5
403,2017-05-06,13.463723587571943,2.3233951655651834,11.14032842200676,5
404,2017-05-07,4.086153137369901,2.3520458822553345,1.7341072551145662,5
405,2017-05-08,3.7960657910555144,2.3806965989454856,1.4153691921100289,5
406,2017-05-09,12.278973683061045,2.409347315635637,9.869626367425408,5
407,2017-05-10,104.43866552516627,2.437998032325788,102.00066749284048,5
408,2017-05-11,97.00270961509648,2.4666487490159392,94.53606086608053,5
409,2017-05-12,14.560733557324468,2.4952994657060907,12.065434091618378,5
410,2017-05-13,11.385634219253237,2.523950182396242,8.861684036856996,5
411,2017-05-14,11.755534149063891,2.552600899086393,9.202933249977498,5
412,2017-05-15,25.248605785331677,2.5812516157765444,22.667354169555132,5
413,2017-05-16,45.47598380780645,2.6099023324666955,42.866081475339755,5
414,2017-05-17,13.97132939552705,2.6385530491568465,11.332776346370203,5
415,2017-05-18,9.601345835569543,2.667203765846998,6.934142069722545,5
416,2017-05-19,8.424283562796901,2.695854482537149,5.728429080259753,5
417,2017-05-20,28.095701308736572,2.7245051992273,25.37119610950927,5
418,2017-05-21,16.246299802455976,2.7531559159174517,13.493143886538524,5
419,2017-05-22,14.636623607289353,2.7818066326076027,11.85481697468175,5
420,2017-05-23,18.310727935835832,2.810457349297754,15.500270586538079,5
421,2017-05-24,8.751903124559643,2.8391080659879053,5.912795058571738,5
422,2017-05-25,6.673874575220832,2.8677587826780564,3.806115792542776,5
423,2017-05-26,7.468180000280319,2.8964094993682075,4.571770500912112,5
424,2017-05-27,5.772290073219523,2.925060216058359,2.847229857161164,5
425,2017-05-28,4.703651269271495,2.95371093274851,1.7499403365229846,5
426,2017-05-29,4.51127758256903,2.982361649438661,1.528915933130369,5
427,2017-05-30,4.315481067512901,3.0110123661288126,1.3044687013840885,5
428,2017-05-31,3.6497443696767964,3.0396630828189637,0.6100812868578327,5
429,2017-06-01,3.621412340875842,3.068313799509115,0.5530985413667269,6
430,2017-06-02,3.4505050964322965,3.0969645161992663,0.35354058023303025,6
431,2017-06-03,3.18291666626972,3.1256152328894173,0.05730143338030258,6
432,2017-06-04,3.3784380025996064,3.154265949579569,0.2241720530200375,6
433,2017-06-05,3.437242399266452,3.18291666626972,0.2543257329967319,6
434,2017-06-06,4.13167073254121,3.1417258552950242,0.9899448772461854,6
435,2017-06-07,5.169010172579914,3.1005350443203286,2.0684751282595855,6
436,2017-06-08,3.232985595080292,3.0593442333456333,0.1736413617346586,6
437,2017-06-09,2.9932778542074057,3.0181534223709376,0.0,6
438,2017-06-10,3.6197763731963404,2.976962611396242,0.6428137618000984,6
439,2017-06-11,2.976962611396242,3.0515578852118272,0.0,6
440,2017-06-12,4.801540898473103,3.126153159027412,1.675387739445691,6
441,2017-06-13,14.10669660221247,3.2007484328429974,10.905948169369472,6
442,2017-06-14,7.033753075610664,3.275343706658582,3.758409368952082,6
443,2017-06-15,7.7029493501764215,3.3499389804741675,4.353010369702254,6
444,2017-06-16,4.1996579452860905,3.4245342542897523,0.7751236909963382,6
445,2017-06-17,3.851649186184614,3.4991295281053376,0.35251965807927643,6
446,2017-06-18,3.843815384052152,3.573724801920923,0.27009058213122916,6
447,2017-06-19,3.722915349552093,3.6483200757365077,0.07459527381558528,6
448,2017-06-20,6.411250211542012,3.722915349552093,2.6883348619899192,6
449,2017-06-21,13.417913510826041,3.670365385726875,9.747548125099167,6
450,2017-06-22,11.958847176038407,3.6178154219016574,8.34103175413675,6
451,2017-06-23,8.42993494122803,3.5652654580764396,4.864669483151591,6
452,2017-06-24,5.282107433333824,3.5127154942512218,1.769391939082602,6
453,2017-06-25,3.936279439614316,3.460165530426004,0.476113909188312,6
454,2017-06-26,3.460165530426004,3.4562967934498463,0.0038687369761576385,6
455,2017-06-27,5.026426969967206,3.4524280564736887,1.5739989134935173,6
456,2017-06-28,12.373549459073237,3.448559319497531,8.924990139575705,6
457,2017-06-29,9.759712626200786,3.4446905825213734,6.315022043679413,6
458,2017-06-30,11.600242695595583,3.4408218455452158,8.159420850050367,6
459,2017-07-01,5.009105700732713,3.436953108569058,1.5721525921636545,7
460,2017-07-02,3.919546776419479,3.4330843715929005,0.48646240482657843,7
461,2017-07-03,24.041582324067367,3.429215634616743,20.612366689450624,7
462,2017-07-04,9.526998135644494,3.425346897640585,6.1016512380039085,7
463,2017-07-05,6.710009010897239,3.4214781606644276,3.2885308502328114,7
464,2017-07-06,5.9965987975484225,3.41760942368827,2.5789893738601526,7
465,2017-07-07,11.732184072655254,3.4137406867121123,8.318443385943143,7
466,2017-07-08,7.504655723245495,3.409871949735954,4.0947837735095405,7
467,2017-07-09,5.887481157962381,3.4060032127597966,2.4814779452025846,7
468,2017-07-10,5.151464007418218,3.402134475783639,1.749329531634579,7
469,2017-07-11,4.729251537522669,3.3982657388074813,1.3309857987151874,7
470,2017-07-12,5.213758905631919,3.3943970018313236,1.8193619038005955,7
471,2017-07-13,4.056131941765737,3.390528264855166,0.6656036769105711,7
472,2017-07-14,8.39085988161747,3.3866595278790084,5.004200353738462,7
473,2017-07-15,10.993610337573536,3.3827907909028507,7.610819546670685,7
474,2017-07-16,5.708981640851201,3.378922053926693,2.330059586924508,7
475,2017-07-17,4.3521715092968565,3.3750533169505355,0.977118192346321,7
476,2017-07-18,4.586933363429701,3.371184579974378,1.215748783455323,7
477,2017-07-19,5.484420422184369,3.36731584299822,2.117104579186149,7
478,2017-07-20,4.139305614497657,3.3634471060220625,0.7758585084755949,7
479,2017-07-21,3.3634471060220625,3.2973713435926557,0.06607576242940683,7
480,2017-07-22,3.378665917043224,3.2312955811632493,0.1473703358799745,7
481,2017-07-23,3.267359279546096,3.1652198187338425,0.10213946081225345,7
482,2017-07-24,3.6170905855864177,3.099144056304436,0.5179465292819816,7
483,2017-07-25,3.8017769776285717,3.0330682938750293,0.7687086837535424,7
484,2017-07-26,3.0330682938750293,3.0970704535369324,0.0,7
485,2017-07-27,7.703899902209699,3.161072613198836,4.542827289010862,7
486,2017-07-28,4.3413985446981,3.225074772860739,1.1163237718373606,7
487,2017-07-29,4.87434038446236,3.2890769325226428,1.585263451939717,7
488,2017-07-30,5.096792802889668,3.353079092184546,1.7437137107051224,7
489,2017-07-31,6.900692274856134,3.417081251846449,3.4836110230096846,7
490,2017-08-01,4.425197874673538,3.4810834115083527,0.9441144631651852,8
491,2017-08-02,7.984142760433666,3.545085571170256,4.43905718926341,8
492,2017-08-03,7.204700801367776,3.6090877308321594,3.595613070535616,8
493,2017-08-04,4.474982563142744,3.6730898904940625,0.8018926726486812,8
494,2017-08-05,11.687583585893679,3.737092050155966,7.950491535737712,8
495,2017-08-06,14.266747869989928,3.8010942098178693,10.465653660172059,8
496,2017-08-07,5.828470141293318,3.8650963694797724,1.9633737718135453,8
497,2017-08-08,4.257253039526278,3.929098529141676,0.32815451038460175,8
498,2017-08-09,3.993100688803579,3.993100688803579,0.0,8
499,2017-08-10,4.173785278551056,3.9622736210435106,0.21151165750754508,8
500,2017-08-11,9.670784745832956,3.9314465532834415,5.739338192549514,8
501,2017-08-12,5.469166963104168,3.900619485523373,1.5685474775807955,8
502,2017-08-13,5.146801112987905,3.8697924177633043,1.277008695224601,8
503,2017-08-14,17.264693810770527,3.8389653500032352,13.425728460767292,8
504,2017-08-15,11.807629795448324,3.8081382822431666,7.999491513205157,8
505,2017-08-16,20.682254427061117,3.777311214483098,16.90494321257802,8
506,2017-08-17,8.284229553803062,3.746484146723029,4.537745407080033,8
507,2017-08-18,5.355206040504627,3.7156570789629604,1.6395489615416667,8
508,2017-08-19,5.187177868017311,3.6848300112028918,1.5023478568144188,8
509,2017-08-20,57.11992720851818,3.6540029434428227,53.46592426507536,8
510,2017-08-21,10.21478750403126,3.623175875682754,6.591611628348506,8
511,2017-08-22,6.47116541846938,3.592348807922685,2.878816610546695,8
512,2017-08-23,5.305394414355178,3.5615217401626165,1.7438726741925619,8
513,2017-08-24,4.558733095972446,3.530694672402548,1.0280384235698983,8
514,2017-08-25,4.226748324664864,3.499867604642479,0.7268807200223848,8
515,2017-08-26,3.94676538413034,3.46904053688241,0.47772484724792985,8
516,2017-08-27,4.575547735252254,3.4382134691223416,1.1373342661299124,8
517,2017-08-28,3.806808282296914,3.4073864013622726,0.3994218809346415,8
518,2017-08-29,3.6276346404509967,3.376559333602204,0.25107530684879276,8
519,2017-08-30,3.376559333602204,3.4310559870366526,0.0,8
520,2017-08-31,4.3511074383812,3.4855526404711012,0.8655547979100984,8
521,2017-09-01,4.256283131683168,3.54004929390555,0.7162338377776183,9
522,2017-09-02,6.771549440449732,3.5945459473399985,3.1770034931097335,9
523,2017-09-03,6.420566108451347,3.6490426007744468,2.7715235076769,9
524,2017-09-04,7.848165555056959,3.703539254208896,4.1446263008480635,9
525,2017-09-05,5.198359365809746,3.758035907643344,1.440323458166402,9
526,2017-09-06,4.556831279466167,3.8125325610777927,0.7442987183883747,9
527,2017-09-07,4.172895348196517,3.8670292145122414,0.30586613368427606,9
528,2017-09-08,3.9746542921769548,3.92152586794669,0.05312842423026476,9
529,2017-09-09,3.92152586794669,3.870693059518481,0.05083280842820903,9
530,2017-09-10,4.186515994560722,3.8198602510902724,0.3666557434704494,9
531,2017-09-11,4.183982116015311,3.7690274426620634,0.4149546733532472,9
532,2017-09-12,3.8926566254136707,3.7181946342338548,0.17446199117981598,9
533,2017-09-13,3.6673618258056457,3.6673618258056457,0.0,9
534,2017-09-14,3.77796235843185,3.753122136396128,0.024840222035722004,9
535,2017-09-15,3.702310139831915,3.83888244698661,0.0,9
536,2017-09-16,4.317903524950335,3.924642757577092,0.3932607673732429,9
537,2017-09-17,4.9287179931171305,4.010403068167574,0.9183149249495566,9
538,2017-09-18,6.364100743907161,4.096163378758057,2.2679373651491046,9
539,2017-09-19,10.814176219824176,4.1819236893485385,6.632252530475638,9
540,2017-09-20,6.110819058643753,4.26768399993902,1.8431350587047328,9
541,2017-09-21,4.524964931710467,4.353444310529502,0.17152062118096456,9
542,2017-09-22,4.830046619031683,4.439204621119985,0.39084199791169816,9
543,2017-09-23,25.51870292746524,4.524964931710467,20.993737995754774,9
544,2017-09-24,15.389347779548217,4.473651925153616,10.9156958543946,9
545,2017-09-25,9.43216290352734,4.422338918596765,5.009823984930575,9
546,2017-09-26,6.288097947657115,4.371025912039914,1.9170720356172009,9
547,2017-09-27,5.183984230601289,4.319712905483064,0.8642713251182252,9
548,2017-09-28,4.744868364480558,4.268399898926212,0.47646846555434585,9
549,2017-09-29,4.505493236685323,4.217086892369362,0.2884063443159617,9
550,2017-09-30,4.332217646222604,4.165773885812511,0.16644376041009323,9
551,2017-10-01,4.0118348661419585,4.1144608792556605,0.0,10
552,2017-10-02,4.896919549183899,4.063147872698809,0.8337716764850898,10
553,2017-10-03,5.286915347878111,4.0118348661419585,1.2750804817361523,10
554,2017-10-04,4.433922484962288,4.0409577831300405,0.3929647018322475,10
555,2017-10-05,3.978695856348574,4.070080700118123,0.0,10
556,2017-10-06,6.693811895722076,4.099203617106205,2.594608278615871,10
557,2017-10-07,6.806946489199143,4.128326534094288,2.678619955104855,10
558,2017-10-08,5.079175020561552,4.15744945108237,0.9217255694791815,10
559,2017-10-09,10.331492894637986,4.186572368070453,6.144920526567533,10
560,2017-10-10,7.0705928693007385,4.215695285058535,2.8548975842422033,10
561,2017-10-11,9.228358791755454,4.244818202046618,4.983540589708836,10
562,2017-10-12,80.14962990475394,4.2739411190347,75.87568878571923,10
563,2017-10-13,33.14045947924303,4.303064036022783,28.837395443220245,10
564,2017-10-14,10.768494152259384,4.332186953010865,6.436307199248519,10
565,2017-10-15,7.563981580937423,4.361309869998948,3.202671710938475,10
566,2017-10-16,31.810978389442813,4.39043278698703,27.420545602455782,10
567,2017-10-17,11.936129543161133,4.419555703975113,7.51657383918602,10
568,2017-10-18,23.306809733335363,4.448678620963195,18.85813111237217,10
569,2017-10-19,22.982677417534553,4.477801537951278,18.504875879583274,10
570,2017-10-20,14.955399918830002,4.50692445493936,10.448475463890642,10
571,2017-10-21,19.770506045209704,4.536047371927443,15.234458673282262,10
572,2017-10-22,14.070556397750691,4.565170288915525,9.505386108835166,10
573,2017-10-23,12.660146222052141,4.5942932059036075,8.065853016148534,10
574,2017-10-24,9.193028040487889,4.6234161228916895,4.569611917596199,10
575,2017-10-25,6.317288886181532,4.652539039879772,1.6647498463017598,10
576,2017-10-26,5.864451137449939,4.681661956867854,1.182789180582085,10
577,2017-10-27,5.445056745431153,4.710784873855937,0.7342718715752161,10
578,2017-10-28,4.739907790844019,4.739907790844019,0.0,10
579,2017-10-29,39.88556484047054,4.732824482804853,35.15274035766569,10
580,2017-10-30,35.149461928760715,4.7257411747656874,30.423720753995028,10
581,2017-10-31,16.62649776410053,4.718657866726521,11.90783989737401,10
582,2017-11-01,10.163900772518687,4.711574558687356,5.4523262138313315,11
583,2017-11-02,7.738895399816089,4.704491250648189,3.0344041491678997,11
584,2017-11-03,6.514849040216568,4.697407942609023,1.8174410976075448,11
585,2017-11-04,5.918306174698658,4.6903246345698575,1.2279815401288001,11
586,2017-11-05,5.505737042425642,4.683241326530691,0.8224957158949513,11
587,2017-11-06,6.809245393658212,4.676158018491526,2.133087375166686,11
588,2017-11-07,6.150077780530268,4.669074710452359,1.481003070077909,11
589,2017-11-08,5.382650271567916,4.661991402413193,0.7206588691547227,11
590,2017-11-09,5.080997081239454,4.6549080943740275,0.42608898686542673,11
591,2017-11-10,4.633658170256529,4.647824786334861,0.0,11
592,2017-11-11,5.543757851602858,4.640741478295696,0.9030163733071621,11
593,2017-11-12,6.4376912464028315,4.633658170256529,1.8040330761463022,11
594,2017-11-13,5.166387768267273,4.834798151286804,0.3315896169804695,11
595,2017-11-14,5.824771685462153,5.035938132317078,0.788833553145075,11
596,2017-11-15,5.465849279838949,5.237078113347352,0.22877116649159657,11
597,2017-11-16,5.380999604045066,5.438218094377627,0.0,11
598,2017-11-17,5.415677584586871,5.639358075407901,0.0,11
599,2017-11-18,5.4388115268879105,5.840498056438175,0.0,11
600,2017-11-19,7.4299873258085825,6.0416380374684495,1.388349288340133,11
601,2017-11-20,5.9801679702401715,6.242778018498724,0.0,11
602,2017-11-21,7.240108505511715,6.443917999528998,0.7961905059827172,11
603,2017-11-22,7.341536246102118,6.645057980559272,0.6964782655428454,11
604,2017-11-23,30.252823950387604,6.846197961589548,23.406625988798055,11
605,2017-11-24,45.702816242418436,7.047337942619821,38.65547829979862,11
606,2017-11-25,23.52159592478334,7.248477923650096,16.273118001133245,11
607,2017-11-26,20.814362704856475,7.44961790468037,13.364744800176105,11
608,2017-11-27,9.834639116484057,7.650757885710645,2.1838812307734123,11
609,2017-11-28,8.819298903712227,7.851897866740918,0.9674010369713084,11
610,2017-11-29,38.525413373583234,8.053037847771193,30.47237552581204,11
611,2017-11-30,12.54364968774256,8.254177828801467,4.289471858941093,11
612,2017-12-01,12.67657617158106,8.455317809831742,4.221258361749317,12
613,2017-12-02,14.003171221114249,8.656457790862017,5.3467134302522314,12
614,2017-12-03,13.991605721866238,8.85759777189229,5.134007949973947,12
615,2017-12-04,12.208667572778173,9.058737752922564,3.1499298198556094,12
616,2017-12-05,10.141214794476396,9.25987773395284,0.8813370605235562,12
617,2017-12-06,9.662157696013388,9.461017714983115,0.20113998103027342,12
618,2017-12-07,21.864225875378906,9.662157696013388,12.202068179365519,12
619,2017-12-08,14.87359783249795,9.551683888316122,5.321913944181828,12
620,2017-12-09,12.630452808201365,9.441210080618855,3.18924272758251,12
621,2017-12-10,23.21807361590884,9.330736272921587,13.887337342987252,12
622,2017-12-11,15.270968601628995,9.220262465224321,6.050706136404674,12
623,2017-12-12,11.485346212588189,9.109788657527055,2.3755575550611336,12
624,2017-12-13,11.033084947760363,8.999314849829789,2.0337700979305744,12
625,2017-12-14,17.958238688104625,8.888841042132523,9.069397645972103,12
626,2017-12-15,9.996349455440228,8.778367234435255,1.2179822210049736,12
627,2017-12-16,12.501383931558733,8.667893426737988,3.8334905048207446,12
628,2017-12-17,14.478019447241484,8.557419619040722,5.920599828200762,12
629,2017-12-18,23.999744392435378,8.446945811343456,15.552798581091922,12
630,2017-12-19,15.544580657509467,8.33647200364619,7.2081086538632775,12
631,2017-12-20,14.69291010003238,8.225998195948922,6.466911904083458,12
632,2017-12-21,11.060841217601453,8.115524388251655,2.9453168293497978,12
633,2017-12-22,10.177447268293609,8.00505058055439,2.1723966877392193,12
634,2017-12-23,8.00505058055439,7.862052214111838,0.14299836644255137,12
635,2017-12-24,7.97578735118592,7.7190538476692865,0.2567335035166334,12
636,2017-12-25,7.783302519519441,7.576055481226736,0.20724703829270474,12
637,2017-12-26,7.290058748341633,7.433057114784185,0.0,12
638,2017-12-27,8.173738061530916,7.290058748341633,0.8836793131892824,12
639,2017-12-28,9.061466140491925,7.1925892031262935,1.8688769373656315,12
640,2017-12-29,17.83650128775965,7.095119657910954,10.741381629848696,12
641,2017-12-30,24.099880892116165,6.997650112695614,17.10223077942055,12
642,2017-12-31,16.28799858117673,6.900180567480274,9.387818013696457,12
643,2018-01-01,8.596486899450273,6.802711022264933,1.7937758771853396,1
644,2018-01-02,7.061753619961184,6.705241477049594,0.3565121429115905,1
645,2018-01-03,6.583351883136784,6.607771931834254,0.0,1
646,2018-01-04,6.315363296188234,6.510302386618914,0.0,1
647,2018-01-05,25.677049247737422,6.412832841403574,19.264216406333848,1
648,2018-01-06,87.40846244139422,6.315363296188234,81.09309914520598,1
649,2018-01-07,20.692153492438962,6.437055024534728,14.255098467904233,1
650,2018-01-08,14.97169494548365,6.558746752881222,8.412948192602428,1
651,2018-01-09,16.243359958269377,6.680438481227716,9.56292147704166,1
652,2018-01-10,36.28680791056805,6.80213020957421,29.484677700993842,1
653,2018-01-11,17.50784608403997,6.923821937920704,10.584024146119265,1
654,2018-01-12,13.830535509713926,7.0455136662671976,6.785021843446728,1
655,2018-01-13,12.71769019250206,7.167205394613692,5.550484797888368,1
656,2018-01-14,11.60464580932968,7.2888971229601855,4.315748686369495,1
657,2018-01-15,10.94960048733387,7.41058885130668,3.5390116360271895,1
658,2018-01-16,10.713990186118046,7.5322805796531735,3.1817096064648727,1
659,2018-01-17,7.5322805796531735,7.467714770099911,0.06456580955326263,1
660,2018-01-18,7.351408865645016,7.403148960546648,0.0,1
661,2018-01-19,7.209451531886861,7.3385831509933865,0.0,1
662,2018-01-20,7.636416158198159,7.274017341440124,0.3623988167580352,1
663,2018-01-21,16.05526976986219,7.209451531886861,8.845818237975328,1
664,2018-01-22,47.49329908179647,7.331489851913627,40.16180922988285,1
665,2018-01-23,16.16558502233307,7.453528171940393,8.712056850392676,1
666,2018-01-24,15.377014794335457,7.575566491967159,7.801448302368298,1
667,2018-01-25,12.436715781027978,7.6976048119939255,4.739110969034052,1
668,2018-01-26,13.654499546618817,7.819643132020691,5.834856414598126,1
669,2018-01-27,15.288120617024145,7.941681452047457,7.346439164976688,1
670,2018-01-28,16.72471089359906,8.063719772074222,8.660991121524837,1
671,2018-01-29,16.569372986188014,8.18575809210099,8.383614894087025,1
672,2018-01-30,15.611031643039455,8.307796412127756,7.3032352309116995,1
673,2018-01-31,12.474595525069185,8.429834732154522,4.044760792914664,1
674,2018-02-01,11.486596288924252,8.551873052181287,2.9347232367429648,2
675,2018-02-02,10.920542733703785,8.673911372208053,2.246631361495732,2
676,2018-02-03,11.865946260547293,8.795949692234819,3.069996568312474,2
677,2018-02-04,9.38897408343276,8.917988012261585,0.4709860711711755,2
678,2018-02-05,9.04002633228835,9.04002633228835,0.0,2
679,2018-02-06,49.29313484755934,9.04457138878325,40.24856345877609,2
680,2018-02-07,168.81730464703054,9.049116445278148,159.7681882017524,2
681,2018-02-08,114.53768033606507,9.053661501773048,105.48401883429202,2
682,2018-02-09,103.21352127783409,9.058206558267948,94.15531471956615,2
683,2018-02-10,32.567267842709285,9.062751614762846,23.50451622794644,2
684,2018-02-11,21.012835006264783,9.067296671257745,11.945538335007038,2
685,2018-02-12,16.06673622090846,9.071841727752645,6.994894493155815,2
686,2018-02-13,13.58563133419153,9.076386784247543,4.509244549943988,2
687,2018-02-14,13.287912053017022,9.080931840742442,4.20698021227458,2
688,2018-02-15,11.746513320149713,9.085476897237342,2.661036422912371,2
689,2018-02-16,10.339023520346759,9.09002195373224,1.2490015666145187,2
690,2018-02-17,11.013727079010733,9.09456701022714,1.9191600687835937,2
691,2018-02-18,10.399966790328897,9.09911206672204,1.3008547236068573,2
692,2018-02-19,10.285844285080348,9.103657123216937,1.1821871618634106,2
693,2018-02-20,10.712278926771818,9.108202179711837,1.604076747059981,2
694,2018-02-21,9.108202179711837,8.966003385917725,0.14219879379411182,2
695,2018-02-22,9.00406861458686,8.823804592123615,0.1802640224632448,2
696,2018-02-23,80.56199907928882,8.681605798329503,71.88039328095932,2
697,2018-02-24,14.793830730848168,8.539407004535391,6.254423726312776,2
698,2018-02-25,9.24520085712425,8.397208210741281,0.8479926463829681,2
699,2018-02-26,8.663626885912006,8.25500941694717,0.4086174689648363,2
700,2018-02-27,8.74044839897991,8.112810623153058,0.6276377758268517,2
701,2018-02-28,11.088982013399573,7.970611829358948,3.118370184040625,2
702,2018-03-01,10.212383020079088,7.828413035564836,2.383969984514252,3
703,2018-03-02,7.686214241770725,7.686214241770725,0.0,3
704,2018-03-03,8.197736920729794,7.513110799689119,0.684626121040675,3
705,2018-03-04,7.626388447508814,7.3400073576075116,0.28638108990130284,3
706,2018-03-05,9.468664419460573,7.166903915525905,2.301760503934668,3
707,2018-03-06,7.956020572601529,6.993800473444298,0.9622200991572312,3
708,2018-03-07,13.12346342111693,6.820697031362692,6.302766389754239,3
709,2018-03-08,8.239891837103228,6.647593589281085,1.5922982478221428,3
710,2018-03-09,7.359439270701491,6.474490147199479,0.8849491235020119,3
711,2018-03-10,6.95420531102591,6.3013867051178725,0.6528186059080374,3
712,2018-03-11,6.224349820396067,6.128283263036265,0.09606655735980141,3
713,2018-03-12,6.296196442379439,5.955179820954659,0.34101662142477984,3
714,2018-03-13,5.955179820954659,5.896284018620739,0.05889580233391989,3
715,2018-03-14,5.52730084557983,5.8373882162868185,0.0,3
716,2018-03-15,6.2275501269063795,5.778492413952899,0.44905771295348096,3
717,2018-03-16,5.660700809285058,5.719596611618978,0.0,3
718,2018-03-17,15.23756367719409,5.660700809285058,9.576862867909032,3
719,2018-03-18,12.919392613405789,5.755035590227028,7.164357023178761,3
720,2018-03-19,22.542926960587597,5.849370371168997,16.6935565894186,3
721,2018-03-20,25.664198603158756,5.943705152110966,19.72049345104779,3
722,2018-03-21,11.11978583915445,6.038039933052936,5.0817459061015136,3
723,2018-03-22,8.361340133676705,6.132374713994905,2.2289654196818,3
724,2018-03-23,6.820465487884162,6.226709494936875,0.5937559929472869,3
725,2018-03-24,7.945832295129275,6.321044275878845,1.6247880192504303,3
726,2018-03-25,8.515469722903756,6.4153790568208136,2.1000906660829424,3
727,2018-03-26,6.655596177875333,6.509713837762783,0.14588234011254997,3
728,2018-03-27,6.604048618704753,6.604048618704753,0.0,3
729,2018-03-28,9.609281090097019,6.582286023254207,3.0269950668428116,3
730,2018-03-29,7.226424926337393,6.560523427803663,0.6659014985337306,3
731,2018-03-30,6.495235641452027,6.538760832353117,0.0,3
732,2018-03-31,6.786161493563832,6.516998236902572,0.26916325666126006,3
733,2018-04-01,6.534533478252041,6.495235641452027,0.03929783680001453,4
734,2018-04-02,6.780704357503368,6.359752578197179,0.420951779306189,4
735,2018-04-03,17.250239861637745,6.224269514942333,11.025970346695413,4
736,2018-04-04,16.11998813544118,6.0887864516874854,10.031201683753693,4
737,2018-04-05,11.817952232466073,5.953303388432639,5.864648844033434,4
738,2018-04-06,7.874655824050202,5.817820325177792,2.0568354988724105,4
739,2018-04-07,14.977650552297439,5.682337261922945,9.295313290374494,4
740,2018-04-08,34.29780498457378,5.546854198668098,28.750950785905683,4
741,2018-04-09,23.671319941061725,5.411371135413251,18.259948805648474,4
742,2018-04-10,15.257517200870211,5.275888072158404,9.981629128711807,4
743,2018-04-11,10.27409503255446,5.140405008903557,5.133690023650902,4
744,2018-04-12,8.960045630622194,5.00492194564871,3.9551236849734837,4
745,2018-04-13,7.720061164333308,4.8694388823938635,2.8506222819394447,4
746,2018-04-14,44.02403162161526,4.733955819139016,39.29007580247624,4
747,2018-04-15,26.983942247465638,4.598472755884169,22.385469491581468,4
748,2018-04-16,60.754502657197825,4.462989692629322,56.291512964568504,4
749,2018-04-17,59.37402295243478,4.327506629374476,55.0465163230603,4
750,2018-04-18,19.59666303884081,4.192023566119628,15.40463947272118,4
751,2018-04-19,11.630748912830532,4.056540502864781,7.574208409965751,4
752,2018-04-20,8.30189140876361,3.9210574396099345,4.380833969153676,4
753,2018-04-21,6.207339436161533,3.7855743763550875,2.4217650598064453,4
754,2018-04-22,4.9584933039827686,3.6500913131002406,1.308401990882528,4
755,2018-04-23,4.39297250946136,3.5146082498453937,0.878364259615966,4
756,2018-04-24,3.7805061302661946,3.3791251865905467,0.4013809436756479,4
757,2018-04-25,3.706898123236969,3.2436421233356993,0.46325599990126953,4
758,2018-04-26,3.098425517989202,3.1081590600808524,0.0,4
759,2018-04-27,5.5087165975153205,2.9726759968260055,2.536040600689315,4
760,2018-04-28,4.232200422858314,2.8371929335711585,1.3950074892871558,4
761,2018-04-29,2.8625858235335477,2.7017098703163116,0.16087595321723613,4
762,2018-04-30,2.568890858444438,2.5662268070614647,0.0026640513829732093,4
763,2018-05-01,2.4307437438066177,2.4307437438066177,0.0,5
764,2018-05-02,3.570461053186333,2.445823024083164,1.1246380291031688,5
765,2018-05-03,2.4622378446167255,2.4609023043597107,0.0013355402570147668,5
766,2018-05-04,3.554061249178631,2.475981584636257,1.0780796645423738,5
767,2018-05-05,14.528452384659019,2.491060864912803,12.037391519746215,5
768,2018-05-06,23.25438761207571,2.5061401451893497,20.74824746688636,5
769,2018-05-07,7.6308462015079055,2.521219425465896,5.10962677604201,5
770,2018-05-08,5.376813249127271,2.5362987057424426,2.8405145433848284,5
771,2018-05-09,36.068476459833725,2.551377986018989,33.517098473814734,5
772,2018-05-10,15.31661208138133,2.5664572662955356,12.750154815085793,5
773,2018-05-11,6.368363068863883,2.581536546572082,3.786826522291801,5
774,2018-05-12,4.62581821687475,2.5966158268486286,2.0292023900261213,5
775,2018-05-13,3.730117333643409,2.6116951071251746,1.1184222265182342,5
776,2018-05-14,3.2860990844086224,2.626774387401721,0.6593246970069013,5
777,2018-05-15,3.0554708829245203,2.6418536676782676,0.4136172152462527,5
778,2018-05-16,3.067160287934082,2.656932947954814,0.41022733997926775,5
779,2018-05-17,2.656932947954814,2.625539495648132,0.03139345230668189,5
780,2018-05-18,2.705005675232446,2.59414604334145,0.11085963189099601,5
781,2018-05-19,2.5511491463034495,2.562752591034768,0.0,5
782,2018-05-20,2.4999656864214037,2.5313591387280856,0.0,5
783,2018-05-21,2.6161300947958614,2.4999656864214037,0.11616440837445774,5
784,2018-05-22,2.75278992678485,2.5405711926894985,0.21221873409535164,5
785,2018-05-23,2.8185832495391407,2.5811766989575933,0.23740655058154747,5
786,2018-05-24,2.7029932177618776,2.621782205225688,0.08121101253618956,5
787,2018-05-25,2.775744356491596,2.662387711493783,0.11335664499781295,5
788,2018-05-26,6.063225325833031,2.7029932177618776,3.3602321080711532,5
789,2018-05-27,3.1723081895134038,2.6379926048663,0.5343155846471039,5
790,2018-05-28,3.0698055289347788,2.572991991970722,0.4968135369640567,5
791,2018-05-29,8.132520676379313,2.507991379075144,5.62452929730417,5
792,2018-05-30,6.242773805668914,2.442990766179566,3.7997830394893484,5
793,2018-05-31,4.2984919242349,2.377990153283988,1.9205017709509113,5
794,2018-06-01,3.7154594243660926,2.3129895403884104,1.4024698839776821,6
795,2018-06-02,2.9403840643638226,2.247988927492832,0.6923951368709904,6
796,2018-06-03,2.6444533529746495,2.1829883145972544,0.46146503837739505,6
797,2018-06-04,2.376865453080174,2.1179877017016766,0.2588777513784972,6
798,2018-06-05,2.297121554945882,2.052987088806099,0.24413446613978307,6
799,2018-06-06,2.536670716232032,1.9879864759105208,0.5486842403215111,6
800,2018-06-07,2.161668984194138,1.922985863014943,0.23868312117919488,6
801,2018-06-08,2.2433881742457,1.857985250119365,0.38540292412633503,6
802,2018-06-09,1.9578355413513413,1.7929846372237872,0.1648509041275541,6
803,2018-06-10,1.7175465754558246,1.7279840243282094,0.0,6
804,2018-06-11,1.6603965223457824,1.6629834114326314,0.0,6
805,2018-06-12,1.5845551406206553,1.5979827985370536,0.0,6
806,2018-06-13,1.6388018400972224,1.5329821856414756,0.10581965445574681,6
807,2018-06-14,1.4029809598503198,1.4679815727458978,0.0,6
808,2018-06-15,1.5211286488261149,1.4029809598503198,0.11814768897579508,6
809,2018-06-16,2.1561572661551898,1.4078018378524773,0.7483554283027125,6
810,2018-06-17,2.4699752640273265,1.412622715854635,1.0573525481726915,6
811,2018-06-18,2.015453801168609,1.4174435938567926,0.5980102073118165,6
812,2018-06-19,1.9201454164651084,1.42226447185895,0.4978809446061583,6
813,2018-06-20,1.8113845848432906,1.4270853498611076,0.384299234982183,6
814,2018-06-21,1.5605035103180511,1.4319062278632653,0.12859728245478586,6
815,2018-06-22,3.598117110191744,1.436727105865423,2.161390004326321,6
816,2018-06-23,2.1249839553420884,1.4415479838675804,0.683435971474508,6
817,2018-06-24,2.0098020354086743,1.446368861869738,0.5634331735389364,6
818,2018-06-25,1.6401601708132694,1.4511897398718956,0.18897043094137378,6
819,2018-06-26,1.4511897398718956,1.4668004302376376,0.0,6
820,2018-06-27,1.1723256411959508,1.4824111206033797,0.0,6
821,2018-06-28,2.997668091558682,1.498021810969122,1.49964628058956,6
822,2018-06-29,2.9017368137404262,1.513632501334864,1.3881043124055623,6
823,2018-06-30,1.5579476335903502,1.529243191700606,0.028704441889744192,6
824,2018-07-01,1.529243191700606,1.5158376824093618,0.013405509291244178,7
825,2018-07-02,1.44980983303656,1.5024321731181174,0.0,7
826,2018-07-03,1.901843098610526,1.4890266638268732,0.4128164347836527,7
827,2018-07-04,2.336335927290974,1.4756211545356288,0.860714772755345,7
828,2018-07-05,31.555093903069604,1.4622156452443846,30.09287825782522,7
829,2018-07-06,14.809123855416892,1.4488101359531402,13.360313719463752,7
830,2018-07-07,8.458254121622337,1.435404626661896,7.022849494960441,7
831,2018-07-08,5.388704962171708,1.4219991173706517,3.966705844801057,7
832,2018-07-09,4.056281782929064,1.4085936080794075,2.6476881748496566,7
833,2018-07-10,3.1144202847119056,1.395188098788163,1.7192321859237425,7
834,2018-07-11,2.906312871319337,1.381782589496919,1.524530281822418,7
835,2018-07-12,3.639886551613066,1.3683770802056745,2.2715094714073913,7
836,2018-07-13,2.797118411056718,1.3549715709144303,1.442146840142288,7
837,2018-07-14,2.530051555113012,1.341566061623186,1.188485493489826,7
838,2018-07-15,2.8516979969856826,1.3281605523319417,1.5235374446537409,7
839,2018-07-16,3.06990356706986,1.3147550430406973,1.7551485240291627,7
840,2018-07-17,2.493604293090183,1.3013495337494532,1.19225475934073,7
841,2018-07-18,2.0993019338800325,1.2879440244582088,0.8113579094218237,7
842,2018-07-19,2.203719266046669,1.2745385151669646,0.9291807508797045,7
843,2018-07-20,3.003017864200548,1.2611330058757204,1.7418848583248274,7
844,2018-07-21,2.077759032692628,1.247727496584476,0.8300315361081521,7
845,2018-07-22,7.019316160468607,1.2343219872932316,5.784994173175376,7
846,2018-07-23,3.1279605910502015,1.2209164780019874,1.907044113048214,7
847,2018-07-24,2.212537015506221,1.2075109687107433,1.0050260467954777,7
848,2018-07-25,1.6344167962647809,1.1941054594194989,0.440311336845282,7
849,2018-07-26,1.1941054594194989,1.1443999154545912,0.04970554396490767,7
850,2018-07-27,1.8609435299124848,1.0946943714896833,0.7662491584228015,7
851,2018-07-28,1.4700025060158979,1.0449888275247756,0.42501367849112226,7
852,2018-07-29,1.389891010393315,0.9952832835598677,0.39460772683344736,7
853,2018-07-30,1.4557933696485728,0.9455777395949599,0.5102156300536128,7
854,2018-07-31,1.3719627393093514,0.8958721956300522,0.47609054367929926,7
855,2018-08-01,1.3600390679663843,0.8461666516651445,0.5138724163012398,8
856,2018-08-02,1.2293870564309726,0.7964611077002366,0.432925948730736,8
857,2018-08-03,1.3874968147867284,0.7467555637353289,0.6407412510513995,8
858,2018-08-04,0.8365808692471376,0.697050019770421,0.13953084947671657,8
859,2018-08-05,0.7617396120687978,0.6473444758055134,0.11439513626328446,8
860,2018-08-06,0.7145689513977171,0.5976389318406056,0.11693001955711158,8
861,2018-08-07,0.6392787044502384,0.5479333878756978,0.09134531657454059,8
862,2018-08-08,0.4485222999458822,0.49822784391079,0.0,8
863,2018-08-09,0.6030515220698812,0.4485222999458822,0.154529222123999,8
864,2018-08-10,0.7291126101937802,0.46963620289281616,0.259476407300964,8
865,2018-08-11,0.7271391530473059,0.49075010583975015,0.23638904720755577,8
866,2018-08-12,1.5953429894597209,0.5118640087866841,1.0834789806730367,8
867,2018-08-13,3.446011719427499,0.5329779117336181,2.9130338076938807,8
868,2018-08-14,3.044466148338211,0.554091814680552,2.490374333657659,8
869,2018-08-15,3.8390694821620923,0.575205717627486,3.2638637645346065,8
870,2018-08-16,13.530145279385547,0.5963196205744199,12.933825658811127,8
871,2018-08-17,11.22976622352724,0.6174335235213539,10.612332700005886,8
872,2018-08-18,27.116459007236042,0.6385474264682879,26.477911580767753,8
873,2018-08-19,7.7684496516037775,0.6596613294152218,7.1087883221885555,8
874,2018-08-20,3.924675672371778,0.6807752323621558,3.243900440009622,8
875,2018-08-21,2.7420246546052103,0.7018891353090897,2.0401355192961206,8
876,2018-08-22,2.359439936970419,0.7230030382560237,1.6364368987143953,8
877,2018-08-23,1.9288582793373361,0.7441169412029576,1.1847413381343785,8
878,2018-08-24,1.4817530055805925,0.7652308441498916,0.7165221614307009,8
879,2018-08-25,1.1098701167255354,0.7863447470968256,0.3235253696287098,8
880,2018-08-26,0.8665532367714338,0.8074586500437595,0.059094586727674314,8
881,2018-08-27,1.8161586527298648,0.8285725529906935,0.9875860997391712,8
882,2018-08-28,1.079210200590987,0.8496864559376274,0.22952374465335956,8
883,2018-08-29,0.8708003588845614,0.8708003588845614,0.0,8
884,2018-08-30,1.2412978590092696,0.8871700511450318,0.3541278078642378,8
885,2018-08-31,0.9837887864937913,0.9035397434055021,0.08024904308828917,8
886,2018-09-01,1.6685976312127109,0.9199094356659725,0.7486881955467384,9
887,2018-09-02,0.9526488201869132,0.9362791279264429,0.01636969226047036,9
888,2018-09-03,3.716417874366609,0.9526488201869132,2.763769054179696,9
889,2018-09-04,2.5347895344341884,0.9599792447336332,1.5748102897005554,9
890,2018-09-05,1.9510364847935986,0.9673096692803531,0.9837268155132455,9
891,2018-09-06,1.6295038154570853,0.9746400938270731,0.6548637216300123,9
892,2018-09-07,1.4455249025972785,0.981970518373793,0.4635543842234855,9
893,2018-09-08,1.2266374559703814,0.989300942920513,0.23733651304986847,9
894,2018-09-09,0.989300942920513,0.996739725626374,0.0,9
895,2018-09-10,1.1938745881974586,1.0041785083322352,0.1896960798652234,9
896,2018-09-11,1.154123948964828,1.0116172910380963,0.14250665792673178,9
897,2018-09-12,1.4849627775965661,1.0190560737439573,0.4659067038526088,9
898,2018-09-13,25.237804939782592,1.0264948564498184,24.211310083332773,9
899,2018-09-14,5.444281191825736,1.0339336391556795,4.410347552670056,9
900,2018-09-15,3.724897800271315,1.0413724218615406,2.683525378409774,9
901,2018-09-16,2.8570209215869906,1.0488112045674016,1.808209717019589,9
902,2018-09-17,2.7882584780336583,1.0562499872732627,1.7320084907603956,9
903,2018-09-18,4.906192188994508,1.0636887699791238,3.842503419015384,9
904,2018-09-19,14.954211884506066,1.0711275526849848,13.883084331821081,9
905,2018-09-20,8.51597455817555,1.078566335390846,7.437408222784704,9
906,2018-09-21,4.695670639850705,1.086005118096707,3.609665521753998,9
907,2018-09-22,3.3936259334989374,1.093443900802568,2.3001820326963696,9
908,2018-09-23,2.8564508717285886,1.100882683508429,1.7555681882201595,9
909,2018-09-24,2.5688164323947555,1.1083214662142902,1.4604949661804654,9
910,2018-09-25,1.9280954209952061,1.1157602489201512,0.8123351720750549,9
911,2018-09-26,1.8464242230226953,1.1231990316260123,0.723225191396683,9
912,2018-09-27,1.4729045904838043,1.1306378143318734,0.3422667761519309,9
913,2018-09-28,1.3229026140785252,1.1380765970377344,0.1848260170407907,9
914,2018-09-29,1.1380765970377344,1.1862815640137532,0.0,9
915,2018-09-30,5.438053482143891,1.2344865309897717,4.203566951154119,9
916,2018-10-01,4.484383188583627,1.2826914979657904,3.201691690617837,10
917,2018-10-02,4.021624054832954,1.330896464941809,2.6907275898911456,10
918,2018-10-03,4.534263830275507,1.3791014319178276,3.1551623983576795,10
919,2018-10-04,3.0796450170387786,1.4273063988938461,1.6523386181449324,10
920,2018-10-05,2.150731758924344,1.4755113658698649,0.6752203930544793,10
921,2018-10-06,1.7935763604152626,1.5237163328458836,0.269860027569379,10
922,2018-10-07,1.6201262667979208,1.571921299821902,0.048204966976018726,10
923,2018-10-08,3.9113801119699163,1.6201262667979208,2.2912538451719957,10
924,2018-10-09,4.553165583252309,1.6612684135017883,2.8918971697505205,10
925,2018-10-10,13.268558623544271,1.7024105602056558,11.566148063338614,10
926,2018-10-11,11.053521469382554,1.7435527069095234,9.30996876247303,10
927,2018-10-12,3.649434771089874,1.7846948536133909,1.8647399174764832,10
928,2018-10-13,2.4674868094292126,1.8258370003172582,0.6416498091119545,10
929,2018-10-14,2.0545750690741236,1.8669791470211257,0.1875959220529979,10
930,2018-10-15,1.7154925724188588,1.9081212937249932,0.0,10
931,2018-10-16,2.0315477338365957,1.9492634404288607,0.08228429340773502,10
932,2018-10-17,3.104018323367954,1.9904055871327282,1.113612736235226,10
933,2018-10-18,3.6677066204943714,2.0315477338365957,1.6361588866577756,10
934,2018-10-19,19.174126597344795,2.0233901169225215,17.150736480422275,10
935,2018-10-20,12.958244182625691,2.0152325000084472,10.943011682617243,10
936,2018-10-21,7.980541604700915,2.0070748830943734,5.973466721606542,10
937,2018-10-22,8.189812022089264,1.9989172661802992,6.190894755908964,10
938,2018-10-23,5.165826650482048,1.990759649266225,3.175067001215823,10
939,2018-10-24,3.414543049246884,1.982602032352151,1.431941016894733,10
940,2018-10-25,2.702437071568935,1.9744444154380767,0.7279926561308583,10
941,2018-10-26,2.5910168891547873,1.9662867985240027,0.6247300906307847,10
942,2018-10-27,2.4492057410220736,1.9581291816099284,0.4910765594121451,10
943,2018-10-28,2.8506895210304672,1.9499715646958544,0.9007179563346128,10
944,2018-10-29,2.5242859657860146,1.9418139477817802,0.5824720180042344,10
945,2018-10-30,4.827940396237945,1.9336563308677062,2.8942840653702384,10
946,2018-10-31,2.5338932767664093,1.925498713953632,0.6083945628127774,10
947,2018-11-01,1.9091834801254837,1.917341097039558,0.0,11
948,2018-11-02,3.330352697659202,1.9091834801254837,1.4211692175337183,11
949,2018-11-03,2.8851674109704075,2.100980518226393,0.7841868927440143,11
950,2018-11-04,1.9940041003890254,2.2927775563273025,0.0,11
951,2018-11-05,46.33712408771239,2.484574594428212,43.85254949328418,11
952,2018-11-06,10.78912452960913,2.676371632529121,8.112752897080007,11
953,2018-11-07,54.72706071263776,2.868168670630031,51.858892042007724,11
954,2018-11-08,13.482200348993256,3.05996570873094,10.422234640262316,11
955,2018-11-09,9.312877895367318,3.25176274683185,6.061115148535468,11
956,2018-11-10,5.68466616073714,3.4435597849327593,2.2411063758043808,11
957,2018-11-11,4.5964353920262635,3.6353568230336686,0.9610785689925949,11
958,2018-11-12,4.046381755114958,3.827153861134578,0.21922789398038045,11
959,2018-11-13,3.827153861134578,3.6948646738183233,0.1322891873162546,11
960,2018-11-14,4.20486904058994,3.5625754865020682,0.6422935540878716,11
961,2018-11-15,8.372514770021283,3.4302862991858136,4.942228470835469,11
962,2018-11-16,4.332211528649578,3.297997111869559,1.0342144167800194,11
963,2018-11-17,4.824568934181323,3.1657079245533044,1.6588610096280183,11
964,2018-11-18,3.513097515634812,3.0334187372370494,0.4796787783977625,11
965,2018-11-19,2.966093511024873,2.9011295499207947,0.0649639611040782,11
966,2018-11-20,3.0013378091432554,2.76884036260454,0.2324974465387153,11
967,2018-11-21,2.5042619879720305,2.636551175288285,0.0,11
968,2018-11-22,2.6615697477036844,2.5042619879720305,0.1573077597316539,11
969,2018-11-23,3.0992342944423146,2.454299962843755,0.6449343315985594,11
970,2018-11-24,3.0188372439271793,2.4043379377154794,0.6144993062116999,11
971,2018-11-25,2.6427543729219813,2.354375912587204,0.2883784603347772,11
972,2018-11-26,3.2080143295794876,2.304413887458929,0.9036004421205588,11
973,2018-11-27,3.262551548000361,2.2544518623306535,1.0080996856697073,11
974,2018-11-28,2.502272002065636,2.204489837202378,0.29778216486325837,11
975,2018-11-29,2.3121546266725135,2.1545278120741025,0.157626814598411,11
976,2018-11-30,2.21727056529058,2.104565786945827,0.11270477834475301,11
977,2018-12-01,2.3926740231616663,2.0546037618175514,0.3380702613441149,12
978,2018-12-02,2.004641736689276,2.004641736689276,0.0,12
979,2018-12-03,2.059275747709428,2.443172103347018,0.0,12
980,2018-12-04,4.127628623917114,2.8817024700047598,1.2459261539123543,12
981,2018-12-05,6.919311595305405,3.320232836662502,3.5990787586429036,12
982,2018-12-06,7.9006068294516325,3.7587632033202434,4.141843626131389,12
983,2018-12-07,6.238126821885733,4.197293569977985,2.040833251907748,12
984,2018-12-08,15.811092643505463,4.6358239366357274,11.175268706869735,12
985,2018-12-09,31.16571447702485,5.074354303293469,26.09136017373138,12
986,2018-12-10,124.63312604201423,5.512884669951211,119.12024137206302,12
987,2018-12-11,49.62738695622675,5.951415036608953,43.675971919617794,12
988,2018-12-12,33.37302756452055,6.389945403266695,26.983082161253854,12
989,2018-12-13,11.293667638698116,6.828475769924436,4.46519186877368,12
990,2018-12-14,8.789642724122876,7.267006136582179,1.5226365875406973,12
991,2018-12-15,10.49188730635428,7.70553650323992,2.7863508031143605,12
992,2018-12-16,10.748641642708693,8.144066869897662,2.6045747728110307,12
993,2018-12-17,8.582597236555404,8.582597236555404,0.0,12
994,2018-12-18,10.331238212896336,8.707788995103053,1.6234492177932829,12
995,2018-12-19,9.807426991364085,8.832980753650704,0.9744462377133818,12
996,2018-12-20,10.563424151550757,8.958172512198352,1.6052516393524048,12
997,2018-12-21,9.850908721653035,9.083364270746003,0.7675444509070317,12
998,2018-12-22,11.601684869390073,9.208556029293652,2.3931288400964217,12
999,2018-12-23,14.437310810661367,9.3337477878413,5.103563022820067,12
1000,2018-12-24,13.703771709430322,9.458939546388951,4.244832163041371,12
1001,2018-12-25,14.46991725976551,9.5841313049366,4.8857859548289095,12
1002,2018-12-26,14.63679020926016,9.70932306348425,4.9274671457759105,12
1003,2018-12-27,13.125169599937296,9.834514822031899,3.290654777905397,12
1004,2018-12-28,17.629514192473764,9.95970658057955,7.669807611894214,12
1005,2018-12-29,18.22964677077052,10.084898339127198,8.14474843164332,12
1006,2018-12-30,12.492949364403442,10.210090097674847,2.282859266728595,12
1007,2018-12-31,10.460473614770146,10.335281856222498,0.12519175854764875,12
1008,2019-01-01,11.050699862677112,10.460473614770146,0.5902262479069655,1
1009,2019-01-02,17.62189463676216,10.21750737649534,7.404387260266821,1
1010,2019-01-03,11.843509504940815,9.974541138220532,1.8689683667202832,1
1011,2019-01-04,10.18417485515954,9.731574899945725,0.4525999552138149,1
1012,2019-01-05,10.287561817516718,9.488608661670918,0.7989531558457994,1
1013,2019-01-06,9.818145358529295,9.245642423396111,0.5725029351331834,1
1014,2019-01-07,27.986844809207255,9.002676185121304,18.984168624085953,1
1015,2019-01-08,20.449823810828885,8.759709946846497,11.690113863982388,1
1016,2019-01-09,10.977648119936001,8.51674370857169,2.460904411364311,1
1017,2019-01-10,9.793898862129232,8.273777470296883,1.5201213918323493,1
1018,2019-01-11,7.8960037642292225,8.030811232022076,0.0,1
1019,2019-01-12,12.97830032028206,7.787844993747269,5.19045532653479,1
1020,2019-01-13,11.896109341306065,7.544878755472461,4.351230585833604,1
1021,2019-01-14,7.4711015447104545,7.301912517197654,0.1691890275128003,1
1022,2019-01-15,11.52162267277841,7.058946278922847,4.4626763938555625,1
1023,2019-01-16,9.681858141853626,6.81598004064804,2.8658781012055856,1
1024,2019-01-17,6.695633571362126,6.573013802373233,0.12261976898889237,1
1025,2019-01-18,7.826342550996873,6.330047564098426,1.4962949868984472,1
1026,2019-01-19,5.601148849274005,6.087081325823619,0.0,1
1027,2019-01-20,8.97036375059893,5.844115087548812,3.1262486630501174,1
1028,2019-01-21,5.995090731084607,5.601148849274005,0.3939418818106022,1
1029,2019-01-22,6.103145794160461,5.706787839794325,0.3963579543661364,1
1030,2019-01-23,6.1067306952384,5.812426830314646,0.29430386492375415,1
1031,2019-01-24,6.129343801875606,5.918065820834966,0.21127798104064066,1
1032,2019-01-25,12.93840993643388,6.0237048113552865,6.914705125078593,1
1033,2019-01-26,10.102010898309905,6.129343801875606,3.9726670964342983,1
1034,2019-01-27,16.19046033943784,6.062880574052449,10.127579765385391,1
1035,2019-01-28,9.59844897328778,5.996417346229291,3.60203162705849,1
1036,2019-01-29,6.4462648672326806,5.929954118406133,0.5163107488265473,1
1037,2019-01-30,6.937145905302171,5.863490890582975,1.073655014719196,1
1038,2019-01-31,6.407507452453229,5.797027662759818,0.6104797896934118,1
1039,2019-02-01,5.797027662759818,5.572378589774975,0.2246490729848425,2
1040,2019-02-02,5.887242289435678,5.347729516790133,0.5395127726455451,2
1041,2019-02-03,11.3356342654477,5.123080443805289,6.212553821642411,2
1042,2019-02-04,38.88647250542781,4.898431370820447,33.988041134607364,2
1043,2019-02-05,12.732795833044449,4.673782297835604,8.059013535208845,2
1044,2019-02-06,6.405736506936255,4.449133224850762,1.956603282085493,2
1045,2019-02-07,4.3808861140838005,4.224484151865919,0.15640196221788116,2
1046,2019-02-08,3.722409700573404,3.9998350788810764,0.0,2
1047,2019-02-09,5.3311442179301105,3.775186005896234,1.5559582120338766,2
1048,2019-02-10,6.044085549104214,3.550536932911391,2.4935486161928226,2
1049,2019-02-11,13.637960917314997,3.3258878599265485,10.31207305738845,2
1050,2019-02-12,6.40758471085681,3.101238786941706,3.306345923915104,2
1051,2019-02-13,4.501491315059328,2.876589713956863,1.6249016011024646,2
1052,2019-02-14,3.420222080263621,2.6519406409720205,0.7682814392916004,2
1053,2019-02-15,2.4272915679871776,2.4272915679871776,0.0,2
1054,2019-02-16,3.924121686123325,2.416858757581618,1.507262928541707,2
1055,2019-02-17,6.364193079890673,2.4064259471760585,3.9577671327146144,2
1056,2019-02-18,4.466879107225246,2.3959931367704987,2.0708859704547473,2
1057,2019-02-19,2.3751275159593797,2.3855603263649394,0.0,2
1058,2019-02-20,4.090816746503081,2.3751275159593797,1.7156892305437013,2
1059,2019-02-21,10.527793607174724,2.3751275159593797,8.152666091215345,2
1060,2019-02-22,43.545153732323605,2.3751275159593797,41.17002621636423,2
1061,2019-02-23,85.2398587093611,2.3751275159593797,82.86473119340172,2
1062,2019-02-24,20.455064815725446,2.3751275159593797,18.079937299766065,2
1063,2019-02-25,96.436357348285,2.3751275159593797,94.06122983232562,2
1064,2019-02-26,54.21988769145729,2.3751275159593797,51.84476017549791,2
1065,2019-02-27,40.018645611442736,2.3751275159593797,37.64351809548336,2
1066,2019-02-28,15.888905026295053,2.3751275159593797,13.513777510335673,2
1067,2019-03-01,7.4807860570004046,2.3751275159593797,5.105658541041025,3
1068,2019-03-02,6.762183481929227,2.3751275159593797,4.3870559659698465,3
1069,2019-03-03,6.528103866400183,2.3751275159593797,4.152976350440804,3
1070,2019-03-04,9.245045653047438,2.3751275159593797,6.869918137088058,3
1071,2019-03-05,4.805636668715538,2.3751275159593797,2.430509152756158,3
1072,2019-03-06,11.759538791341697,2.3751275159593797,9.384411275382318,3
1073,2019-03-07,4.81965864709416,2.3751275159593797,2.4445311311347804,3
1074,2019-03-08,4.402629039576885,2.3751275159593797,2.0275015236175054,3
1075,2019-03-09,3.5561373965785563,2.3751275159593797,1.1810098806191767,3
1076,2019-03-10,2.0014624972715636,2.3751275159593797,0.0,3
1077,2019-03-11,16.264928653494742,2.3751275159593797,13.889801137535363,3
1078,2019-03-12,5.98452323689959,2.3751275159593797,3.6093957209402103,3
1079,2019-03-13,10.165973997752392,2.3751275159593797,7.790846481793013,3
1080,2019-03-14,9.373938581524346,2.3751275159593797,6.998811065564967,3
